name,artist,genre,popularity,releaseDate,releaseYear,releaseMonth,timePeriod,energy,danceability,loudness,liveness,valence,speechiness,instrumentalness,acousticness,tempo,timeSignature,mode,key,durationMin,popularityGroup
Die With A Smile,"Lady Gaga, Bruno Mars",pop,100,2024-08-16,2024,8,2020s,0.592,0.521,-7.777,0.122,0.535,0.0304,0.0,0.308,157.969,3,0,6,4.19,High popularity
BIRDS OF A FEATHER,Billie Eilish,pop,97,2024-05-17,2024,5,2020s,0.507,0.747,-10.171,0.117,0.438,0.0358,0.0608,0.2,104.978,4,1,2,3.51,High popularity
That’s So True,Gracie Abrams,pop,93,2024-10-18,2024,10,2020s,0.808,0.554,-4.169,0.159,0.372,0.0368,0.0,0.214,108.548,4,1,1,2.77,High popularity
Taste,Sabrina Carpenter,pop,81,2024-08-23,2024,8,2020s,0.91,0.67,-4.07,0.304,0.786,0.0634,0.0,0.0939,112.966,4,0,0,2.62,High popularity
APT.,"ROSÉ, Bruno Mars",pop,98,2024-10-18,2024,10,2020s,0.783,0.777,-4.477,0.355,0.939,0.26,0.0,0.0283,149.027,4,0,0,2.83,High popularity
"Good Luck, Babe!",Chappell Roan,pop,94,2024-04-05,2024,4,2020s,0.582,0.7,-5.96,0.0881,0.785,0.0356,0.0,0.0502,116.712,4,0,11,3.64,High popularity
Diet Pepsi,Addison Rae,pop,88,2024-08-09,2024,8,2020s,0.561,0.669,-6.538,0.0954,0.841,0.0411,0.00962,0.495,150.069,4,1,10,2.83,High popularity
WILDFLOWER,Billie Eilish,pop,93,2024-05-17,2024,5,2020s,0.247,0.467,-12.002,0.17,0.126,0.0431,0.000271,0.612,148.101,4,0,6,4.36,High popularity
Sailor Song,Gigi Perez,pop,71,2024-07-26,2024,7,2020s,0.416,0.492,-10.439,0.203,0.297,0.0254,8.61e-05,0.686,94.926,4,1,11,3.53,High popularity
Timeless (with Playboi Carti),"The Weeknd, Playboi Carti",pop,92,2024-09-27,2024,9,2020s,0.722,0.769,-5.485,0.111,0.57,0.0507,2.56e-06,0.0584,119.973,4,0,11,4.27,High popularity
Guess featuring billie eilish,"Charli xcx, Billie Eilish",pop,85,2024-08-01,2024,8,2020s,0.667,0.776,-6.622,0.0761,0.618,0.0983,0.3,0.0146,130.019,4,1,7,2.42,High popularity
Please Please Please,Sabrina Carpenter,pop,88,2024-06-06,2024,6,2020s,0.586,0.669,-6.073,0.104,0.579,0.054,0.0,0.274,107.071,4,1,9,3.11,High popularity
2 hands,Tate McRae,pop,79,2024-11-14,2024,11,2020s,0.806,0.608,-3.443,0.191,0.587,0.0486,0.0,0.121,104.032,4,1,1,3.03,High popularity
A Bar Song (Tipsy),Shaboozey,pop,86,2024-04-12,2024,4,2020s,0.709,0.722,-4.95,0.0804,0.604,0.0273,0.0,0.0633,81.012,4,1,9,2.85,High popularity
HOT TO GO!,Chappell Roan,pop,88,2023-09-22,2023,9,2020s,0.757,0.742,-4.981,0.305,0.957,0.0421,0.0,0.0187,139.982,4,1,6,3.08,High popularity
Disease,Lady Gaga,pop,86,2024-10-25,2024,10,2020s,0.917,0.562,-2.768,0.488,0.501,0.117,0.0,0.0513,100.987,4,0,11,3.83,High popularity
Moonlit Floor (Kiss Me),LISA,pop,82,2024-10-08,2024,10,2020s,0.787,0.734,-3.951,0.312,0.672,0.116,0.0,0.126,109.939,4,0,5,2.6,High popularity
Love Somebody,Morgan Wallen,pop,86,2024-10-18,2024,10,2020s,0.843,0.619,-5.348,0.164,0.746,0.0284,0.000118,0.00948,122.064,4,0,5,3.41,High popularity
"I Love You, I'm Sorry",Gracie Abrams,pop,90,2024-06-21,2024,6,2020s,0.406,0.53,-7.507,0.133,0.338,0.033,0.0,0.656,115.94,3,1,10,2.62,High popularity
Move,"Adam Port, Stryv, Keinemusik, Orso, Malachiii",pop,86,2024-06-07,2024,6,2020s,0.782,0.727,-8.529,0.225,0.655,0.042,0.336,0.0563,119.992,4,0,8,2.96,High popularity
"Sticky (feat. GloRilla, Sexyy Red & Lil Wayne)","Tyler, The Creator, GloRilla, Sexyy Red, Lil Wayne",pop,88,2024-10-28,2024,10,2020s,0.812,0.505,-3.986,0.444,0.664,0.461,0.0,0.285,80.09,4,1,1,4.27,High popularity
Espresso,Sabrina Carpenter,pop,90,2024-04-12,2024,4,2020s,0.76,0.701,-5.478,0.185,0.69,0.0285,6.54e-05,0.107,103.969,4,1,0,2.92,High popularity
Mantra,JENNIE,pop,89,2024-10-10,2024,10,2020s,0.725,0.894,-4.984,0.0815,0.838,0.0432,1.15e-05,0.00434,116.988,4,0,10,2.28,High popularity
Qué Pasaría...,"Rauw Alejandro, Bad Bunny",pop,82,2024-11-15,2024,11,2020s,0.563,0.833,-5.593,0.139,0.343,0.204,1.27e-05,0.528,105.008,4,0,4,3.05,High popularity
NEW DROP,Don Toliver,pop,85,2024-06-14,2024,6,2020s,0.628,0.757,-6.715,0.221,0.321,0.101,0.0209,0.189,119.98,4,0,4,3.62,High popularity
I Had Some Help (Feat. Morgan Wallen),"Post Malone, Morgan Wallen",pop,84,2024-05-10,2024,5,2020s,0.855,0.638,-4.86,0.245,0.731,0.0264,0.0,0.00757,127.986,4,1,7,2.97,High popularity
Too Sweet,Hozier,pop,77,2024-03-22,2024,3,2020s,0.62,0.741,-5.505,0.0398,0.934,0.0412,0.000809,0.0295,117.038,4,1,10,4.19,High popularity
No One Noticed,The Marías,pop,84,2024-05-31,2024,5,2020s,0.339,0.705,-10.612,0.12,0.457,0.0278,0.0814,0.552,97.989,4,1,7,3.95,High popularity
Tu Boda,"Oscar Maydon, Fuerza Regida",pop,93,2024-09-26,2024,9,2020s,0.651,0.694,-6.968,0.0787,0.471,0.0784,1.36e-05,0.496,112.648,3,1,6,3.76,High popularity
Stargazing,Myles Smith,pop,88,2024-05-10,2024,5,2020s,0.601,0.635,-6.129,0.11,0.332,0.0295,0.0,0.246,123.994,4,0,1,2.88,High popularity
WHATCHU KNO ABOUT ME (with Sexyy Red),"GloRilla, Sexyy Red",pop,70,2024-10-10,2024,10,2020s,0.691,0.836,-4.222,0.282,0.703,0.363,0.0,0.00586,167.029,4,1,1,2.49,High popularity
we can't be friends (wait for your love),Ariana Grande,pop,81,2024-03-08,2024,3,2020s,0.646,0.645,-8.334,0.074,0.295,0.0427,3.04e-05,0.0615,115.842,4,1,5,3.81,High popularity
Beautiful Things,Benson Boone,pop,85,2024-01-18,2024,1,2020s,0.471,0.472,-5.692,0.14,0.219,0.0603,0.0,0.151,105.029,3,1,10,3.01,High popularity
DEGENERE 👑 (feat. benny blanco),"Myke Towers, benny blanco",pop,84,2024-10-17,2024,10,2020s,0.709,0.744,-5.778,0.0847,0.712,0.284,0.0,0.0501,194.055,4,0,6,2.18,High popularity
Touch,KATSEYE,pop,85,2024-07-26,2024,7,2020s,0.904,0.739,-2.655,0.0948,0.788,0.0442,1.03e-05,0.549,167.033,4,0,5,2.16,High popularity
Lose Control,Teddy Swims,pop,89,2023-09-15,2023,9,2020s,0.604,0.561,-4.409,0.104,0.242,0.0337,1.9e-05,0.199,159.92,3,1,9,3.51,High popularity
Belong Together,Mark Ambor,pop,82,2024-02-16,2024,2,2020s,0.668,0.646,-5.203,0.212,0.64,0.0282,0.0,0.491,90.969,4,1,2,2.47,High popularity
Si Antes Te Hubiera Conocido,KAROL G,pop,93,2024-06-21,2024,6,2020s,0.668,0.924,-6.795,0.0678,0.787,0.0469,0.000594,0.446,128.027,4,1,11,3.26,High popularity
End of Beginning,Djo,pop,89,2022-09-16,2022,9,2020s,0.454,0.689,-7.643,0.0707,0.912,0.0584,0.00259,0.0351,159.982,4,1,2,2.65,High popularity
Fortnight (feat. Post Malone),"Taylor Swift, Post Malone",pop,84,2024-04-18,2024,4,2020s,0.386,0.504,-10.976,0.0961,0.281,0.0308,1.53e-05,0.502,192.004,4,1,11,3.82,High popularity
Q U E V A S H A C E R H O Y ?,"Omar Courtz, De La Rose",pop,89,2024-09-20,2024,9,2020s,0.681,0.56,-6.304,0.106,0.388,0.244,0.0,0.103,155.079,4,0,6,3.72,High popularity
Not Like Us,Kendrick Lamar,pop,88,2024-05-04,2024,5,2020s,0.472,0.898,-7.001,0.141,0.214,0.0776,0.0,0.0107,101.061,4,1,1,4.57,High popularity
Running Wild,Jin,pop,85,2024-11-15,2024,11,2020s,0.711,0.487,-4.22,0.152,0.317,0.0322,0.0,0.000175,146.921,4,1,8,2.53,High popularity
+57,"KAROL G, Feid, DFZM, Ovy On The Drums, J Balvin, Maluma, Ryan Castro, Blessd",pop,84,2024-11-08,2024,11,2020s,0.712,0.848,-3.574,0.106,0.692,0.0981,0.0,0.221,91.98,4,0,1,4.97,High popularity
Embrace It,Ndotz,pop,87,2024-08-23,2024,8,2020s,0.645,0.882,-7.233,0.057,0.788,0.0601,4.13e-05,0.475,114.933,4,1,1,1.74,High popularity
The Emptiness Machine,Linkin Park,pop,89,2024-09-05,2024,9,2020s,0.872,0.466,-3.344,0.121,0.806,0.0336,0.0,0.0156,184.115,4,1,7,3.17,High popularity
Who,Jimin,pop,92,2024-07-19,2024,7,2020s,0.756,0.66,-3.743,0.193,0.838,0.032,0.0,0.00289,116.034,4,0,0,2.85,High popularity
Hotel California - 2013 Remaster,Eagles,rock,81,1976-12-08,1976,12,pre-1980,0.508,0.579,-9.484,0.0575,0.609,0.027,0.000494,0.00574,147.125,4,1,2,6.52,High popularity
Thunderstruck,AC/DC,rock,83,1990-09-24,1990,9,1990s,0.89,0.502,-5.175,0.217,0.259,0.0364,0.0117,0.000147,133.52,4,1,4,4.88,High popularity
Seven Nation Army,The White Stripes,rock,82,2003-04-01,2003,4,2000s,0.446,0.743,-7.807,0.337,0.278,0.0683,0.118,0.0039,123.596,4,0,4,3.87,High popularity
Creep,Radiohead,rock,86,1993-02-22,1993,2,1990s,0.43,0.515,-9.935,0.129,0.104,0.0372,0.000133,0.0097,91.844,4,1,7,3.98,High popularity
Come As You Are,Nirvana,rock,76,1991-09-26,1991,9,1990s,0.824,0.5,-5.846,0.0916,0.539,0.0388,0.00161,0.00016,120.125,4,0,4,3.65,High popularity
Californication,Red Hot Chili Peppers,rock,81,1999-06-08,1999,6,1990s,0.767,0.592,-2.788,0.127,0.328,0.027,0.00165,0.0021,96.483,4,0,9,5.5,High popularity
Sweet Child O' Mine,Guns N' Roses,rock,84,1987-07-21,1987,7,1980s,0.952,0.445,-5.321,0.112,0.624,0.0522,0.0843,0.09,125.304,4,1,6,5.93,High popularity
"Paint It, Black",The Rolling Stones,rock,81,1966-04-15,1966,4,pre-1980,0.795,0.464,-9.267,0.399,0.612,0.0926,0.00244,0.0493,158.691,4,1,1,3.37,High popularity
Dreams - 2004 Remaster,Fleetwood Mac,rock,84,1977-02-04,1977,2,pre-1980,0.492,0.828,-9.744,0.128,0.789,0.0276,0.00428,0.0644,120.151,4,1,0,4.3,High popularity
Everlong,Foo Fighters,rock,81,1997-05-20,1997,5,1990s,0.881,0.413,-5.541,0.0805,0.364,0.0367,0.000308,5.99e-05,158.066,4,0,11,4.18,High popularity
I Love Rock 'N Roll,Joan Jett & the Blackhearts,rock,77,1981-11-18,1981,11,1980s,0.716,0.535,-5.025,0.659,0.901,0.0431,0.0,0.326,94.379,4,1,4,2.92,High popularity
"Another Brick in the Wall, Pt. 2",Pink Floyd,rock,74,1979-11-30,1979,11,pre-1980,0.394,0.693,-15.882,0.247,0.721,0.0428,0.000694,0.0782,104.114,4,1,0,3.98,High popularity
Runaway,Bon Jovi,rock,72,1984-01-23,1984,1,1980s,0.899,0.475,-4.321,0.14,0.603,0.0637,1.91e-05,0.00375,152.445,4,0,9,3.84,High popularity
Basket Case,Green Day,rock,80,1994-02-01,1994,2,1990s,0.943,0.442,-3.205,0.091,0.781,0.0602,8.71e-06,0.00293,85.064,4,1,3,3.03,High popularity
Under the Bridge,Red Hot Chili Peppers,rock,82,1991-09-24,1991,9,1990s,0.345,0.559,-13.496,0.141,0.458,0.0459,0.000105,0.0576,84.581,4,1,4,4.41,High popularity
White Wedding - Pt. 1,Billy Idol,rock,70,1982-01-01,1982,1,1980s,0.814,0.673,-5.411,0.343,0.728,0.0367,0.00293,0.0134,147.193,4,1,9,4.2,High popularity
You Shook Me All Night Long,AC/DC,rock,81,1980-07-25,1980,7,1980s,0.767,0.532,-5.509,0.39,0.755,0.0574,0.000513,0.00287,127.361,4,1,7,3.5,High popularity
(I Can't Get No) Satisfaction - Mono Version,The Rolling Stones,rock,76,1965-07-30,1965,7,pre-1980,0.863,0.723,-7.89,0.128,0.931,0.0338,0.0317,0.0383,136.302,4,1,2,3.71,High popularity
Starman - 2012 Remaster,David Bowie,rock,76,1972-06-06,1972,6,pre-1980,0.449,0.486,-10.298,0.54,0.549,0.0267,2.23e-06,0.166,100.456,4,1,5,4.24,High popularity
Whole Lotta Love - 1990 Remaster,Led Zeppelin,rock,72,1969-10-22,1969,10,pre-1980,0.902,0.412,-11.6,0.405,0.422,0.405,0.131,0.0484,89.74,4,1,9,5.56,High popularity
Riders on the Storm,The Doors,rock,70,1971-04-19,1971,4,pre-1980,0.722,0.55,-11.729,0.11,0.716,0.0283,0.0129,0.25,103.886,4,0,11,7.25,High popularity
Even Flow,Pearl Jam,rock,77,1991-08-27,1991,8,1990s,0.944,0.394,-6.506,0.298,0.265,0.0761,4.54e-06,0.00178,105.338,4,0,10,4.88,High popularity
Born in the U.S.A.,Bruce Springsteen,rock,72,1984-06-04,1984,6,1980s,0.952,0.398,-6.042,0.1,0.584,0.061,7.75e-05,0.000373,122.093,4,1,4,4.64,High popularity
Bitter Sweet Symphony - Remastered 2016,The Verve,rock,79,1997-09-29,1997,9,1990s,0.917,0.356,-6.006,0.406,0.518,0.0479,0.0,0.0335,171.176,4,1,9,5.95,High popularity
Don't Cry (Original),Guns N' Roses,rock,75,1991-09-17,1991,9,1990s,0.589,0.455,-8.64,0.104,0.254,0.0328,0.00358,0.00184,124.634,4,1,11,4.73,High popularity
All Along the Watchtower,Jimi Hendrix,rock,72,1968-10-25,1968,10,pre-1980,0.805,0.438,-6.237,0.0842,0.564,0.0624,5.69e-05,0.00255,113.253,4,1,8,4.01,High popularity
In The Air Tonight - 2015 Remastered,Phil Collins,rock,76,1981-01-01,1981,1,1980s,0.239,0.446,-13.945,0.0697,0.298,0.0316,4.1e-06,0.551,189.507,4,1,0,5.61,High popularity
Psycho Killer - 2005 Remaster,Talking Heads,rock,76,1977-09-16,1977,9,pre-1980,0.521,0.721,-8.123,0.127,0.942,0.0613,0.00545,0.0708,123.118,4,1,2,4.36,High popularity
Are You Gonna Go My Way,Lenny Kravitz,rock,71,1993-03-09,1993,3,1990s,0.67,0.619,-10.322,0.331,0.777,0.0353,0.0109,0.00165,129.269,4,0,11,3.53,High popularity
Master of Puppets (Remastered),Metallica,rock,70,1986-03-03,1986,3,1980s,0.828,0.539,-9.108,0.154,0.562,0.035,0.421,0.00067,105.25,4,0,4,8.59,High popularity
Everywhere - 2017 Remaster,Fleetwood Mac,rock,79,1987-04-13,1987,4,1980s,0.487,0.73,-10.991,0.0852,0.731,0.0303,0.01,0.258,114.965,4,1,4,3.78,High popularity
Have You Ever Seen The Rain,Creedence Clearwater Revival,rock,84,1970-12-07,1970,12,pre-1980,0.697,0.741,-7.028,0.133,0.774,0.0277,2.28e-05,0.0664,116.109,4,1,0,2.67,High popularity
Just What I Needed,The Cars,rock,69,1978-06-06,1978,6,pre-1980,0.579,0.62,-9.307,0.0858,0.691,0.0473,6.4e-05,0.0152,127.215,4,1,4,3.76,Medium popularity
Smells Like Teen Spirit,Nirvana,rock,76,1991-09-26,1991,9,1990s,0.912,0.502,-4.556,0.106,0.72,0.0564,0.000173,2.55e-05,116.761,4,1,1,5.03,High popularity
Come Together - Remastered 2009,The Beatles,rock,75,1969-09-26,1969,9,pre-1980,0.376,0.53,-11.913,0.0926,0.188,0.04,0.247,0.0304,164.775,4,0,9,4.33,High popularity
Song 2 - 2012 Remaster,Blur,rock,78,1997-02-10,1997,2,1990s,0.789,0.674,-6.903,0.0753,0.918,0.0676,0.00708,0.00178,129.802,4,1,8,2.02,High popularity
Where Is My Mind? - 2007 Remaster,Pixies,rock,76,1988-03-21,1988,3,1980s,0.441,0.519,-14.178,0.076,0.25,0.0353,0.000453,0.0204,81.334,4,1,4,3.92,High popularity
Another One Bites The Dust - Remastered 2011,Queen,rock,71,1980-06-27,1980,6,1980s,0.528,0.932,-6.472,0.163,0.757,0.161,0.329,0.115,109.975,4,0,5,3.58,High popularity
Uprising,Muse,rock,75,2009-09-10,2009,9,2000s,0.905,0.602,-4.046,0.117,0.411,0.0775,0.064,0.000202,128.019,4,1,2,5.08,High popularity
For What It's Worth,Buffalo Springfield,rock,76,1966-12-05,1966,12,pre-1980,0.519,0.653,-10.164,0.101,0.822,0.0497,0.0209,0.406,98.883,4,1,2,2.56,High popularity
You Really Got Me - 2015 Remaster,Van Halen,rock,68,1978-02-10,1978,2,pre-1980,0.946,0.454,-5.978,0.173,0.647,0.13,0.0,0.0223,138.18,4,0,1,2.6,Medium popularity
Black Hole Sun,Soundgarden,rock,76,1994-03-09,1994,3,1990s,0.828,0.35,-5.373,0.0774,0.147,0.041,0.000161,0.000217,105.435,4,1,6,5.31,High popularity
Black Magic Woman - Single Version,Santana,rock,70,1994-07-01,1994,7,1990s,0.349,0.489,-14.295,0.0866,0.622,0.0323,0.0789,0.676,124.348,4,0,2,3.27,High popularity
Fly Away,Lenny Kravitz,rock,73,1998-05-12,1998,5,1990s,0.872,0.587,-5.066,0.622,0.735,0.0484,0.0,0.018,159.925,4,1,7,3.69,High popularity
Message In A Bottle,The Police,rock,75,1979-10-02,1979,10,pre-1980,0.808,0.577,-7.04,0.221,0.869,0.039,1.33e-05,0.0338,151.008,4,0,1,4.84,High popularity
Back In Black,AC/DC,rock,83,1980-07-25,1980,7,1980s,0.7,0.31,-5.678,0.0828,0.763,0.047,0.00965,0.011,188.386,4,1,9,4.26,High popularity
Barracuda,Heart,rock,74,1977-05-14,1977,5,pre-1980,0.691,0.548,-13.553,0.144,0.667,0.0369,0.106,0.015,137.145,4,0,4,4.37,High popularity
"Rocket Man (I Think It's Going To Be A Long, Long Time)",Elton John,rock,79,1972-05-19,1972,5,pre-1980,0.532,0.601,-9.119,0.0925,0.342,0.0286,5.95e-06,0.433,136.576,4,1,10,4.69,High popularity
Heart-Shaped Box,Nirvana,rock,79,1993-09-21,1993,9,1990s,0.641,0.256,-10.283,0.0853,0.382,0.0552,0.0329,0.199,203.006,4,1,1,4.69,High popularity
Life in the Fast Lane - 2013 Remaster,Eagles,rock,68,1976-12-08,1976,12,pre-1980,0.755,0.667,-7.246,0.0523,0.883,0.069,6.94e-05,0.0966,109.535,4,1,9,4.77,Medium popularity
Africa,TOTO,rock,83,1982-04-08,1982,4,1980s,0.373,0.671,-18.064,0.0481,0.732,0.0323,8.01e-05,0.257,92.718,4,1,9,4.93,High popularity
Comfortably Numb,Pink Floyd,rock,71,1979-11-30,1979,11,pre-1980,0.366,0.472,-12.595,0.0837,0.171,0.0286,0.312,0.15,127.163,4,0,11,6.37,High popularity
Black Dog - Remaster,Led Zeppelin,rock,69,1971-11-08,1971,11,pre-1980,0.864,0.437,-7.842,0.242,0.749,0.0904,0.0314,0.396,81.394,4,0,4,4.92,Medium popularity
No One Knows,Queens of the Stone Age,rock,69,2002-01-01,2002,1,2000s,0.584,0.509,-4.907,0.384,0.685,0.057,9.96e-05,0.0368,170.411,4,1,0,4.65,Medium popularity
Loser,Beck,rock,69,1994-03-01,1994,3,1990s,0.611,0.654,-10.45,0.405,0.786,0.119,0.000178,0.0337,85.387,4,1,2,3.92,Medium popularity
Roxanne,The Police,rock,77,1978-11-02,1978,11,pre-1980,0.748,0.618,-8.905,0.0473,0.663,0.358,4.1e-06,0.0384,134.114,4,1,0,3.2,High popularity
My Sharona,The Knack,rock,69,1979-01-01,1979,1,pre-1980,0.7,0.586,-9.558,0.0318,0.897,0.0363,0.00125,0.0589,147.245,4,1,0,4.92,Medium popularity
Walk On the Wild Side,Lou Reed,rock,74,1972-12-01,1972,12,pre-1980,0.318,0.575,-16.729,0.0934,0.385,0.109,0.000202,0.683,104.522,4,1,0,4.24,High popularity
Highway to Hell,AC/DC,rock,84,1979-07-27,1979,7,pre-1980,0.913,0.574,-4.793,0.156,0.423,0.133,0.00158,0.061,115.728,4,0,6,3.47,High popularity
Alive,Pearl Jam,rock,73,1991-08-27,1991,8,1990s,0.875,0.284,-6.069,0.402,0.595,0.0422,0.000461,0.00752,75.009,4,0,11,5.68,High popularity
The Best,Tina Turner,rock,69,1989-09-13,1989,9,1980s,0.737,0.662,-9.54,0.119,0.744,0.0296,0.0191,0.108,103.867,4,1,0,5.5,Medium popularity
Give It Away,Red Hot Chili Peppers,rock,72,1991-09-24,1991,9,1990s,0.936,0.666,-9.919,0.153,0.776,0.0476,0.086,0.00244,91.577,4,1,7,4.72,High popularity
Good Riddance (Time of Your Life),Green Day,rock,79,1997-10-14,1997,10,1990s,0.432,0.475,-7.844,0.161,0.648,0.0302,0.0,0.183,94.605,4,1,7,2.56,High popularity
The Boys Of Summer,Don Henley,rock,73,1984-11-19,1984,11,1980s,0.549,0.516,-13.741,0.184,0.907,0.0373,0.00572,0.501,176.941,4,1,6,4.81,High popularity
Break on Through (To the Other Side),The Doors,rock,72,1967-01-04,1967,1,pre-1980,0.751,0.421,-9.584,0.17,0.789,0.0472,0.0,0.2,89.839,4,1,9,2.43,High popularity
Sabotage,Beastie Boys,rock,71,1994-05-23,1994,5,1990s,0.938,0.324,-7.332,0.0961,0.543,0.102,0.0321,0.032,168.131,4,0,6,2.97,High popularity
Pour Some Sugar On Me - Remastered 2017,Def Leppard,rock,72,1987-08-03,1987,8,1980s,0.953,0.267,-4.899,0.283,0.568,0.096,0.0,0.00211,84.989,4,0,1,4.46,High popularity
Learn to Fly,Foo Fighters,rock,73,1999-11-02,1999,11,1990s,0.919,0.465,-4.025,0.262,0.537,0.0408,2.07e-05,1.83e-05,135.997,4,1,4,3.92,High popularity
Hit Me With Your Best Shot,Pat Benatar,rock,70,1980-08-05,1980,8,1980s,0.58,0.741,-9.05,0.212,0.944,0.0304,3.61e-05,0.117,127.402,4,1,4,2.85,High popularity
Interstate Love Song - 2019 Remaster,Stone Temple Pilots,rock,72,1994-06-07,1994,6,1990s,0.927,0.215,-7.327,0.126,0.49,0.0452,0.00661,0.000273,170.814,4,1,9,3.25,High popularity
Wish You Were Here,Pink Floyd,rock,75,1975-09-12,1975,9,pre-1980,0.262,0.481,-15.73,0.832,0.375,0.0414,0.0114,0.735,122.861,4,1,7,5.58,High popularity
Free Fallin',Tom Petty,rock,75,1989-01-01,1989,1,1980s,0.449,0.623,-13.333,0.0613,0.573,0.0253,0.0,0.212,84.383,4,1,5,4.27,High popularity
No Rain,Blind Melon,rock,73,1992-01-01,1992,1,1990s,0.476,0.389,-9.342,0.255,0.566,0.0316,5.09e-05,0.619,148.117,4,1,9,3.62,High popularity
Panama - 2015 Remaster,Van Halen,rock,72,1984-01-04,1984,1,1980s,0.978,0.526,-5.436,0.0744,0.451,0.108,4.75e-05,0.00122,141.167,4,1,8,3.5,High popularity
Would? (2022 Remaster),Alice In Chains,rock,72,1992-09-29,1992,9,1990s,0.842,0.297,-7.457,0.0848,0.586,0.0488,9.1e-06,0.000286,100.127,4,1,6,3.45,High popularity
Born to Run,Bruce Springsteen,rock,70,1975-08-25,1975,8,pre-1980,0.944,0.27,-4.199,0.116,0.606,0.0975,2.05e-05,0.00501,146.347,4,1,4,4.5,High popularity
Unforgettable,Nat King Cole,jazz,69,1954-01-01,1954,1,pre-1980,0.182,0.349,-13.507,0.143,0.178,0.031,0.0152,0.92,136.094,3,1,5,3.2,Medium popularity
"Tchaikovsky: Swan Lake, Op. 20, Act 2: No. 10, Scene. Moderato","Pyotr Ilyich Tchaikovsky, André Previn, London Symphony Orchestra",classical,68,1976-01-01,1976,1,pre-1980,0.164,0.136,-18.756,0.109,0.071,0.0364,0.916,0.911,58.303,4,0,4,2.78,Medium popularity
"Sonata No. 14 ""Moonlight"" in C-Sharp Minor"", Op. 27 No. 2: I. Adagio sostenuto","Ludwig van Beethoven, Paul Lewis",classical,68,2007-09-25,2007,9,2000s,0.00527,0.184,-37.264,0.173,0.151,0.0432,0.887,0.995,170.612,3,0,1,5.26,Medium popularity
Experience,"Ludovico Einaudi, Daniel Hope, I Virtuosi Italiani",classical,75,2013-01-01,2013,1,2010s,0.449,0.447,-10.634,0.0697,0.036,0.0376,0.961,0.934,92.468,4,1,2,5.26,High popularity
HIM ALL ALONG,Gunna,hip-hop,76,2024-10-18,2024,10,2020s,0.507,0.872,-6.323,0.111,0.506,0.072,0.0,0.195,130.007,4,0,4,2.64,High popularity
Leave Me Alone,BigXthaPlug,hip-hop,71,2024-10-11,2024,10,2020s,0.802,0.835,-4.286,0.0882,0.374,0.243,7.33e-06,0.0311,128.085,4,1,7,2.4,High popularity
PLUTOSKI,Future,hip-hop,73,2024-09-20,2024,9,2020s,0.533,0.794,-8.206,0.207,0.15,0.0591,2.76e-05,0.14,120.011,4,1,9,2.98,High popularity
WHATCHU KNO ABOUT ME (feat. Sexyy Red),"GloRilla, Sexyy Red",hip-hop,78,2024-10-11,2024,10,2020s,0.684,0.832,-4.691,0.229,0.68,0.359,0.0,0.00449,166.976,4,1,1,2.49,High popularity
Insecurities,Lil Baby,hip-hop,70,2024-11-15,2024,11,2020s,0.642,0.65,-5.332,0.0855,0.186,0.04,0.0,0.00502,111.907,4,1,2,2.12,High popularity
Gang Baby,NLE Choppa,hip-hop,72,2024-09-27,2024,9,2020s,0.699,0.92,-6.635,0.0745,0.484,0.358,0.0,0.00768,129.054,4,1,11,2.3,High popularity
Help Me,Real Boston Richey,hip-hop,73,2024-05-31,2024,5,2020s,0.709,0.749,-6.385,0.329,0.564,0.259,0.0,0.155,78.53,4,1,6,3.02,High popularity
No Face,Drake,hip-hop,78,2024-08-31,2024,8,2020s,0.69,0.853,-5.858,0.0835,0.471,0.0647,0.0,0.0771,125.951,4,1,10,2.29,High popularity
LIL DEMON,Future,hip-hop,77,2024-09-20,2024,9,2020s,0.754,0.863,-5.851,0.0913,0.301,0.0611,0.0,0.00125,131.001,4,1,11,2.32,High popularity
2 Slippery (feat. BossMan Dlow),"Luh Tyler, BossMan Dlow",hip-hop,69,2024-08-22,2024,8,2020s,0.4,0.608,-9.519,0.119,0.089,0.32,0.000327,0.029,106.682,5,1,1,2.65,Medium popularity
Sorry Not Sorry,"Lil Yachty, Veeze",hip-hop,70,2024-08-16,2024,8,2020s,0.509,0.662,-9.159,0.266,0.549,0.322,0.0,0.247,157.94,4,1,1,2.28,High popularity
ALL RED,Playboi Carti,hip-hop,81,2024-09-13,2024,9,2020s,0.663,0.76,-4.763,0.305,0.209,0.0551,0.0,0.109,143.082,4,0,9,2.47,High popularity
I CAN’T LET GO,"Lil Tecca, Don Toliver",hip-hop,73,2024-09-20,2024,9,2020s,0.761,0.649,-4.204,0.207,0.313,0.152,0.0,0.00694,147.216,4,1,8,2.5,High popularity
Chill Bae,Lil Uzi Vert,hip-hop,76,2024-11-01,2024,11,2020s,0.663,0.672,-5.984,0.134,0.381,0.243,0.0,0.112,184.057,4,1,3,2.31,High popularity
2AM,BigXthaPlug,hip-hop,69,2024-10-11,2024,10,2020s,0.681,0.884,-5.839,0.277,0.324,0.149,0.0,0.0439,114.991,4,1,8,3.07,Medium popularity
It's Up (feat. Young Thug & 21 Savage),"Drake, Young Thug, 21 Savage",hip-hop,76,2024-08-30,2024,8,2020s,0.723,0.783,-4.881,0.159,0.294,0.135,0.0,0.0264,139.942,4,1,1,4.63,High popularity
The Viper,BabyChiefDoit,hip-hop,68,2024-09-20,2024,9,2020s,0.831,0.652,-5.972,0.269,0.648,0.264,0.0,0.0111,139.905,4,0,10,2.52,Medium popularity
Brokey,Latto,hip-hop,70,2024-08-09,2024,8,2020s,0.525,0.776,-6.723,0.108,0.467,0.137,0.0,0.0366,75.013,4,1,1,3.63,High popularity
25,Rod Wave,hip-hop,76,2024-10-11,2024,10,2020s,0.5,0.427,-8.269,0.127,0.269,0.141,0.0,0.286,63.925,5,1,0,3.0,High popularity
Or What,"NLE Choppa, 41, Kyle Richh",hip-hop,77,2024-09-06,2024,9,2020s,0.586,0.731,-7.564,0.0987,0.147,0.172,0.0,0.116,125.845,4,0,1,3.32,High popularity
Type Shit,"Future, Metro Boomin, Travis Scott, Playboi Carti",hip-hop,84,2024-03-22,2024,3,2020s,0.552,0.64,-5.679,0.119,0.112,0.129,0.0,0.0215,144.941,4,1,2,3.8,High popularity
Thought I Was Dead (feat. ScHoolboy Q & Santigold),"Tyler, The Creator, ScHoolboy Q, Santigold",hip-hop,85,2024-10-28,2024,10,2020s,0.859,0.77,-3.382,0.673,0.64,0.275,0.0,0.362,129.77,4,0,10,3.45,High popularity
FIELD TRIP,"¥$, Playboi Carti, Don Toliver, Kodak Black",hip-hop,72,2024-08-03,2024,8,2020s,0.685,0.731,-4.707,0.0865,0.458,0.12,0.0,0.054,121.991,4,0,11,2.79,High popularity
TEFLON DON,Future,hip-hop,74,2024-09-20,2024,9,2020s,0.578,0.916,-6.275,0.113,0.192,0.124,0.00402,0.00349,124.005,4,1,11,2.66,High popularity
Circadian Rhythm,Drake,hip-hop,79,2024-08-30,2024,8,2020s,0.574,0.694,-6.144,0.082,0.286,0.0483,0.0,0.193,146.007,4,0,1,2.11,High popularity
The Largest,BigXthaPlug,hip-hop,68,2024-08-09,2024,8,2020s,0.867,0.902,-3.108,0.142,0.799,0.225,0.0,0.0678,131.041,4,0,10,2.21,Medium popularity
Light Year (Practice),Lil Uzi Vert,hip-hop,73,2024-11-01,2024,11,2020s,0.692,0.637,-7.231,0.345,0.427,0.164,0.0,0.0153,140.203,4,0,1,2.74,High popularity
Blow for Blow (feat. J. Cole),"Tee Grizzley, J. Cole",hip-hop,69,2024-09-27,2024,9,2020s,0.478,0.675,-10.201,0.127,0.39,0.512,7.8e-06,0.0731,104.563,4,1,1,3.5,Medium popularity
Rah Tah Tah,"Tyler, The Creator",hip-hop,87,2024-10-28,2024,10,2020s,0.878,0.661,-4.099,0.381,0.514,0.31,0.0,0.00289,82.557,4,1,1,2.76,High popularity
Both Ways,Juice WRLD,hip-hop,73,2024-10-14,2024,10,2020s,0.396,0.726,-9.121,0.527,0.413,0.283,0.0,0.269,78.022,4,0,5,3.29,High popularity
NISSAN ALTIMA,Doechii,hip-hop,72,2024-08-30,2024,8,2020s,0.711,0.974,-5.206,0.0888,0.328,0.194,3.92e-05,0.0988,117.038,4,0,11,2.11,High popularity
Tailor Swif,A$AP Rocky,hip-hop,74,2024-08-30,2024,8,2020s,0.527,0.824,-5.506,0.368,0.212,0.118,0.0,0.149,77.499,4,1,8,2.59,High popularity
GEEK TIMË,Yeat,hip-hop,72,2024-10-18,2024,10,2020s,0.752,0.638,-6.227,0.17,0.242,0.0385,0.734,0.0066,158.042,4,0,1,2.84,High popularity
Many Men (Wish Death),50 Cent,hip-hop,71,2003-02-06,2003,2,2000s,0.826,0.654,-2.93,0.131,0.417,0.354,0.00146,0.0153,108.52,5,0,6,4.27,High popularity
BAND4BAND (feat. Lil Baby),"Central Cee, Lil Baby",hip-hop,81,2024-05-23,2024,5,2020s,0.764,0.882,-5.241,0.119,0.886,0.204,0.0,0.359,140.113,4,1,11,2.35,High popularity
"Bent (with Kyle Richh, Jenn Carter & TaTa)","41, Kyle Richh, Jenn Carter, TaTa",hip-hop,68,2023-11-17,2023,11,2020s,0.632,0.848,-7.381,0.282,0.253,0.277,0.0,0.398,123.987,4,1,2,2.85,Medium popularity
Dior,Pop Smoke,hip-hop,76,2019-07-26,2019,7,2010s,0.805,0.548,-5.732,0.408,0.649,0.351,0.000405,0.212,142.096,4,1,7,3.61,High popularity
SAY MY GRACE (feat. Travis Scott),"Offset, Travis Scott",hip-hop,70,2023-10-13,2023,10,2020s,0.631,0.772,-5.082,0.129,0.433,0.0431,0.0,0.0648,121.854,4,1,10,2.89,High popularity
6locc 6a6y,Lil Loaded,hip-hop,69,2019-12-06,2019,12,2010s,0.702,0.871,-8.025,0.0912,0.675,0.253,0.0,0.296,125.089,4,1,5,2.19,Medium popularity
All My Life (feat. J. Cole),"Lil Durk, J. Cole",hip-hop,69,2023-05-12,2023,5,2020s,0.57,0.787,-5.881,0.135,0.733,0.225,0.0,0.0449,142.974,4,1,3,3.73,Medium popularity
Superhero (Heroes & Villains) [with Future & Chris Brown],"Metro Boomin, Future, Chris Brown",hip-hop,79,2022-12-02,2022,12,2020s,0.583,0.709,-5.298,0.195,0.533,0.204,2.97e-06,0.138,116.624,4,0,5,3.04,High popularity
Took Her To The O,King Von,hip-hop,78,2020-03-06,2020,3,2020s,0.592,0.82,-7.002,0.121,0.4,0.29,4.71e-06,0.0149,159.98,4,1,1,3.27,High popularity
Loading,Central Cee,hip-hop,70,2021-03-12,2021,3,2020s,0.68,0.85,-6.18,0.0964,0.694,0.338,0.0,0.732,144.006,1,0,3,2.89,High popularity
née-nah,"21 Savage, Travis Scott, Metro Boomin",hip-hop,73,2024-01-12,2024,1,2020s,0.758,0.681,-6.524,0.555,0.331,0.188,0.0,0.00465,165.409,4,1,1,3.68,High popularity
Love Sosa,Chief Keef,hip-hop,77,2012-01-01,2012,1,2010s,0.413,0.772,-8.194,0.111,0.211,0.0891,0.0,0.0361,131.964,4,0,0,4.1,High popularity
Drankin N Smokin,"Future, Lil Uzi Vert",hip-hop,70,2020-11-13,2020,11,2020s,0.658,0.752,-6.297,0.0927,0.387,0.342,0.0,0.0421,151.951,4,1,0,3.56,High popularity
Invincible,Pop Smoke,hip-hop,71,2020-02-07,2020,2,2020s,0.732,0.548,-5.652,0.269,0.612,0.336,0.0,0.125,142.791,4,0,11,2.13,High popularity
GATTI,"JACKBOYS, Pop Smoke, Travis Scott",hip-hop,69,2019-12-27,2019,12,2010s,0.676,0.594,-5.808,0.163,0.472,0.344,0.0,0.135,143.477,4,1,2,3.02,Medium popularity
The Woo (feat. 50 Cent & Roddy Ricch),"Pop Smoke, 50 Cent, Roddy Ricch",hip-hop,68,2020-07-03,2020,7,2020s,0.618,0.49,-5.655,0.259,0.286,0.104,3.77e-06,0.0221,99.7,4,1,1,3.36,Medium popularity
Neva Cared,Polo G,hip-hop,68,2018-03-11,2018,3,2010s,0.35,0.822,-12.207,0.0757,0.346,0.574,0.0,0.0213,77.528,4,0,1,3.1,Medium popularity
Mr. Glock,Key Glock,hip-hop,70,2020-01-31,2020,1,2020s,0.946,0.804,-5.949,0.359,0.745,0.352,0.0,0.002,150.141,4,1,7,2.45,High popularity
Runnin,"21 Savage, Metro Boomin",hip-hop,78,2020-10-02,2020,10,2020s,0.626,0.819,-4.574,0.167,0.415,0.202,0.101,0.00748,143.01,4,0,10,3.27,High popularity
Armed & Dangerous,King Von,hip-hop,72,2020-10-30,2020,10,2020s,0.592,0.696,-6.281,0.127,0.232,0.319,0.0,0.152,188.051,4,1,1,2.04,High popularity
Coffin,Lil Yachty,hip-hop,70,2020-11-27,2020,11,2020s,0.547,0.92,-4.98,0.0998,0.606,0.272,1.45e-06,0.0241,138.05,4,0,6,1.49,High popularity
Ready (feat. Gunna),"Lil Baby, Gunna",hip-hop,69,2018-11-30,2018,11,2010s,0.395,0.793,-5.578,0.109,0.128,0.385,1.4e-05,0.277,76.984,4,1,1,3.55,Medium popularity
Russian Cream,Key Glock,hip-hop,69,2018-02-02,2018,2,2010s,0.774,0.867,-5.791,0.157,0.549,0.315,0.0,0.11,130.007,4,0,11,2.37,Medium popularity
Wants and Needs (feat. Lil Baby),"Drake, Lil Baby",hip-hop,73,2021-03-05,2021,3,2020s,0.449,0.578,-6.349,0.119,0.1,0.286,2.17e-06,0.0618,136.006,4,1,1,3.22,High popularity
Jimmy Cooks (feat. 21 Savage),"Drake, 21 Savage",hip-hop,80,2022-06-17,2022,6,2020s,0.673,0.529,-4.711,0.093,0.366,0.175,2.41e-06,0.000307,165.921,4,1,0,3.64,High popularity
"Crazy Story, Pt. 3",King Von,hip-hop,75,2019-09-20,2019,9,2010s,0.73,0.729,-5.14,0.118,0.41,0.261,4.33e-05,0.00165,156.953,4,0,11,3.19,High popularity
Pure Cocaine,Lil Baby,hip-hop,77,2018-11-30,2018,11,2010s,0.487,0.964,-6.071,0.115,0.108,0.421,6.07e-06,0.00127,127.05,4,0,10,2.57,High popularity
Ambition For Cash,Key Glock,hip-hop,73,2021-11-05,2021,11,2020s,0.732,0.841,-5.186,0.136,0.576,0.19,2.18e-05,0.0115,149.012,4,0,7,2.39,High popularity
family ties (with Kendrick Lamar),"Baby Keem, Kendrick Lamar",hip-hop,79,2021-09-10,2021,9,2020s,0.611,0.711,-5.453,0.23,0.144,0.33,0.0,0.00588,134.093,4,1,1,4.2,High popularity
Glock In My Lap,"21 Savage, Metro Boomin",hip-hop,80,2020-10-02,2020,10,2020s,0.733,0.847,-6.439,0.151,0.202,0.16,1.04e-05,0.00574,130.029,4,0,10,3.23,High popularity
3 Headed Goat (feat. Lil Baby & Polo G),"Lil Durk, Lil Baby, Polo G",hip-hop,68,2020-05-08,2020,5,2020s,0.48,0.846,-8.618,0.0989,0.419,0.359,0.0,0.269,143.029,4,0,8,2.83,Medium popularity
Run It Up (feat. Offset & Moneybagg Yo),"Lil Tjay, Offset, Moneybagg Yo",hip-hop,71,2021-04-02,2021,4,2020s,0.575,0.88,-6.091,0.109,0.671,0.163,0.0,0.415,120.031,4,1,6,3.87,High popularity
EVERY CHANCE I GET (feat. Lil Baby & Lil Durk),"DJ Khaled, Lil Baby, Lil Durk",hip-hop,70,2021-04-30,2021,4,2020s,0.727,0.477,-4.053,0.108,0.227,0.286,0.0,0.000866,150.062,4,1,2,3.94,High popularity
Sticky,Drake,hip-hop,68,2022-06-17,2022,6,2020s,0.495,0.853,-14.63,0.0844,0.0774,0.14,0.000217,0.0917,137.027,4,1,6,4.05,Medium popularity
Mask Off,Future,hip-hop,81,2017-06-30,2017,6,2010s,0.434,0.833,-8.795,0.165,0.281,0.431,0.0219,0.0102,150.062,4,1,2,3.41,High popularity
On Me,Lil Baby,hip-hop,70,2020-12-04,2020,12,2020s,0.564,0.856,-6.295,0.134,0.483,0.392,0.0,0.00327,77.972,4,0,6,2.27,High popularity
N95,Kendrick Lamar,hip-hop,75,2022-05-13,2022,5,2020s,0.67,0.79,-5.527,0.119,0.408,0.105,2.32e-06,0.377,139.956,4,1,1,3.27,High popularity
Rich Nigga Shit (feat. Young Thug),"21 Savage, Metro Boomin, Young Thug",hip-hop,75,2020-10-02,2020,10,2020s,0.733,0.825,-5.625,0.112,0.62,0.0969,0.0,0.349,97.974,4,0,1,3.17,High popularity
Surround Sound (feat. 21 Savage & Baby Tate),"JID, 21 Savage, Baby Tate",hip-hop,78,2022-10-31,2022,10,2020s,0.567,0.574,-7.126,0.258,0.526,0.465,0.0,0.164,75.965,4,0,7,3.83,High popularity
Imagina esse Cenário,"Matuê, Veigh",hip-hop,75,2024-09-09,2024,9,2020s,0.665,0.583,-3.885,0.112,0.463,0.18,0.0,0.314,94.329,4,1,1,2.59,High popularity
Yes Indeed,"Lil Baby, Drake",hip-hop,75,2018-05-18,2018,5,2010s,0.346,0.963,-9.309,0.108,0.562,0.53,0.0,0.0355,119.957,4,0,5,2.37,High popularity
Wake Up & Bake Up,"Duki, Wiz Khalifa, Arcángel",hip-hop,72,2024-10-31,2024,10,2020s,0.577,0.797,-5.617,0.301,0.17,0.195,0.0,0.0174,148.107,4,1,1,3.43,High popularity
M4,"Teto, Matuê",hip-hop,68,2021-01-20,2021,1,2020s,0.59,0.88,-4.709,0.184,0.723,0.204,0.0,0.08,119.97,4,0,8,2.83,Medium popularity
Diablita (feat. Anuel AA & Baby Rasta),"Trap Capos, Noriel, Anuel AA, Baby Rasta",hip-hop,70,2016-10-07,2016,10,2010s,0.631,0.807,-4.883,0.117,0.126,0.111,0.0,0.407,129.902,4,1,8,3.56,High popularity
Tessera sanitaria (feat. Nerissima Serpe & Papa V),"Night Skinny, Nerissima Serpe, Papa V",hip-hop,69,2024-10-10,2024,10,2020s,0.822,0.513,-4.51,0.11,0.768,0.383,0.0,0.14,165.946,4,1,1,3.41,Medium popularity
Bad and Boujee (feat. Lil Uzi Vert),"Migos, Lil Uzi Vert",hip-hop,70,2017-01-27,2017,1,2010s,0.666,0.926,-5.314,0.123,0.168,0.244,0.0,0.0611,127.079,4,1,11,5.72,High popularity
That Go! (feat. T-Shyne),"Young Stoner Life, Young Thug, Meek Mill, T-Shyne",hip-hop,72,2021-04-16,2021,4,2020s,0.575,0.713,-6.706,0.169,0.189,0.0501,0.0,0.00669,145.95,4,1,1,3.77,High popularity
Me Acostumbre (feat. Bad Bunny),"Arcángel, Bad Bunny",hip-hop,68,2017-04-11,2017,4,2010s,0.586,0.808,-7.242,0.14,0.568,0.169,0.0,0.641,124.041,4,0,10,4.39,Medium popularity
Like That,"Future, Metro Boomin, Kendrick Lamar",hip-hop,83,2024-03-22,2024,3,2020s,0.676,0.814,-4.67,0.119,0.312,0.231,1.28e-05,0.00709,162.012,4,0,11,4.46,High popularity
Castlevania,Matuê,hip-hop,70,2024-09-09,2024,9,2020s,0.928,0.616,-2.34,0.156,0.23,0.043,0.0,0.0168,109.966,4,0,9,3.84,High popularity
We Paid (feat. 42 Dugg),"Lil Baby, 42 Dugg",hip-hop,70,2020-05-01,2020,5,2020s,0.542,0.926,-5.064,0.0877,0.564,0.293,0.0,0.135,135.14,4,1,1,3.03,High popularity
Brindis,"Duki, Headie One",hip-hop,73,2024-10-31,2024,10,2020s,0.637,0.851,-6.149,0.227,0.616,0.104,0.0,0.225,135.055,4,1,0,2.99,High popularity
Pa Ti,"Bad Bunny, Bryant Myers",hip-hop,72,2017-01-02,2017,1,2010s,0.718,0.76,-3.017,0.0982,0.557,0.232,0.0,0.348,128.14,4,1,1,3.19,High popularity
Amigos y Enemigos (feat. Bad Bunny & Almighty) - Remix,"Trap Capos, Noriel, Bad Bunny, Almighty",hip-hop,70,2017-02-06,2017,2,2010s,0.748,0.752,-3.755,0.105,0.497,0.0895,0.0,0.289,115.01,4,1,6,4.92,High popularity
Tu Me Enamoraste - Remix,"Lary Over, Anuel, Bryant Myers, Almighty, Brytiago",hip-hop,69,2016-04-02,2016,4,2010s,0.536,0.689,-8.861,0.169,0.349,0.174,0.0,0.25,119.967,4,1,8,5.69,Medium popularity
Nena Maldición (feat. Lenny Tavárez),"Paulo Londra, Lenny Tavárez",hip-hop,73,2019-05-23,2019,5,2010s,0.531,0.566,-6.635,0.179,0.367,0.0716,0.0,0.192,118.96,4,1,6,3.79,High popularity
PUFFIN ON ZOOTIEZ,Future,hip-hop,77,2022-04-29,2022,4,2020s,0.657,0.883,-5.748,0.128,0.284,0.305,0.0,0.0603,124.992,4,1,8,2.88,High popularity
1993,Matuê,hip-hop,73,2024-09-09,2024,9,2020s,0.88,0.753,-3.165,0.146,0.582,0.081,0.0,0.455,92.055,4,1,11,2.13,High popularity
Going Bad (feat. Drake),"Meek Mill, Drake",hip-hop,74,2018-11-30,2018,11,2010s,0.496,0.889,-6.365,0.252,0.544,0.0905,0.0,0.259,86.003,4,0,4,3.01,High popularity
Un Día Más,"Duki, YSY A",hip-hop,71,2024-10-31,2024,10,2020s,0.708,0.712,-5.715,0.29,0.634,0.247,0.0,0.404,96.914,4,0,10,2.76,High popularity
De las 2 (feat. Bad Bunny & Arcángel),"Trap Capos, Noriel, Bad Bunny, Arcángel",hip-hop,69,2018-04-13,2018,4,2010s,0.696,0.744,-5.015,0.0808,0.406,0.117,0.0,0.71,120.146,4,0,8,4.34,Medium popularity
Un Ratito Mas,"Bryant Myers, Bad Bunny",hip-hop,68,2017-06-05,2017,6,2010s,0.629,0.523,-4.058,0.323,0.209,0.0549,0.0,0.156,140.101,4,1,1,4.72,Medium popularity
CANZONE D'ODIO (feat. Lil Baby),"Lazza, Lil Baby",hip-hop,73,2024-09-19,2024,9,2020s,0.735,0.697,-4.16,0.099,0.403,0.0497,0.0,0.172,99.827,3,0,10,2.72,High popularity
Deus Perdoa,"Filipe Ret, Dallass, Hunter",hip-hop,68,2023-03-21,2023,3,2020s,0.671,0.607,-6.934,0.128,0.316,0.0863,1.31e-06,0.403,147.037,4,0,4,2.29,Medium popularity
Solo,Future,hip-hop,80,2017-07-27,2017,7,2010s,0.486,0.784,-6.497,0.101,0.0894,0.0475,0.497,0.0538,110.964,4,0,5,4.43,High popularity
Cómo Le Digo,"KHEA, Omar Varela, Asan",hip-hop,68,2018-04-10,2018,4,2010s,0.385,0.69,-8.444,0.236,0.19,0.0817,0.0,0.181,129.958,4,1,0,3.77,Medium popularity
Maturidade,"KayBlack, Wall Hein, AMUSIK",hip-hop,70,2022-09-08,2022,9,2020s,0.411,0.722,-9.963,0.0976,0.503,0.387,0.0,0.509,172.445,3,0,2,2.37,High popularity
Problemas de um Milionário,"WIU, Teto",hip-hop,70,2024-04-10,2024,4,2020s,0.484,0.93,-5.486,0.0922,0.747,0.259,6.84e-05,0.355,133.03,4,1,2,2.41,High popularity
BOOKER T,Bad Bunny,hip-hop,72,2020-11-27,2020,11,2020s,0.6,0.883,-7.188,0.0931,0.691,0.37,7.94e-06,0.114,113.903,4,1,7,2.61,High popularity
SICKO MODE,Travis Scott,hip-hop,81,2018-08-03,2018,8,2010s,0.73,0.834,-3.714,0.124,0.446,0.222,0.0,0.00513,155.008,4,1,8,5.21,High popularity
Too Many Nights (feat. Don Toliver & with Future),"Metro Boomin, Future, Don Toliver",hip-hop,82,2022-12-02,2022,12,2020s,0.668,0.573,-4.356,0.109,0.145,0.0467,4.01e-05,0.189,87.973,4,0,7,3.33,High popularity
Me Ama Me Odia,"Revol, Ozuna, Cosculluela, Arcángel, Brytiago",hip-hop,71,2016-09-01,2016,9,2010s,0.603,0.735,-9.474,0.0844,0.429,0.203,3.56e-05,0.226,135.993,4,0,6,5.45,High popularity
Hm Hm hm,Youka,afrobeats,68,2024-07-05,2024,7,2020s,0.637,0.567,-4.032,0.235,0.882,0.298,0.0346,0.499,171.264,3,0,9,2.2,Medium popularity
Kese (Dance),Wizkid,afrobeats,75,2024-11-15,2024,11,2020s,0.874,0.774,-5.641,0.413,0.927,0.0488,0.34,0.142,118.079,4,0,5,2.9,High popularity
Awuke,"Davido, YG Marley",afrobeats,76,2024-10-31,2024,10,2020s,0.792,0.749,-4.621,0.0712,0.903,0.0402,1.63e-05,0.308,113.981,4,1,5,2.88,High popularity
Favourite Girl (with Rema),"Darkoo, Rema",afrobeats,68,2024-08-08,2024,8,2020s,0.812,0.455,-3.455,0.199,0.823,0.211,0.0,0.372,100.049,4,1,8,3.07,Medium popularity
Piece of My Heart (feat. Brent Faiyaz),"Wizkid, Brent Faiyaz",afrobeats,77,2024-10-18,2024,10,2020s,0.648,0.737,-5.493,0.105,0.746,0.138,6.92e-06,0.252,93.2,4,1,1,4.32,High popularity
PUSH 2 START,Tyla,afrobeats,78,2024-10-11,2024,10,2020s,0.814,0.683,-3.505,0.0858,0.758,0.0466,0.00826,0.277,93.482,4,1,2,2.61,High popularity
Fi Kan We Kan,"Bnxn, Rema",afrobeats,71,2024-10-15,2024,10,2020s,0.683,0.501,-7.881,0.0685,0.623,0.211,9.25e-05,0.109,145.379,5,0,6,2.69,High popularity
MMS,"Asake, Wizkid",afrobeats,72,2024-08-08,2024,8,2020s,0.634,0.502,-3.367,0.188,0.645,0.144,0.0341,0.677,101.837,3,0,8,3.66,High popularity
Después De La 1,"Cris Mj, FloyyMenor, LOUKI",latin,86,2024-09-12,2024,9,2020s,0.581,0.805,-5.091,0.0933,0.528,0.0601,0.0202,0.0303,99.973,4,0,6,2.96,High popularity
Imagínate,"Danny Ocean, Kapo",latin,76,2024-11-07,2024,11,2020s,0.737,0.779,-4.667,0.0974,0.445,0.109,0.0,0.134,101.923,4,1,11,2.84,High popularity
Kamikaze (feat. Victor Mendivil),"Natanael Cano, Uriel Gaxiola, Ganggy, Victor Mendivil",latin,72,2024-11-14,2024,11,2020s,0.662,0.863,-5.855,0.334,0.307,0.21,8.45e-06,0.0843,95.999,4,0,4,4.14,High popularity
NEL,Fuerza Regida,latin,88,2024-07-25,2024,7,2020s,0.482,0.69,-6.335,0.0728,0.356,0.2,0.0004,0.523,100.029,4,0,7,2.48,High popularity
DEPORTIVO,"Blessd, Anuel AA",latin,72,2024-11-14,2024,11,2020s,0.762,0.816,-2.864,0.0845,0.782,0.0565,0.000404,0.534,90.025,4,1,0,3.65,High popularity
SEXO ES LA MODA,"Maria Becerra, Yandel",latin,74,2024-10-31,2024,10,2020s,0.718,0.848,-4.385,0.116,0.564,0.0557,1.9e-05,0.183,105.002,4,0,9,2.77,High popularity
Khé?,"Rauw Alejandro, Romeo Santos",latin,78,2024-11-15,2024,11,2020s,0.627,0.687,-4.975,0.0893,0.47,0.181,0.0,0.326,155.865,4,1,7,3.43,High popularity
Ferxxoko,"Joyce Santana, Feid",latin,72,2024-10-31,2024,10,2020s,0.483,0.753,-6.436,0.0681,0.826,0.273,0.0,0.0189,171.831,4,0,3,2.95,High popularity
Nueva Era,"Duki, Myke Towers",latin,82,2024-10-31,2024,10,2020s,0.724,0.556,-3.165,0.217,0.681,0.119,0.0,0.267,101.097,3,1,0,4.11,High popularity
PELIGROSA,FloyyMenor,latin,81,2024-07-12,2024,7,2020s,0.442,0.776,-8.99,0.0723,0.838,0.0575,1.31e-05,0.319,100.021,4,0,6,2.28,High popularity
Morena Canela,Chino Pacas,latin,79,2024-10-18,2024,10,2020s,0.614,0.658,-6.981,0.092,0.465,0.0324,2.18e-05,0.105,119.893,3,1,10,2.97,High popularity
DURO,Quevedo,latin,76,2024-10-31,2024,10,2020s,0.719,0.707,-4.963,0.371,0.701,0.0395,2e-06,0.223,104.033,4,0,4,2.7,High popularity
PIÉNSALO,Junior H,latin,84,2023-10-05,2023,10,2020s,0.536,0.716,-7.798,0.208,0.359,0.0328,0.0,0.452,97.541,3,0,2,4.01,High popularity
EN MI MUNDO,"Jasiel Nuñez, Peso Pluma",latin,75,2024-11-07,2024,11,2020s,0.594,0.694,-8.39,0.131,0.672,0.0366,0.0,0.396,125.01,3,0,8,5.13,High popularity
Soltera,Shakira,latin,86,2024-09-25,2024,9,2020s,0.752,0.841,-4.735,0.949,0.67,0.105,0.00046,0.167,100.076,4,1,2,3.58,High popularity
DEGENERE 👑 (feat. benny blanco),"Myke Towers, benny blanco",latin,79,2024-10-16,2024,10,2020s,0.709,0.744,-5.778,0.0847,0.712,0.284,0.0,0.0501,194.055,4,0,6,2.18,High popularity
SE ME OLVIDA,"Maisak, Feid",latin,84,2024-08-23,2024,8,2020s,0.707,0.786,-4.386,0.121,0.691,0.0635,0.0,0.0399,82.045,4,0,7,3.76,High popularity
Hecha Pa' Mí,Grupo Frontera,latin,82,2024-10-03,2024,10,2020s,0.832,0.742,-4.267,0.296,0.716,0.0325,0.0,0.0857,98.582,4,1,8,3.26,High popularity
SE TE NOTA (feat. Peso Pluma),"Myke Towers, Peso Pluma",latin,72,2024-08-22,2024,8,2020s,0.616,0.773,-4.516,0.145,0.25,0.0416,4.24e-05,0.0565,104.008,4,1,0,3.17,High popularity
EL LOKERON,Tito Double P,latin,89,2024-08-22,2024,8,2020s,0.689,0.724,-7.174,0.0922,0.936,0.0524,6.77e-06,0.573,120.208,3,0,7,2.44,High popularity
Ese Vato No Te Queda,"Carin Leon, Gabito Ballesteros",latin,75,2024-10-24,2024,10,2020s,0.74,0.748,-3.643,0.087,0.618,0.0387,0.000109,0.0292,117.955,4,0,7,3.31,High popularity
Cholo 7,"Fuerza Regida, Luis R Conriquez",latin,75,2024-10-31,2024,10,2020s,0.856,0.691,-5.035,0.0876,0.713,0.0536,5.09e-05,0.2,136.0,3,0,6,2.62,High popularity
KINTSUGI,HUMBE,latin,80,2024-09-26,2024,9,2020s,0.464,0.373,-8.606,0.127,0.301,0.256,0.0135,0.86,79.503,3,0,4,3.97,High popularity
UWAIE,Kapo,latin,86,2024-08-15,2024,8,2020s,0.783,0.705,-4.783,0.0984,0.454,0.0403,0.0,0.138,103.001,4,0,9,2.87,High popularity
IA,"Clarent, Mora",latin,80,2024-10-17,2024,10,2020s,0.631,0.706,-5.812,0.227,0.289,0.0366,0.0,0.656,111.93,4,0,0,2.86,High popularity
Siento que merezco más,LATIN MAFIA,latin,73,2024-10-24,2024,10,2020s,0.445,0.55,-9.548,0.507,0.512,0.0847,0.00318,0.262,156.023,4,1,7,2.77,High popularity
AY MAMÁ,"Tito Double P, Grupo Frontera",latin,85,2024-08-22,2024,8,2020s,0.764,0.666,-6.297,0.347,0.729,0.116,0.0,0.366,148.853,4,0,4,2.72,High popularity
En Otra Vida,"Yami Safdie, Lasso",latin,79,2024-10-10,2024,10,2020s,0.162,0.459,-11.634,0.137,0.483,0.0425,0.0,0.929,184.784,3,1,0,2.56,High popularity
No Son Doritos,"Clave Especial, Luis R Conriquez",latin,81,2024-08-23,2024,8,2020s,0.834,0.783,-4.623,0.0903,0.92,0.029,0.000212,0.539,139.995,3,0,3,2.68,High popularity
Frente al Mar,Beéle,latin,79,2024-09-26,2024,9,2020s,0.682,0.75,-3.825,0.112,0.618,0.0945,1.28e-06,0.168,100.036,4,1,10,2.75,High popularity
Soltera - W Sound 01,"W Sound, Blessd, Ovy On The Drums",latin,82,2024-08-06,2024,8,2020s,0.578,0.734,-4.147,0.113,0.88,0.295,0.000242,0.155,199.997,4,1,1,2.37,High popularity
DOS DÍAS,"Tito Double P, Peso Pluma",latin,88,2024-08-22,2024,8,2020s,0.513,0.745,-9.116,0.216,0.929,0.087,0.0,0.783,109.935,3,1,1,2.58,High popularity
NO PIERDO LA VIDA,"Calle 24, Chuyin",latin,77,2024-09-06,2024,9,2020s,0.824,0.747,-4.353,0.282,0.793,0.0348,0.0,0.184,124.997,3,0,7,2.81,High popularity
Como Pacman,"Alemán, Gera MX",latin,68,2024-10-31,2024,10,2020s,0.787,0.809,-3.826,0.0653,0.9,0.125,0.0011,0.126,165.07,4,1,8,2.47,Medium popularity
Rey Sin Reina,Julión Álvarez y su Norteño Banda,latin,85,2024-09-05,2024,9,2020s,0.356,0.529,-6.612,0.136,0.659,0.0569,0.0,0.29,169.653,3,1,3,2.51,High popularity
JACKPOT,"Belinda, Kenia OS",latin,73,2024-10-24,2024,10,2020s,0.806,0.763,-4.946,0.0612,0.594,0.0532,1.32e-05,0.0012,123.009,4,1,2,3.23,High popularity
noviogangsta <3,Emilia,latin,77,2024-10-12,2024,10,2020s,0.872,0.816,-4.27,0.254,0.94,0.0442,3.7e-06,0.25,128.924,4,0,11,2.62,High popularity
Bandoleros,"Don Omar, Tego Calderón",latin,68,2006-06-20,2006,6,2000s,0.896,0.662,-5.311,0.186,0.79,0.251,0.0,0.318,90.622,4,0,5,5.09,Medium popularity
Rucón,Alemán,latin,69,2018-05-16,2018,5,2010s,0.59,0.864,-8.768,0.093,0.579,0.499,0.0,0.0196,161.989,4,1,1,2.81,Medium popularity
"Raataan Lambiyan (From ""Shershaah"")","Tanishk Bagchi, Jubin Nautiyal, Asees Kaur",indian,70,2021-07-30,2021,7,2020s,0.63,0.72,-5.549,0.108,0.512,0.0413,0.0,0.615,81.009,4,1,10,3.84,High popularity
"Ranjha (From ""Shershaah"")","Jasleen Royal, B Praak, Romy, Anvita Dutt",indian,68,2021-08-05,2021,8,2020s,0.573,0.603,-5.843,0.0971,0.236,0.0502,0.0,0.478,82.941,4,1,1,3.81,Medium popularity
Shayad,"Pritam, Arijit Singh",indian,73,2020-02-14,2020,2,2020s,0.468,0.483,-7.642,0.152,0.319,0.0341,0.0,0.784,135.875,4,1,8,4.13,High popularity
Agar Tum Saath Ho,"Alka Yagnik, Arijit Singh",indian,70,2015-10-16,2015,10,2010s,0.519,0.562,-8.744,0.172,0.415,0.0326,0.000268,0.557,122.925,4,1,3,5.68,High popularity
Khairiyat,"Pritam, Arijit Singh",indian,71,2019-08-31,2019,8,2010s,0.481,0.534,-9.016,0.142,0.293,0.0412,0.0,0.697,124.914,4,0,0,4.67,High popularity
505,Arctic Monkeys,rock,84,2007-04-22,2007,4,2000s,0.866,0.526,-5.822,0.0945,0.248,0.0568,7.78e-05,0.00287,140.266,4,1,0,4.23,High popularity
Heads Will Roll,Yeah Yeah Yeahs,rock,68,2009-01-01,2009,1,2000s,0.903,0.562,-4.46,0.298,0.791,0.0296,0.0939,0.000187,132.009,4,0,8,3.68,Medium popularity
Instant Crush (feat. Julian Casablancas),"Daft Punk, Julian Casablancas",rock,74,2013-05-20,2013,5,2010s,0.585,0.775,-9.516,0.077,0.518,0.0271,0.619,0.0422,109.942,4,0,10,5.63,High popularity
Time to Pretend,MGMT,rock,73,2007-12-14,2007,12,2000s,0.94,0.438,-3.249,0.3,0.421,0.0452,0.0777,8.74e-05,100.99,3,1,2,4.35,High popularity
Feel It Still,Portugal. The Man,rock,81,2017-06-16,2017,6,2010s,0.795,0.801,-5.115,0.0717,0.754,0.0504,0.000113,0.0417,79.028,4,0,1,2.72,High popularity
misses,Dominic Fike,rock,80,2024-05-03,2024,5,2020s,0.509,0.578,-6.229,0.344,0.586,0.0279,0.734,0.13,119.945,4,1,2,1.24,High popularity
Too Sweet,Hozier,rock,79,2024-03-22,2024,3,2020s,0.62,0.741,-5.505,0.0398,0.934,0.0412,0.000809,0.0295,117.038,4,1,10,4.19,High popularity
Wasted Summers,juju<3,rock,78,2023-07-12,2023,7,2020s,0.643,0.633,-8.122,0.78,0.472,0.0252,0.00831,0.106,103.842,4,1,0,2.17,High popularity
Feel It - From The Original Series “Invincible”,d4vd,rock,78,2024-03-28,2024,3,2020s,0.593,0.565,-5.864,0.215,0.429,0.0883,0.0,0.0288,120.509,4,1,8,2.63,High popularity
The Adults Are Talking,The Strokes,rock,77,2020-04-10,2020,4,2020s,0.749,0.593,-5.67,0.314,0.649,0.0475,0.106,0.0113,164.959,4,1,5,5.15,High popularity
3 Nights,Dominic Fike,rock,77,2018-10-16,2018,10,2010s,0.518,0.815,-6.594,0.104,0.877,0.0897,0.0,0.223,151.891,4,0,7,2.96,High popularity
This Charming Man - 2011 Remaster,The Smiths,rock,77,1984-02-20,1984,2,1980s,0.846,0.611,-5.9,0.0784,0.751,0.0436,0.0,0.00509,103.912,4,1,11,2.72,High popularity
Oysters In My Pocket,Royel Otis,rock,76,2022-03-10,2022,3,2020s,0.924,0.598,-4.974,0.17,0.611,0.0623,0.799,0.0205,168.017,4,0,6,2.71,High popularity
Fluorescent Adolescent,Arctic Monkeys,rock,76,2007-04-22,2007,4,2000s,0.828,0.654,-5.377,0.122,0.79,0.0281,0.000144,0.00146,112.056,4,0,1,3.06,High popularity
You Get What You Give,New Radicals,rock,74,1998-01-01,1998,1,1990s,0.901,0.621,-5.396,0.0875,0.744,0.0302,0.0,0.17,113.967,4,1,2,5.01,High popularity
THE SHADE,Rex Orange County,rock,74,2022-03-11,2022,3,2020s,0.509,0.898,-7.973,0.0876,0.727,0.062,0.0,0.391,119.869,4,1,5,3.03,High popularity
Vampire Empire,Big Thief,rock,73,2023-07-19,2023,7,2020s,0.572,0.636,-7.797,0.0878,0.66,0.0913,0.0,0.287,131.272,4,1,9,3.2,High popularity
Her,The American Dawn,rock,73,2024-07-26,2024,7,2020s,0.603,0.66,-7.7,0.0751,0.527,0.025,0.0144,0.00566,102.99,4,0,3,3.57,High popularity
Not Strong Enough,"boygenius, Julien Baker, Phoebe Bridgers, Lucy Dacus",rock,72,2023-03-31,2023,3,2020s,0.798,0.502,-5.909,0.0979,0.307,0.0414,1.11e-05,0.00291,126.976,4,1,1,3.92,High popularity
Hell N Back,Bakar,rock,71,2019-08-15,2019,8,2010s,0.684,0.633,-4.314,0.112,0.725,0.591,8.95e-05,0.314,209.688,4,0,10,3.56,High popularity
Ghostride,Crumb,rock,71,2019-06-14,2019,6,2010s,0.351,0.665,-9.424,0.109,0.451,0.0276,0.819,0.516,87.057,4,1,2,2.1,High popularity
Someday,The Strokes,rock,69,2001-07-30,2001,7,2000s,0.521,0.539,-7.46,0.367,0.679,0.0299,0.0,0.00425,106.035,4,1,9,3.06,Medium popularity
Metamodernity,Vansire,rock,69,2019-06-11,2019,6,2010s,0.544,0.823,-10.077,0.108,0.826,0.0358,0.165,0.389,121.968,4,1,5,2.71,Medium popularity
Breezeblocks,alt-J,rock,68,2012-09-18,2012,9,2010s,0.658,0.615,-7.299,0.205,0.293,0.0343,0.000911,0.096,150.093,4,1,5,3.78,Medium popularity
ROCKMAN,Mk.gee,rock,68,2024-10-18,2024,10,2020s,0.501,0.781,-9.767,0.0908,0.961,0.0333,3.78e-06,0.66,134.014,4,1,3,2.96,Medium popularity
The Gambler,Kenny Rogers,country,73,1978-11-20,1978,11,pre-1980,0.501,0.668,-13.119,0.194,0.858,0.0629,0.0,0.342,87.086,4,1,4,3.58,High popularity
Amarillo By Morning,George Strait,country,70,1982-01-01,1982,1,1980s,0.361,0.606,-16.031,0.38,0.621,0.0346,3.39e-05,0.264,121.059,4,1,9,2.89,High popularity
Mammas Don't Let Your Babies Grow up to Be Cowboys,"Waylon Jennings, Willie Nelson",country,68,1978-01-01,1978,1,pre-1980,0.361,0.363,-14.398,0.154,0.612,0.0499,0.00119,0.623,187.711,3,1,9,2.55,Medium popularity
Open Arms (feat. Travis Scott),"SZA, Travis Scott",r&b,80,2022-12-08,2022,12,2020s,0.586,0.434,-7.612,0.146,0.239,0.138,0.0144,0.753,78.259,4,1,9,3.99,High popularity
Pink + White,Frank Ocean,r&b,87,2016-08-20,2016,8,2010s,0.545,0.545,-7.362,0.417,0.549,0.107,5.48e-05,0.667,159.94,3,1,9,3.08,High popularity
Best Part (feat. H.E.R.),"Daniel Caesar, H.E.R.",r&b,84,2017-08-25,2017,8,2010s,0.364,0.524,-10.209,0.1,0.436,0.0367,0.0,0.808,75.24,4,1,7,3.5,High popularity
My Boo,"USHER, Alicia Keys",r&b,79,2004-03-23,2004,3,2000s,0.507,0.662,-8.238,0.0465,0.676,0.118,0.0,0.257,86.412,4,1,5,3.72,High popularity
Sure Thing,Miguel,r&b,85,2010-11-26,2010,11,2010s,0.607,0.684,-8.127,0.191,0.498,0.1,0.000307,0.0267,81.001,4,0,11,3.26,High popularity
Snooze,SZA,r&b,86,2022-12-09,2022,12,2020s,0.551,0.559,-7.231,0.11,0.392,0.132,0.0,0.141,143.008,4,1,5,3.36,High popularity
If I Ain't Got You,Alicia Keys,r&b,81,2003-12-02,2003,12,2000s,0.444,0.609,-9.129,0.104,0.166,0.106,6.86e-06,0.603,118.402,3,1,7,3.81,High popularity
Poison,Brent Faiyaz,r&b,78,2016-08-03,2016,8,2010s,0.394,0.689,-10.102,0.0859,0.382,0.065,0.000905,0.711,117.489,3,0,2,3.55,High popularity
Family Affair,Mary J. Blige,r&b,78,2001-08-28,2001,8,2000s,0.551,0.911,-3.75,0.0863,0.969,0.045,4.35e-05,0.133,92.887,4,0,8,4.43,High popularity
With You,Chris Brown,r&b,74,2007-11-06,2007,11,2000s,0.693,0.662,-4.298,0.145,0.655,0.0698,0.0,0.134,86.009,4,1,3,4.2,High popularity
Broken Clocks,SZA,r&b,80,2017-06-09,2017,6,2010s,0.684,0.692,-7.364,0.156,0.406,0.155,0.0,0.131,112.912,4,1,6,3.85,High popularity
Girl With The Tattoo Enter.lewd,Miguel,r&b,79,2010-11-26,2010,11,2010s,0.239,0.372,-11.314,0.168,0.127,0.0296,0.000175,0.856,113.451,4,0,6,1.71,High popularity
Best Time,Brent Faiyaz,r&b,80,2023-10-27,2023,10,2020s,0.307,0.81,-7.215,0.0779,0.697,0.12,0.00298,0.16,92.995,4,1,9,1.38,High popularity
Could've Been (feat. Bryson Tiller),"H.E.R., Bryson Tiller",r&b,75,2019-08-30,2019,8,2010s,0.352,0.45,-11.733,0.249,0.408,0.267,3.8e-06,0.649,102.679,4,0,1,4.21,High popularity
Foolish,Ashanti,r&b,72,2002-01-01,2002,1,2000s,0.695,0.665,-5.763,0.106,0.707,0.0532,0.0,0.347,90.119,4,1,0,3.79,High popularity
Fallin',Alicia Keys,r&b,76,2001-06-05,2001,6,2000s,0.609,0.652,-7.519,0.233,0.482,0.037,0.00101,0.263,95.986,3,0,11,3.5,High popularity
Nobody Gets Me,SZA,r&b,84,2022-12-09,2022,12,2020s,0.284,0.358,-8.285,0.183,0.276,0.0285,0.0,0.805,99.796,3,1,7,3.01,High popularity
Clouded,Brent Faiyaz,r&b,78,2020-02-07,2020,2,2020s,0.344,0.583,-8.765,0.143,0.581,0.0559,0.0,0.774,65.203,3,1,2,1.84,High popularity
So Sick,Ne-Yo,r&b,78,2006-01-01,2006,1,2000s,0.574,0.452,-8.336,0.189,0.578,0.311,0.0,0.245,92.795,4,1,6,3.45,High popularity
The Boy Is Mine,"Brandy, Monica",r&b,73,1998-05-29,1998,5,1990s,0.707,0.704,-6.537,0.318,0.761,0.0391,0.00106,0.539,93.145,4,0,1,4.91,High popularity
Kill Bill,SZA,r&b,86,2022-12-08,2022,12,2020s,0.735,0.644,-5.747,0.161,0.418,0.0391,0.144,0.0521,88.98,4,1,8,2.57,High popularity
Forever Yours,Brent Faiyaz,r&b,77,2023-10-27,2023,10,2020s,0.503,0.646,-7.472,0.652,0.789,0.0312,0.000279,0.00426,137.007,4,1,2,1.61,High popularity
No One,Alicia Keys,r&b,76,2007-10-09,2007,10,2000s,0.552,0.641,-5.423,0.148,0.152,0.0283,4.63e-06,0.027,90.098,4,0,1,4.24,High popularity
Hey Daddy (Daddy's Home),USHER,r&b,76,2010-03-30,2010,3,2010s,0.698,0.59,-4.262,0.107,0.352,0.0286,0.0,0.000176,95.975,4,1,11,3.73,High popularity
Sativa,"Jhené Aiko, Swae Lee",r&b,76,2017-09-22,2017,9,2010s,0.61,0.741,-7.34,0.534,0.72,0.0511,0.0,0.316,125.99,4,0,6,4.62,High popularity
Always On Time,"Ja Rule, Ashanti",r&b,72,2001-10-02,2001,10,2000s,0.705,0.838,-6.131,0.336,0.837,0.29,0.0,0.195,96.644,4,0,5,4.08,High popularity
ALL MINE,Brent Faiyaz,r&b,76,2022-07-08,2022,7,2020s,0.378,0.617,-8.54,0.11,0.22,0.0315,9.16e-05,0.428,141.967,4,1,9,3.6,High popularity
Heart Of A Woman,Summer Walker,r&b,74,2024-10-25,2024,10,2020s,0.43,0.716,-8.28,0.146,0.472,0.112,0.0,0.482,129.93,4,0,9,2.85,High popularity
U Remind Me,USHER,r&b,69,2001-08-07,2001,8,2000s,0.629,0.657,-4.938,0.254,0.726,0.0782,0.0,0.194,93.985,4,1,6,4.45,Medium popularity
Stay Ready (What A Life),"Jhené Aiko, Kendrick Lamar",r&b,75,2013-01-01,2013,1,2010s,0.493,0.347,-11.548,0.127,0.308,0.29,0.00366,0.455,82.887,4,0,8,6.38,High popularity
Love Galore (feat. Travis Scott),"SZA, Travis Scott",r&b,77,2017-06-09,2017,6,2010s,0.594,0.795,-6.2,0.162,0.409,0.0748,0.0,0.112,135.002,4,1,0,4.58,High popularity
Been Away,Brent Faiyaz,r&b,75,2020-02-07,2020,2,2020s,0.5,0.602,-9.377,0.295,0.395,0.298,5.69e-05,0.477,132.798,4,1,8,3.73,High popularity
No Love (with SZA),"Summer Walker, SZA",r&b,72,2021-11-05,2021,11,2020s,0.618,0.707,-5.825,0.293,0.517,0.19,0.0,0.17,133.876,4,0,1,3.86,High popularity
Burn,USHER,r&b,70,2004-03-23,2004,3,2000s,0.477,0.796,-7.161,0.12,0.685,0.108,0.0,0.314,119.928,4,1,1,3.87,High popularity
Miss Independent,Ne-Yo,r&b,77,2008-01-01,2008,1,2000s,0.681,0.673,-5.693,0.235,0.707,0.118,0.0,0.52,171.864,4,1,1,3.87,High popularity
Let Me Love You,Mario,r&b,75,2004-03-15,2004,3,2000s,0.588,0.686,-8.343,0.0954,0.617,0.0554,0.0,0.178,94.519,4,0,7,4.15,High popularity
Upset (feat. Tommy Richman & FELIX!),"Brent Faiyaz, FELIX!, Tommy Richman",r&b,75,2023-10-27,2023,10,2020s,0.5,0.856,-9.393,0.104,0.886,0.18,0.0,0.487,135.03,4,1,11,2.96,High popularity
Nights Like This (feat. Ty Dolla $ign),"Kehlani, Ty Dolla $ign",r&b,73,2019-02-22,2019,2,2010s,0.725,0.61,-5.131,0.154,0.291,0.15,0.0,0.367,146.163,4,1,8,3.36,High popularity
U Got It Bad,USHER,r&b,69,2001-08-07,2001,8,2000s,0.5,0.816,-4.551,0.0733,0.649,0.03,1.53e-06,0.0227,124.037,4,1,1,4.13,Medium popularity
You,"Lloyd, Lil Wayne",r&b,73,2007-01-01,2007,1,2000s,0.876,0.412,-6.008,0.297,0.706,0.472,0.0,0.102,130.21,5,0,5,4.55,High popularity
Because Of You,Ne-Yo,r&b,74,2007-01-01,2007,1,2000s,0.538,0.81,-5.783,0.0951,0.832,0.0357,0.0,0.53,109.97,4,0,0,4.45,High popularity
Trust,Brent Faiyaz,r&b,75,2018-10-19,2018,10,2010s,0.394,0.764,-8.559,0.117,0.465,0.152,9.37e-05,0.231,92.009,4,1,8,2.64,High popularity
Dilemma,"Nelly, Kelly Rowland",r&b,77,2002-06-25,2002,6,2000s,0.552,0.727,-8.074,0.198,0.607,0.14,0.00016,0.226,168.19,4,0,2,4.82,High popularity
Love in This Club (feat. Young Jeezy),"USHER, Jeezy",r&b,74,2008-05-27,2008,5,2000s,0.712,0.573,-5.976,0.167,0.346,0.0732,0.0,0.0572,140.012,4,1,0,4.33,High popularity
The Weekend,SZA,r&b,73,2017-06-09,2017,6,2010s,0.366,0.4,-9.405,0.126,0.161,0.0597,0.0,0.242,73.313,3,0,8,4.54,High popularity
Rehab (Winter In Paris),Brent Faiyaz,r&b,71,2020-02-07,2020,2,2020s,0.242,0.549,-11.692,0.127,0.286,0.038,8.1e-05,0.809,144.211,4,1,5,3.01,High popularity
Language,"Paperboy Fabe, Brent Faiyaz",r&b,77,2017-05-12,2017,5,2010s,0.721,0.62,-5.538,0.563,0.77,0.0887,0.0075,0.0422,169.904,4,0,4,2.51,High popularity
Confessions Part II,USHER,r&b,68,2004-03-23,2004,3,2000s,0.467,0.845,-7.674,0.0694,0.702,0.138,0.0,0.0586,138.007,4,1,1,3.52,Medium popularity
Something Just Like This,"The Chainsmokers, Coldplay",electronic,86,2017-04-07,2017,4,2010s,0.635,0.617,-6.769,0.164,0.446,0.0317,1.44e-05,0.0498,103.019,4,0,11,4.12,High popularity
Give Me Everything (feat. Nayer),"Pitbull, AFROJACK, Ne-Yo, Nayer",electronic,84,2011-06-17,2011,6,2010s,0.939,0.671,-3.206,0.298,0.53,0.161,0.0,0.191,129.024,4,1,8,4.21,High popularity
Let Me Love You,"DJ Snake, Justin Bieber",electronic,83,2016-08-05,2016,8,2010s,0.715,0.475,-5.371,0.135,0.159,0.058,2.67e-05,0.0863,199.892,4,1,8,3.43,High popularity
Outside (feat. Ellie Goulding),"Calvin Harris, Ellie Goulding",electronic,82,2014-10-31,2014,10,2010s,0.823,0.646,-4.123,0.322,0.418,0.0394,0.0,0.213,128.035,4,0,2,3.79,High popularity
The Nights,Avicii,electronic,82,2014-01-01,2014,1,2010s,0.835,0.527,-5.298,0.249,0.654,0.0433,0.0,0.0166,125.983,4,1,6,2.94,High popularity
Ride It,Regard,electronic,80,2019-07-26,2019,7,2010s,0.751,0.88,-4.258,0.106,0.884,0.0874,6.43e-05,0.177,117.948,4,0,7,2.63,High popularity
Cheerleader (Felix Jaehn Remix) - Radio Edit,"OMI, Felix Jaehn",electronic,80,2015-10-16,2015,10,2010s,0.685,0.782,-6.237,0.16,0.603,0.0309,1.18e-05,0.166,118.02,4,1,4,3.01,High popularity
Closer,"The Chainsmokers, Halsey",electronic,84,2016-07-29,2016,7,2010s,0.524,0.748,-5.599,0.111,0.661,0.0338,0.0,0.414,95.01,4,1,8,4.08,High popularity
Faded,Alan Walker,electronic,80,2018-12-14,2018,12,2010s,0.627,0.468,-5.085,0.11,0.159,0.0476,7.97e-06,0.0281,179.642,4,1,6,3.54,High popularity
Summer,Calvin Harris,electronic,81,2014-10-31,2014,10,2010s,0.856,0.596,-3.556,0.141,0.743,0.0346,0.0178,0.0211,127.949,4,0,4,3.71,High popularity
In My Mind,"Dynoro, Gigi D'Agostino",electronic,80,2018-06-08,2018,6,2010s,0.77,0.694,-5.335,0.118,0.163,0.149,1.1e-05,0.176,125.905,4,1,6,3.08,High popularity
Titanium (feat. Sia),"David Guetta, Sia",electronic,80,2012-12-07,2012,12,2010s,0.787,0.604,-3.674,0.127,0.301,0.103,0.15,0.0679,126.062,4,0,0,4.08,High popularity
I Took A Pill In Ibiza - Seeb Remix,"Mike Posner, Seeb",electronic,79,2016-05-06,2016,5,2010s,0.714,0.664,-6.645,0.0843,0.71,0.111,8.42e-06,0.0353,101.969,4,0,7,3.3,High popularity
Sugar (feat. Francesco Yates),"Robin Schulz, Francesco Yates",electronic,78,2015-09-25,2015,9,2010s,0.815,0.636,-5.098,0.163,0.636,0.0581,0.0,0.0185,123.063,4,0,5,3.65,High popularity
Waiting For Love,Avicii,electronic,78,2015-10-02,2015,10,2010s,0.736,0.579,-3.863,0.198,0.613,0.0527,0.0,0.31,127.999,4,0,6,3.84,High popularity
On The Floor,"Jennifer Lopez, Pitbull",electronic,78,2011-04-29,2011,4,2010s,0.777,0.73,-5.194,0.0691,0.575,0.0496,0.000486,0.105,130.003,4,0,3,4.75,High popularity
Don't Let Me Down,"The Chainsmokers, Daya",electronic,80,2016-02-05,2016,2,2010s,0.869,0.533,-5.093,0.136,0.425,0.173,0.00538,0.156,159.805,4,1,11,3.47,High popularity
Blame (feat. John Newman),"Calvin Harris, John Newman",electronic,79,2014-10-31,2014,10,2010s,0.857,0.414,-4.078,0.343,0.348,0.0808,0.00574,0.0287,128.024,4,0,0,3.55,High popularity
Wild Ones (feat. Sia),"Flo Rida, Sia",electronic,77,2012-06-22,2012,6,2010s,0.86,0.608,-5.324,0.262,0.437,0.0554,0.0,0.0991,127.075,4,0,5,3.88,High popularity
Get Lucky (Radio Edit) [feat. Pharrell Williams and Nile Rodgers],"Daft Punk, Pharrell Williams, Nile Rodgers",electronic,77,2013-04-19,2013,4,2010s,0.811,0.794,-8.966,0.101,0.862,0.038,1.07e-06,0.0426,116.047,4,0,6,4.14,High popularity
More Than You Know,Axwell /\ Ingrosso,electronic,77,2017-07-28,2017,7,2010s,0.741,0.646,-4.973,0.312,0.571,0.034,0.0,0.0275,123.077,4,0,5,3.38,High popularity
In the Name of Love,"Martin Garrix, Bebe Rexha",electronic,77,2016-07-29,2016,7,2010s,0.519,0.501,-5.88,0.454,0.168,0.0409,0.0,0.109,133.99,4,0,4,3.26,High popularity
This Girl (Kungs Vs. Cookin' On 3 Burners),"Kungs, Cookin' On 3 Burners",electronic,76,2016-11-04,2016,11,2010s,0.717,0.793,-4.759,0.226,0.466,0.0393,3.6e-05,0.0927,121.985,4,0,0,3.26,High popularity
Scream & Shout,"will.i.am, Britney Spears",electronic,76,2013-01-01,2013,1,2010s,0.685,0.772,-6.849,0.131,0.501,0.0696,8.96e-05,0.019,130.039,4,1,5,4.72,High popularity
This Is What You Came For,"Calvin Harris, Rihanna",electronic,77,2016-04-29,2016,4,2010s,0.927,0.631,-2.787,0.148,0.465,0.0332,0.119,0.199,123.962,4,0,9,3.7,High popularity
Alors on danse - Radio Edit,Stromae,electronic,75,2010-01-01,2010,1,2010s,0.593,0.79,-9.204,0.065,0.72,0.0776,0.00202,0.0983,119.958,4,0,1,3.43,High popularity
We Found Love,"Rihanna, Calvin Harris",electronic,75,2011-11-19,2011,11,2010s,0.766,0.735,-4.485,0.108,0.6,0.0383,0.00141,0.025,127.975,4,1,1,3.59,High popularity
Waves - Robin Schulz Radio Edit,"Mr. Probz, Robin Schulz",electronic,75,2014-02-07,2014,2,2010s,0.51,0.829,-9.334,0.0829,0.45,0.0369,0.00143,0.00821,119.994,4,0,5,3.47,High popularity
Club Can't Handle Me (feat. David Guetta),"Flo Rida, David Guetta",electronic,76,2010-11-24,2010,11,2010s,0.869,0.616,-3.911,0.064,0.473,0.0327,0.0,0.0283,127.966,4,1,0,3.91,High popularity
Under Control (feat. Hurts),"Calvin Harris, Alesso, Hurts",electronic,76,2014-10-31,2014,10,2010s,0.915,0.544,-3.405,0.115,0.51,0.0841,0.000914,0.129,126.094,4,1,8,3.07,High popularity
Dancin (feat. Luvli) - Krono Remix,"Aaron Smith, Krono, Luvli",electronic,75,2014-11-07,2014,11,2010s,0.741,0.72,-6.529,0.289,0.357,0.0287,1.41e-05,0.101,119.896,4,0,10,3.3,High popularity
One More Time,Daft Punk,electronic,74,2001-03-12,2001,3,2000s,0.697,0.613,-8.618,0.332,0.476,0.133,0.0,0.0194,122.746,4,1,2,5.34,High popularity
Firestone,"Kygo, Conrad Sewell",electronic,74,2016-05-13,2016,5,2010s,0.634,0.704,-7.374,0.0952,0.411,0.0428,3.17e-05,0.393,113.927,4,0,11,4.53,High popularity
Perfect Strangers,"Jonas Blue, JP Cooper",electronic,74,2018-11-09,2018,11,2010s,0.861,0.73,-4.1,0.213,0.704,0.0451,0.0,0.39,117.965,4,1,1,3.28,High popularity
Love Tonight (David Guetta Remix Edit),"Shouse, David Guetta",electronic,74,2021-06-11,2021,6,2020s,0.989,0.621,-4.225,0.184,0.0348,0.0434,0.357,0.015,126.002,4,0,10,2.63,High popularity
Runaway (U & I),Galantis,electronic,74,2015-06-05,2015,6,2010s,0.805,0.506,-4.119,0.0856,0.383,0.0469,0.00193,0.00711,126.008,4,1,1,3.78,High popularity
Middle,"DJ Snake, Bipolar Sunshine",electronic,73,2016-08-05,2016,8,2010s,0.695,0.583,-5.336,0.0527,0.224,0.0423,0.0,0.0138,104.879,4,1,9,3.68,High popularity
Infinity 2008 - Klaas Vocal Edit,"Guru Josh Project, Klaas",electronic,73,2008-05-07,2008,5,2000s,0.862,0.498,-6.02,0.352,0.469,0.0588,0.00918,0.000313,128.036,4,0,7,3.2,High popularity
King,Olly Alexander (Years & Years),electronic,73,2015-07-10,2015,7,2010s,0.857,0.56,-4.145,0.381,0.432,0.0384,0.0,0.0594,119.975,4,0,4,3.59,High popularity
Clarity,"Zedd, Foxes",electronic,73,2012-01-01,2012,1,2010s,0.781,0.509,-3.48,0.0749,0.176,0.072,0.0,0.0398,128.0,4,1,8,4.52,High popularity
"Hey Mama (feat. Nicki Minaj, Bebe Rexha & Afrojack)","David Guetta, AFROJACK, Bebe Rexha, Nicki Minaj",electronic,73,2014-11-10,2014,11,2010s,0.73,0.596,-4.091,0.325,0.525,0.151,0.0,0.24,85.979,4,1,9,3.21,High popularity
Ain't Nobody (Loves Me Better) (feat. Jasmine Thompson),"Felix Jaehn, Jasmine Thompson",electronic,73,2018-02-16,2018,2,2010s,0.568,0.78,-6.96,0.0698,0.459,0.031,0.000168,0.668,117.973,4,0,2,3.1,High popularity
Hear Me Now,"Alok, Zeeba, Bruno Martini",electronic,73,2016-10-21,2016,10,2010s,0.463,0.778,-7.603,0.0731,0.496,0.0389,0.00289,0.546,121.999,4,1,11,3.25,High popularity
ily (i love you baby) (feat. Emilee),"Surf Mesa, Emilee",electronic,73,2019-11-26,2019,11,2010s,0.774,0.674,-7.567,0.393,0.33,0.0892,0.00188,0.0686,112.05,4,0,11,2.94,High popularity
Summertime Sadness (Lana Del Rey Vs. Cedric Gervais) - Cedric Gervais Remix,"Lana Del Rey, Cedric Gervais",electronic,72,2013-02-01,2013,2,2010s,0.81,0.572,-5.791,0.13,0.11,0.0558,6.53e-06,0.0157,126.052,4,0,1,3.58,High popularity
Dynamite,Taio Cruz,electronic,72,2010-01-01,2010,1,2010s,0.781,0.751,-3.724,0.036,0.814,0.0862,0.0,0.0039,119.977,4,1,4,3.38,High popularity
Rather Be (feat. Jess Glynne),"Clean Bandit, Jess Glynne",electronic,72,2014-06-02,2014,6,2010s,0.586,0.799,-6.735,0.193,0.549,0.0377,2.03e-06,0.162,120.97,4,1,11,3.8,High popularity
Breaking Me,"Topic, A7S",electronic,72,2019-12-19,2019,12,2010s,0.72,0.789,-5.652,0.129,0.664,0.218,0.0,0.223,122.031,4,0,8,2.78,High popularity
The Business,Tiësto,electronic,72,2020-09-16,2020,9,2020s,0.62,0.798,-7.079,0.112,0.235,0.232,0.0192,0.414,120.031,4,0,8,2.73,High popularity
Stay,"Zedd, Alessia Cara",electronic,73,2017-02-23,2017,2,2010s,0.622,0.69,-5.025,0.116,0.544,0.0622,0.0,0.253,102.04,4,0,5,3.5,High popularity
Party Rock Anthem,"LMFAO, Lauren Bennett, GoonRock",electronic,72,2011-01-01,2011,1,2010s,0.736,0.75,-4.168,0.265,0.355,0.155,0.0,0.0202,130.011,4,0,5,4.37,High popularity
Roses,"The Chainsmokers, ROZES",electronic,71,2015-06-16,2015,6,2010s,0.802,0.713,-7.055,0.309,0.343,0.0561,0.00377,0.0435,100.001,4,1,4,3.78,High popularity
I Love It (feat. Charli XCX),"Icona Pop, Charli xcx",electronic,71,2013-08-27,2013,8,2010s,0.906,0.711,-2.671,0.153,0.824,0.0284,1.64e-05,0.00952,125.916,4,1,8,2.62,High popularity
Play Hard (feat. Ne-Yo & Akon),"David Guetta, Ne-Yo, Akon",electronic,71,2012-12-07,2012,12,2010s,0.921,0.691,-1.702,0.331,0.8,0.0533,0.0,0.173,130.072,4,0,8,3.35,High popularity
Around the World,Daft Punk,electronic,71,1997-01-17,1997,1,1990s,0.795,0.956,-5.311,0.0906,0.841,0.15,0.889,0.00356,121.294,4,1,7,7.16,High popularity
This Is What It Feels Like,"Armin van Buuren, Trevor Guthrie",electronic,70,2013-05-03,2013,5,2010s,0.833,0.551,-5.217,0.0632,0.145,0.03,2.77e-06,0.0391,129.885,5,1,8,3.41,High popularity
I'm an Albatraoz,"AronChupa, Little Sis Nora",electronic,70,2014-08-08,2014,8,2010s,0.817,0.883,-5.414,0.11,0.595,0.235,0.00449,0.601,128.078,4,1,0,2.78,High popularity
Heroes (we could be),"Alesso, Tove Lo",electronic,70,2015-05-22,2015,5,2010s,0.748,0.503,-4.124,0.343,0.356,0.0619,0.0,0.0305,125.896,4,1,5,3.5,High popularity
You & Me - Flume Remix,"Disclosure, Eliza Doolittle, Flume",electronic,70,2013-06-03,2013,6,2010s,0.392,0.599,-6.869,0.131,0.26,0.0257,0.000107,0.378,75.066,4,0,10,4.71,High popularity
Lose Control,Teddy Swims,soul,81,2023-06-23,2023,6,2020s,0.604,0.561,-4.409,0.104,0.242,0.0337,1.9e-05,0.199,159.92,3,1,9,3.51,High popularity
Let Me Go,Daniel Caesar,soul,70,2023-04-07,2023,4,2020s,0.473,0.591,-8.122,0.108,0.451,0.0708,0.00334,0.694,152.88,4,0,7,3.61,High popularity
FE!N (feat. Playboi Carti),"Travis Scott, Playboi Carti",gaming,88,2023-07-28,2023,7,2020s,0.882,0.569,-2.777,0.142,0.201,0.06,0.0,0.0316,148.038,4,0,3,3.2,High popularity
Slow It Down,Benson Boone,gaming,87,2024-04-05,2024,4,2020s,0.583,0.432,-4.682,0.0933,0.544,0.0687,0.0,0.174,181.489,4,1,8,2.7,High popularity
Big Dawgs,"Hanumankind, Kalmi",gaming,85,2024-07-09,2024,7,2020s,0.745,0.464,-3.202,0.363,0.262,0.161,0.0,0.0235,180.098,4,0,4,3.18,High popularity
I'm Good (Blue),"David Guetta, Bebe Rexha",gaming,85,2022-08-26,2022,8,2020s,0.965,0.561,-3.673,0.371,0.304,0.0343,7.07e-06,0.00383,128.04,4,0,7,2.92,High popularity
Romantic Homicide,d4vd,gaming,85,2022-07-20,2022,7,2020s,0.544,0.571,-10.613,0.322,0.216,0.0299,0.00805,0.453,132.052,4,1,6,2.21,High popularity
New Woman (feat. ROSALÍA),"LISA, ROSALÍA",gaming,85,2024-08-15,2024,8,2020s,0.854,0.477,-4.715,0.065,0.314,0.275,0.0,0.0858,140.515,5,1,7,3.0,High popularity
i like the way you kiss me,Artemas,gaming,84,2024-03-19,2024,3,2020s,0.946,0.599,-4.263,0.0826,0.747,0.0447,0.0106,0.000938,151.647,4,1,11,2.38,High popularity
Ransom,Lil Tecca,gaming,84,2019-08-30,2019,8,2010s,0.642,0.745,-6.257,0.0658,0.226,0.287,0.0,0.0204,179.974,4,0,7,2.19,High popularity
KEEP UP,Odetari,gaming,84,2024-07-17,2024,7,2020s,0.829,0.476,-3.806,0.167,0.505,0.0658,0.00916,0.0172,139.198,4,0,10,2.22,High popularity
one of wun,Gunna,gaming,84,2024-05-10,2024,5,2020s,0.453,0.915,-4.589,0.104,0.287,0.27,0.000163,0.0872,139.943,4,0,10,2.4,High popularity
I Adore You (feat. Daecolm),"HUGEL, Topic, Arash, Daecolm",gaming,83,2024-07-19,2024,7,2020s,0.787,0.704,-6.751,0.159,0.31,0.0462,0.00538,0.00926,119.996,4,0,11,3.57,High popularity
Black Friday (pretty like the sun),"Lost Frequencies, Tom Odell",gaming,83,2024-07-19,2024,7,2020s,0.618,0.853,-10.833,0.0972,0.32,0.0923,0.89,0.633,126.031,4,1,6,2.43,High popularity
I Can Do It With a Broken Heart,Taylor Swift,gaming,83,2024-04-18,2024,4,2020s,0.751,0.701,-8.39,0.15,0.22,0.0502,0.0,0.123,129.994,4,1,0,3.63,High popularity
Apple,Charli xcx,gaming,83,2024-06-07,2024,6,2020s,0.957,0.804,-5.452,0.114,0.962,0.034,0.0174,0.125,126.035,4,1,0,2.53,High popularity
Hope,XXXTENTACION,gaming,82,2018-03-16,2018,3,2010s,0.457,0.592,-6.081,0.146,0.225,0.0603,0.000331,0.661,146.04,4,0,9,1.85,High popularity
Happier,"Marshmello, Bastille",gaming,82,2018-08-17,2018,8,2010s,0.792,0.687,-2.749,0.167,0.671,0.0452,0.0,0.191,100.011,4,1,5,3.57,High popularity
Sunflower - Spider-Man: Into the Spider-Verse,"Post Malone, Swae Lee",gaming,82,2019-09-06,2019,9,2010s,0.522,0.755,-4.368,0.0685,0.925,0.0575,0.0,0.533,89.96,4,1,2,2.63,High popularity
fukumean,Gunna,gaming,82,2023-06-16,2023,6,2020s,0.622,0.847,-6.747,0.285,0.22,0.0903,0.0,0.119,130.001,4,0,1,2.08,High popularity
redrum,21 Savage,gaming,81,2024-01-12,2024,1,2020s,0.733,0.625,-8.757,0.375,0.244,0.0488,0.000983,0.00598,172.09,4,1,2,4.51,High popularity
WAIT FOR U (feat. Drake & Tems),"Future, Drake, Tems",gaming,82,2022-04-29,2022,4,2020s,0.642,0.463,-4.474,0.0686,0.339,0.34,0.0,0.314,83.389,4,1,1,3.16,High popularity
Miles On It,"Marshmello, Kane Brown",gaming,81,2024-05-03,2024,5,2020s,0.761,0.634,-4.752,0.549,0.785,0.0472,0.0,0.00537,129.963,4,1,5,2.81,High popularity
Moonlight,XXXTENTACION,gaming,81,2018-03-16,2018,3,2010s,0.537,0.921,-5.723,0.102,0.711,0.0804,0.00404,0.556,128.009,4,0,9,2.25,High popularity
Godzilla (feat. Juice WRLD),"Eminem, Juice WRLD",gaming,81,2020-01-17,2020,1,2020s,0.745,0.808,-5.26,0.292,0.829,0.342,0.0,0.145,165.995,4,0,10,3.51,High popularity
Addicted,"Zerb, The Chainsmokers, Ink",gaming,81,2024-03-29,2024,3,2020s,0.741,0.771,-7.132,0.111,0.19,0.0374,0.000163,0.0245,120.064,4,0,5,2.54,High popularity
on one tonight,Gunna,gaming,82,2024-05-10,2024,5,2020s,0.727,0.887,-4.318,0.213,0.932,0.135,1.16e-06,0.381,130.035,4,0,4,1.51,High popularity
Thank You (Not So Bad),"Dimitri Vegas & Like Mike, Tiësto, Dido, W&W, Dimitri Vegas, Like Mike",gaming,81,2023-12-01,2023,12,2020s,0.95,0.673,-5.149,0.398,0.563,0.0488,0.0823,0.0229,150.019,4,1,11,2.33,High popularity
360,Charli xcx,gaming,81,2024-06-07,2024,6,2020s,0.62,0.857,-8.13,0.0934,0.796,0.0472,0.244,0.646,120.042,4,1,0,2.23,High popularity
Houdini,Eminem,gaming,81,2024-05-31,2024,5,2020s,0.887,0.936,-2.76,0.0582,0.889,0.0683,1.88e-06,0.0292,127.003,4,0,9,3.79,High popularity
The Box,Roddy Ricch,gaming,81,2019-12-06,2019,12,2010s,0.586,0.896,-6.687,0.79,0.642,0.0559,0.0,0.104,116.971,4,0,10,3.28,High popularity
Lovin On Me,Jack Harlow,gaming,81,2023-11-10,2023,11,2020s,0.558,0.943,-4.911,0.0937,0.606,0.0568,2.19e-06,0.0026,104.983,4,1,2,2.31,High popularity
XO Tour Llif3,Lil Uzi Vert,gaming,81,2017-08-25,2017,8,2010s,0.75,0.732,-6.366,0.109,0.401,0.231,0.0,0.00264,155.096,4,0,11,3.05,High popularity
Where Are You Now,"Lost Frequencies, Calum Scott",gaming,81,2023-11-10,2023,11,2020s,0.632,0.762,-8.312,0.18,0.282,0.085,0.000205,0.51,121.031,4,0,6,2.48,High popularity
2055,Sleepy Hallow,gaming,80,2021-06-02,2021,6,2020s,0.512,0.829,-5.865,0.12,0.638,0.187,0.0,0.492,80.511,4,0,6,2.07,High popularity
Mood (feat. iann dior),"24kGoldn, iann dior",gaming,80,2021-03-26,2021,3,2020s,0.716,0.701,-3.671,0.324,0.732,0.0361,0.0,0.174,91.007,4,0,7,2.34,High popularity
SLAY!,Eternxlkz,gaming,80,2024-03-15,2024,3,2020s,0.773,0.681,-4.706,0.0978,0.504,0.0345,0.734,0.0863,129.923,4,1,1,1.78,High popularity
You & Me - Rivo Remix,"Disclosure, Eliza Doolittle, Rivo",gaming,79,2023-12-22,2023,12,2020s,0.797,0.702,-6.635,0.179,0.0356,0.0557,0.495,0.583,122.011,4,0,10,3.48,High popularity
Sprinter,"Dave, Central Cee",gaming,79,2023-06-01,2023,6,2020s,0.681,0.918,-4.705,0.0615,0.706,0.201,0.0,0.263,139.057,4,1,1,3.82,High popularity
Somedays,"Sonny Fodera, Jazzy, D.O.D",gaming,79,2024-07-26,2024,7,2020s,0.753,0.671,-6.045,0.177,0.543,0.0298,1.29e-05,0.019,127.926,4,0,4,3.45,High popularity
Back On 74,Jungle,gaming,79,2023-08-11,2023,8,2020s,0.761,0.62,-7.282,0.269,0.194,0.175,0.000147,0.207,146.003,4,0,10,3.49,High popularity
DEVIL IS A LIE,Tommy Richman,gaming,78,2024-06-14,2024,6,2020s,0.452,0.904,-7.272,0.115,0.613,0.132,0.0,0.174,90.026,4,1,9,2.18,High popularity
Whatever She Wants,Bryson Tiller,gaming,78,2024-02-13,2024,2,2020s,0.512,0.803,-6.871,0.0928,0.435,0.066,0.0,0.128,96.02,4,0,9,2.69,High popularity
euphoria,Kendrick Lamar,gaming,78,2024-04-30,2024,4,2020s,0.643,0.831,-5.002,0.084,0.142,0.11,0.0,0.046,139.948,4,1,1,6.39,High popularity
Push Up - Main Edit,Creeds,gaming,77,2023-03-31,2023,3,2020s,0.83,0.767,-8.78,0.0582,0.187,0.206,0.836,0.209,75.023,4,1,7,2.32,High popularity
Strangers,Kenya Grace,gaming,77,2023-09-01,2023,9,2020s,0.523,0.628,-8.307,0.219,0.416,0.0946,0.00274,0.701,169.982,4,0,11,2.88,High popularity
BACKBONE,"Chase & Status, Stormzy",gaming,77,2024-08-08,2024,8,2020s,0.934,0.777,-0.959,0.275,0.637,0.254,3.86e-05,0.285,88.009,4,1,2,2.77,High popularity
FUNKED UP - SLOWED,"xxanteria, isq",gaming,77,2024-01-19,2024,1,2020s,0.927,0.755,0.254,0.0567,0.702,0.0645,0.925,0.00288,109.952,4,0,11,1.92,High popularity
Montagem Mysterious Game,LXNGVX,gaming,77,2023-12-01,2023,12,2020s,0.64,0.537,-10.441,0.157,0.222,0.104,0.878,0.146,130.051,4,1,1,1.72,High popularity
TUCA DONKA,"CURSEDEVIL, DJ FKU, Skorde",gaming,77,2023-07-28,2023,7,2020s,0.963,0.817,-3.318,0.312,0.502,0.0353,0.767,0.0683,130.028,4,1,1,1.26,High popularity
Paint The Town Red,Doja Cat,gaming,77,2023-09-20,2023,9,2020s,0.556,0.864,-7.683,0.112,0.726,0.194,3.85e-06,0.255,99.974,4,0,2,3.84,High popularity
MONTAGEM - PR FUNK,"S3BZS, Mc Gw, Mc Menor Do Alvorada",gaming,77,2023-05-01,2023,5,2020s,0.803,0.877,-3.195,0.087,0.795,0.0507,0.056,0.734,130.028,4,1,9,1.03,High popularity
Doja,Central Cee,gaming,77,2022-07-21,2022,7,2020s,0.573,0.911,-7.43,0.403,0.972,0.288,0.0,0.38,140.04,4,1,6,1.62,High popularity
Somebody (2024),"Gotye, FISHER, Chris Lake, Kimbra, Sante Sansone",gaming,77,2024-02-09,2024,2,2020s,0.629,0.848,-6.198,0.049,0.586,0.0424,0.18,0.016,130.017,4,1,0,2.56,High popularity
Whatever,"Kygo, Ava Max",gaming,76,2024-01-19,2024,1,2020s,0.777,0.58,-5.69,0.342,0.589,0.0655,0.0,0.104,108.005,4,1,3,2.97,High popularity
ONE CALL,Rich Amiri,gaming,76,2023-11-17,2023,11,2020s,0.539,0.65,-7.281,0.114,0.253,0.0561,2.67e-05,0.00617,158.105,4,1,1,2.02,High popularity
IDGAF (feat. Yeat),"Drake, Yeat",gaming,76,2023-10-06,2023,10,2020s,0.672,0.673,-8.577,0.193,0.14,0.224,0.000284,0.0466,136.902,4,1,8,4.34,High popularity
Deep Down (feat. Never Dull),"Alok, Ella Eyre, Kenny Dope, Never Dull",gaming,76,2022-06-17,2022,6,2020s,0.818,0.687,-4.221,0.248,0.886,0.0778,0.0,0.0112,125.952,4,1,0,2.76,High popularity
Agora Hills,Doja Cat,gaming,76,2023-09-20,2023,9,2020s,0.687,0.755,-6.247,0.125,0.381,0.101,0.000177,0.183,123.01,4,0,8,4.42,High popularity
CUTE DEPRESSED,Dyan Dxddy,gaming,76,2024-02-02,2024,2,2020s,0.919,0.83,-2.12,0.0757,0.848,0.145,0.748,0.503,151.221,4,0,10,1.62,High popularity
BRODYAGA FUNK,Eternxlkz,gaming,75,2023-11-17,2023,11,2020s,0.738,0.593,-2.956,0.292,0.591,0.0351,0.968,0.269,130.0,4,0,11,2.25,High popularity
LOVELY BASTARDS,"ZWE1HVNDXR, yatashigang",gaming,75,2023-08-25,2023,8,2020s,0.81,0.613,-6.16,0.137,0.686,0.488,0.899,0.832,150.251,4,1,1,1.94,High popularity
Boyz In Paris (with VINAI),"Marnik, Naeleck, VINAI",gaming,75,2023-07-28,2023,7,2020s,0.967,0.628,-4.068,0.274,0.399,0.0485,4.67e-05,0.0398,149.036,4,1,1,2.53,High popularity
Watch This - ARIZONATEARS Pluggnb Remix,"Lil Uzi Vert, sped up nightcore, ARIZONATEARS",gaming,75,2023-02-05,2023,2,2020s,0.897,0.686,-7.18,0.153,0.355,0.0386,0.103,0.0103,129.975,4,0,11,2.72,High popularity
10:35,"Tiësto, Tate McRae",gaming,75,2023-04-21,2023,4,2020s,0.793,0.696,-5.733,0.18,0.698,0.097,3.78e-06,0.0683,120.003,4,1,8,2.87,High popularity
TOO COOL TO BE CARELESS,PAWSA,gaming,74,2024-07-05,2024,7,2020s,0.781,0.805,-7.225,0.0598,0.818,0.0434,0.302,0.002,128.001,4,0,1,3.67,High popularity
Automotivo Bibi Fogosa,"Bibi Babydoll, Dj Brunin XM, KZA Produções",gaming,74,2023-11-10,2023,11,2020s,0.848,0.721,-3.371,0.097,0.774,0.0266,2.11e-06,0.26,135.048,4,1,9,2.16,High popularity
Bones,Imagine Dragons,gaming,74,2022-03-11,2022,3,2020s,0.742,0.773,-3.678,0.0754,0.571,0.046,0.0,0.0206,114.071,4,0,5,2.75,High popularity
First Person Shooter (feat. J. Cole),"Drake, J. Cole",gaming,74,2023-10-06,2023,10,2020s,0.655,0.475,-7.342,0.375,0.245,0.33,0.0,0.0306,163.997,4,0,11,4.12,High popularity
Atmosphere,"FISHER, Kita Alexander",gaming,73,2023-08-11,2023,8,2020s,0.895,0.762,-4.562,0.204,0.757,0.0734,0.142,0.00623,125.985,4,1,8,3.05,High popularity
9mm,"Memphis Cult, Groove Dealers, SPLYXER",gaming,73,2023-02-23,2023,2,2020s,0.915,0.737,-2.749,0.084,0.304,0.0412,2.58e-05,0.00322,154.964,4,1,0,1.45,High popularity
edamame,"bbno$, Rich Brian",gaming,73,2021-10-08,2021,10,2020s,0.85,0.815,-4.704,0.0245,0.694,0.113,0.000143,0.0232,106.036,4,0,4,2.23,High popularity
Breathe,Yeat,gaming,73,2024-02-16,2024,2,2020s,0.546,0.76,-13.092,0.103,0.113,0.0616,0.924,0.0284,118.051,4,1,11,2.85,High popularity
GOOD LOYAL THOTS,Odetari,gaming,73,2023-03-15,2023,3,2020s,0.86,0.585,-5.274,0.18,0.607,0.116,0.000142,0.0566,146.441,4,1,6,1.71,High popularity
Let's Go,Key Glock,gaming,73,2023-06-23,2023,6,2020s,0.636,0.654,-6.904,0.412,0.267,0.0845,0.0,0.00258,75.486,4,1,8,2.34,High popularity
GODS,"League of Legends, NewJeans",gaming,73,2023-10-04,2023,10,2020s,0.765,0.588,-5.914,0.2,0.492,0.0518,3.23e-05,0.00685,145.988,4,0,3,3.68,High popularity
Stronger,Young Jonn,afrobeats,70,2024-04-12,2024,4,2020s,0.819,0.726,-7.094,0.27,0.636,0.106,9.65e-05,0.477,110.14,4,1,8,2.36,High popularity
Are you there?,Ayo Maff,afrobeats,69,2024-08-15,2024,8,2020s,0.529,0.782,-8.626,0.413,0.44,0.0592,1.42e-06,0.509,112.014,4,1,0,2.61,Medium popularity
OZEBA,Rema,afrobeats,68,2024-07-10,2024,7,2020s,0.841,0.754,-4.563,0.0903,0.838,0.0921,0.0,0.136,147.989,4,1,2,2.29,Medium popularity
Constantly,"Hyce, BoyPee, Brown Joel",afrobeats,68,2024-08-28,2024,8,2020s,0.705,0.374,-8.37,0.14,0.718,0.145,0.0,0.172,197.98,5,1,11,3.23,Medium popularity
JUJU (feat. Shallipopi),"Smur Lee, ODUMODUBLVCK, Shallipopi",afrobeats,71,2024-08-22,2024,8,2020s,0.719,0.897,-7.164,0.0677,0.546,0.157,0.000531,0.116,113.012,4,0,6,2.63,High popularity
alone - Remix,"FOLA, Bnxn",afrobeats,68,2024-10-04,2024,10,2020s,0.52,0.578,-8.399,0.124,0.425,0.151,3.38e-06,0.554,95.865,4,0,11,2.58,Medium popularity
Dealer,"Ayo Maff, Fireboy DML",afrobeats,68,2024-04-16,2024,4,2020s,0.651,0.49,-6.259,0.108,0.567,0.138,7.59e-06,0.714,67.813,5,1,11,3.01,Medium popularity
アイドル,YOASOBI,j-pop,72,2023-04-12,2023,4,2020s,0.935,0.574,-2.783,0.367,0.836,0.0926,1.07e-06,0.112,166.008,4,1,1,3.55,High popularity
KICK BACK,Kenshi Yonezu,j-pop,72,2022-10-12,2022,10,2020s,0.941,0.577,-5.17,0.0891,0.292,0.105,3.36e-06,0.00207,101.921,4,1,1,3.22,High popularity
ライラック,Mrs. GREEN APPLE,j-pop,77,2024-04-11,2024,4,2020s,0.794,0.531,-4.363,0.082,0.775,0.0964,0.0,0.0176,149.923,4,1,10,4.8,High popularity
青のすみか,Tatsuya Kitani,j-pop,71,2023-07-07,2023,7,2020s,0.898,0.479,-4.809,0.297,0.639,0.169,0.0,0.0134,151.99,4,1,1,3.27,High popularity
Bling-Bang-Bang-Born,Creepy Nuts,j-pop,80,2024-01-07,2024,1,2020s,0.822,0.853,-6.836,0.166,0.746,0.246,0.00985,0.0841,157.013,4,0,6,2.8,High popularity
カーテンコール,Yuuri,j-pop,73,2024-07-19,2024,7,2020s,0.905,0.545,-3.823,0.182,0.735,0.0684,0.0,0.103,141.131,4,1,5,4.05,High popularity
晴る,ヨルシカ,j-pop,70,2024-01-05,2024,1,2020s,0.571,0.695,-6.249,0.118,0.726,0.111,3.58e-06,0.032,101.955,4,0,11,4.51,High popularity
Nobody - from Kaiju No. 8,OneRepublic,j-pop,69,2024-04-12,2024,4,2020s,0.811,0.693,-5.765,0.106,0.944,0.0313,0.0,0.395,139.959,4,1,5,2.56,Medium popularity
Abyss - from Kaiju No. 8,YUNGBLUD,j-pop,68,2024-01-19,2024,1,2020s,0.808,0.576,-4.241,0.127,0.172,0.0407,0.0,0.00615,115.063,4,1,1,2.05,Medium popularity
絆ノ奇跡,"MAN WITH A MISSION, milet",j-pop,68,2023-04-10,2023,4,2020s,0.951,0.436,-4.748,0.149,0.428,0.202,0.0,0.0046,169.955,4,0,7,3.72,Medium popularity
タイムパラドックス,Vaundy,j-pop,68,2024-01-07,2024,1,2020s,0.514,0.829,-5.333,0.231,0.757,0.0531,1.45e-06,0.439,82.05,4,1,2,3.78,Medium popularity
Master Of Puppets,Metallica,metal,75,1986-03-03,1986,3,1980s,0.836,0.543,-9.11,0.153,0.56,0.0353,0.431,0.000647,105.173,4,0,4,8.59,High popularity
Walk,Pantera,metal,73,1992-02-21,1992,2,1990s,0.704,0.43,-8.008,0.0933,0.703,0.0804,0.00221,0.000155,118.242,4,0,1,5.25,High popularity
Chop Suey!,System Of A Down,metal,83,2001-09-04,2001,9,2000s,0.934,0.417,-3.908,0.132,0.287,0.119,0.0015,0.000278,127.066,4,0,7,3.5,High popularity
Blind,Korn,metal,68,1994-10-11,1994,10,1990s,0.891,0.283,-8.165,0.159,0.226,0.178,0.0038,0.00678,92.049,4,1,2,4.3,Medium popularity
One,Metallica,metal,72,1988-08-25,1988,8,1980s,0.695,0.437,-9.447,0.124,0.413,0.0617,0.0857,0.00111,102.178,3,1,7,7.46,High popularity
Mother,Danzig,metal,69,1988-01-01,1988,1,1980s,0.763,0.365,-9.45,0.0865,0.342,0.0591,0.000457,0.00726,148.366,4,0,11,3.41,Medium popularity
Cowboys from Hell,Pantera,metal,71,1990-07-20,1990,7,1990s,0.908,0.415,-9.701,0.082,0.437,0.0765,0.0345,0.00437,114.816,4,1,2,4.06,High popularity
Enter Sandman,Metallica,metal,79,1991-08-12,1991,8,1990s,0.828,0.577,-8.691,0.0581,0.604,0.0298,0.0114,0.00213,123.257,4,0,6,5.52,High popularity
Hail to the King,Avenged Sevenfold,metal,75,2013-08-23,2013,8,2010s,0.916,0.58,-4.358,0.126,0.683,0.0387,0.0259,0.000297,118.004,4,0,3,5.1,High popularity
Freak On a Leash,Korn,metal,77,1998-08-18,1998,8,1990s,0.898,0.353,-5.877,0.39,0.525,0.052,0.105,2.23e-05,103.299,4,1,2,4.26,High popularity
Dragula,Rob Zombie,metal,77,1998-01-01,1998,1,1990s,0.963,0.59,-6.489,0.0781,0.586,0.0676,0.000105,8.75e-05,125.033,4,0,0,3.71,High popularity
Nightmare,Avenged Sevenfold,metal,70,2010-07-23,2010,7,2010s,0.949,0.554,-4.928,0.2,0.233,0.0787,9.98e-05,0.000318,129.984,4,1,2,6.24,High popularity
My Own Summer (Shove It),Deftones,metal,77,1997-10-27,1997,10,1990s,0.781,0.443,-4.277,0.166,0.372,0.0377,0.205,1.33e-05,71.841,4,1,1,3.58,High popularity
Schism,TOOL,metal,68,2001-05-15,2001,5,2000s,0.714,0.567,-8.512,0.186,0.191,0.0302,0.417,0.0012,107.441,3,0,9,6.73,Medium popularity
"Nuthin' But A ""G"" Thang","Dr. Dre, Snoop Dogg",hip-hop,76,1992-12-15,1992,12,1990s,0.821,0.669,-4.37,0.147,0.684,0.29,0.0,0.00182,94.895,4,0,11,3.96,High popularity
Could You Be Loved,Bob Marley & The Wailers,reggae,79,1980-06-10,1980,6,1980s,0.72,0.916,-8.548,0.0958,0.761,0.1,0.00016,0.36,103.314,4,1,0,3.95,High popularity
Welcome To Jamrock,Damian Marley,reggae,68,2005-01-01,2005,1,2000s,0.661,0.836,-6.502,0.449,0.753,0.338,0.0,0.0208,76.71,4,0,7,3.55,Medium popularity
Murder She Wrote,Chaka Demus & Pliers,reggae,68,1993-01-01,1993,1,1990s,0.733,0.883,-9.153,0.334,0.946,0.128,0.00026,0.161,95.107,4,0,11,4.08,Medium popularity
Buffalo Soldier,Bob Marley & The Wailers,reggae,70,1983-05-23,1983,5,1980s,0.463,0.929,-8.651,0.0634,0.755,0.308,5.3e-06,0.143,124.084,4,1,9,4.26,High popularity
Still D.R.E.,"Dr. Dre, Snoop Dogg",hip-hop,81,1999-11-16,1999,11,1990s,0.775,0.816,-3.323,0.0543,0.527,0.234,0.00031,0.16,93.431,4,1,11,4.51,High popularity
Hypnotize - 2014 Remaster,The Notorious B.I.G.,hip-hop,78,1997-03-04,1997,3,1990s,0.697,0.901,-3.439,0.287,0.67,0.28,0.0,0.145,93.941,4,1,9,3.83,High popularity
Doo Wop (That Thing),Ms. Lauryn Hill,hip-hop,74,1998-08-25,1998,8,1990s,0.505,0.535,-8.926,0.0923,0.495,0.245,0.0,0.0393,99.935,4,0,2,5.34,High popularity
Do For Love,2Pac,hip-hop,74,1997-01-01,1997,1,1990s,0.63,0.874,-3.585,0.0582,0.717,0.298,0.00479,0.0578,95.0,4,1,1,4.69,High popularity
"Shook Ones, Pt. II",Mobb Deep,hip-hop,74,1995-04-25,1995,4,1990s,0.786,0.763,-6.472,0.0817,0.504,0.229,0.0114,0.0146,93.857,4,0,10,5.43,High popularity
I Got 5 On It,"Luniz, Michael Marshall",hip-hop,73,1995-07-04,1995,7,1990s,0.706,0.584,-7.899,0.125,0.579,0.366,0.0,0.209,174.039,4,0,10,4.23,High popularity
Still Not a Player (feat. Joe) - Radio Version,"Big Pun, Joe",hip-hop,72,1998-04-28,1998,4,1990s,0.62,0.9,-6.518,0.0647,0.867,0.312,0.00156,0.2,94.121,4,0,4,3.95,High popularity
Juicy - 2005 Remaster,The Notorious B.I.G.,hip-hop,73,1994-09-13,1994,9,1990s,0.818,0.889,-4.639,0.179,0.782,0.253,0.0,0.47,96.063,4,1,9,5.05,High popularity
C.R.E.A.M. (Cash Rules Everything Around Me),Wu-Tang Clan,hip-hop,72,1993-11-09,1993,11,1990s,0.514,0.512,-11.562,0.126,0.565,0.387,0.00958,0.555,181.033,4,0,11,4.2,High popularity
Insane in the Brain,Cypress Hill,hip-hop,70,1993-07-20,1993,7,1990s,0.611,0.897,-10.489,0.0894,0.769,0.211,0.186,0.0291,102.304,4,1,11,3.47,High popularity
ATLiens,Outkast,hip-hop,70,1996-08-27,1996,8,1990s,0.734,0.918,-2.832,0.191,0.608,0.269,8.01e-06,0.0296,97.044,4,0,11,3.84,High popularity
N.Y. State of Mind,Nas,hip-hop,70,1994-04-19,1994,4,1990s,0.91,0.665,-4.682,0.227,0.887,0.223,0.0,0.0394,84.099,4,0,6,4.9,High popularity
Check Yo Self - Remix,"Ice Cube, Das EFX",hip-hop,69,1994-11-22,1994,11,1990s,0.735,0.934,-6.668,0.107,0.768,0.251,8.6e-06,0.031,101.368,4,1,1,4.55,Medium popularity
Dear Mama,2Pac,hip-hop,68,1995-03-14,1995,3,1990s,0.54,0.773,-7.123,0.131,0.322,0.103,0.0,0.371,84.115,4,1,6,4.67,Medium popularity
Survival of the Fittest,Mobb Deep,hip-hop,68,1995-04-25,1995,4,1990s,0.703,0.813,-5.077,0.237,0.241,0.268,1.26e-06,0.125,94.828,4,0,11,3.74,Medium popularity
Mo Money Mo Problems (feat. Puff Daddy & Mase) - 2014 Remaster,"The Notorious B.I.G., Mase, Diddy",hip-hop,72,1997-03-04,1997,3,1990s,0.884,0.845,-4.506,0.203,0.904,0.0759,2.1e-06,0.0128,104.536,4,0,6,4.29,High popularity
Can I Kick It?,A Tribe Called Quest,hip-hop,68,1990-04-17,1990,4,1990s,0.666,0.848,-6.547,0.129,0.744,0.274,0.000699,0.173,96.662,4,1,0,4.19,Medium popularity
Keep Ya Head Up,2Pac,hip-hop,68,1993-02-16,1993,2,1990s,0.732,0.598,-7.013,0.508,0.595,0.425,0.0,0.144,172.329,4,1,4,4.38,Medium popularity
Everybody Wants To Rule The World,Tears For Fears,rock,85,1985-02-25,1985,2,1980s,0.795,0.645,-12.095,0.104,0.535,0.0527,0.00389,0.347,112.067,4,1,7,4.19,High popularity
Don't Stop Believin',Journey,rock,72,2001-10-16,2001,10,2000s,0.802,0.491,-7.106,0.387,0.472,0.0392,0.0,0.25,119.25,4,1,4,4.15,High popularity
Dancing In the Dark,Bruce Springsteen,rock,82,1984-06-04,1984,6,1980s,0.942,0.527,-5.64,0.188,0.495,0.0366,0.0,0.0115,148.723,4,0,1,4.02,High popularity
You Give Love A Bad Name,Bon Jovi,rock,81,1986-08-16,1986,8,1980s,0.959,0.541,-2.947,0.344,0.812,0.0505,2.18e-06,0.0663,122.805,4,0,0,3.71,High popularity
Summer Of '69,Bryan Adams,rock,80,1984-11-05,1984,11,1980s,0.834,0.509,-6.205,0.0732,0.774,0.0386,0.0,0.0183,139.13,4,1,2,3.6,High popularity
Under Pressure - Remastered 2011,"Queen, David Bowie",rock,79,1982-05-03,1982,5,1980s,0.712,0.671,-7.815,0.103,0.462,0.0476,0.0,0.429,113.805,4,1,2,4.14,High popularity
Start Me Up - Remastered 2009,The Rolling Stones,rock,76,1981-08-24,1981,8,1980s,0.932,0.631,-4.142,0.0918,0.971,0.0354,0.137,0.0429,122.431,4,1,5,3.55,High popularity
Jump - 2015 Remaster,Van Halen,rock,75,1984-01-04,1984,1,1980s,0.835,0.572,-6.219,0.0702,0.795,0.0317,0.000377,0.171,129.981,4,1,0,4.03,High popularity
Hells Bells,AC/DC,rock,73,1980-07-25,1980,7,1980s,0.873,0.389,-4.768,0.273,0.303,0.0475,0.0055,0.00532,106.767,4,0,4,5.2,High popularity
Every Little Thing She Does Is Magic,The Police,rock,73,1981-10-02,1981,10,1980s,0.768,0.558,-9.997,0.124,0.429,0.0343,0.0626,0.121,81.909,4,1,2,4.34,High popularity
I Won't Back Down,Tom Petty,rock,73,1989-01-01,1989,1,1980s,0.478,0.766,-13.487,0.165,0.965,0.0329,2.49e-06,0.0513,114.02,4,1,7,2.97,High popularity
Wanted Dead Or Alive,Bon Jovi,rock,72,1986-08-16,1986,8,1980s,0.803,0.253,-3.977,0.309,0.258,0.0392,0.0146,0.129,150.036,4,1,7,5.14,High popularity
Run To You,Bryan Adams,rock,71,1984-11-05,1984,11,1980s,0.811,0.561,-6.157,0.287,0.635,0.0265,3.66e-05,0.00515,126.59,4,1,4,3.89,High popularity
Hungry Like the Wolf - 2009 Remaster,Duran Duran,rock,71,1982-05-10,1982,5,1980s,0.812,0.691,-7.772,0.299,0.685,0.0558,1.16e-06,0.0433,127.568,4,1,0,3.68,High popularity
Shout,Tears For Fears,rock,71,1985-02-25,1985,2,1980s,0.942,0.511,-10.407,0.139,0.498,0.0429,1.87e-05,0.174,97.909,4,1,0,6.56,High popularity
Separate Ways (Worlds Apart) [2023 Remaster],Journey,rock,70,1983-02-01,1983,2,1980s,0.96,0.469,-4.809,0.334,0.37,0.0629,1.81e-06,0.141,131.707,4,0,4,5.39,High popularity
Glory Days,Bruce Springsteen,rock,70,1984-06-04,1984,6,1980s,0.96,0.574,-4.906,0.121,0.978,0.032,0.0,0.0457,117.486,4,1,9,4.25,High popularity
Edge of Seventeen - 2016 Remaster,Stevie Nicks,rock,69,1981-07-27,1981,7,1980s,0.804,0.591,-7.299,0.0818,0.658,0.0454,5.98e-06,0.327,111.457,4,1,0,5.49,Medium popularity
Beds Are Burning - Remastered,Midnight Oil,rock,69,1987-10-02,1987,10,1980s,0.427,0.753,-11.112,0.058,0.295,0.0387,0.00065,0.00787,119.18,4,1,0,4.26,Medium popularity
Don't Stand So Close To Me,The Police,rock,69,1980-10-03,1980,10,1980s,0.506,0.799,-9.414,0.0365,0.518,0.0606,0.00107,0.0453,140.309,4,1,2,4.04,Medium popularity
Hysteria,Def Leppard,rock,69,1987-08-03,1987,8,1980s,0.846,0.659,-5.508,0.203,0.659,0.0274,0.0144,0.0318,107.01,4,1,7,5.91,Medium popularity
Call Me,Blondie,rock,69,2004-01-01,2004,1,2000s,0.833,0.553,-6.667,0.0737,0.773,0.0347,0.00246,0.000646,142.663,4,0,2,3.54,Medium popularity
Fight For Your Right,Beastie Boys,rock,68,1986-11-15,1986,11,1980s,0.858,0.503,-6.296,0.0803,0.419,0.0657,0.00234,0.00757,133.615,5,1,8,3.48,Medium popularity
Every Rose Has Its Thorn - 2003 Remaster,Poison,rock,68,1988-03-21,1988,3,1980s,0.632,0.531,-5.557,0.364,0.294,0.0312,1.14e-05,0.16,140.176,4,1,6,4.34,Medium popularity
SPIDER,"GIMS, DYSTINCT",hip-hop,74,2024-05-10,2024,5,2020s,0.691,0.823,-7.322,0.1,0.707,0.197,1.73e-06,0.0774,119.96,4,0,9,3.15,High popularity
Bolide Noir,"Central Cee, JRK 19",hip-hop,70,2024-08-22,2024,8,2020s,0.78,0.724,-5.407,0.139,0.72,0.354,0.0,0.294,134.937,5,0,1,2.85,High popularity
MAMI WATA,"Gazo, Tiakola",hip-hop,68,2023-12-01,2023,12,2020s,0.693,0.702,-4.941,0.0702,0.572,0.191,0.0,0.139,87.973,4,0,5,3.89,Medium popularity
Rockstar,LISA,k-pop,83,2024-06-27,2024,6,2020s,0.628,0.668,-4.692,0.0293,0.568,0.046,0.0,0.129,140.053,4,1,8,2.3,High popularity
Supernova,aespa,k-pop,72,2024-05-27,2024,5,2020s,0.747,0.745,-4.278,0.0738,0.363,0.0815,1.69e-06,0.0073,120.073,4,0,11,2.98,High popularity
Armageddon,aespa,k-pop,74,2024-05-27,2024,5,2020s,0.786,0.695,-2.048,0.109,0.465,0.0666,1.41e-06,0.0668,91.992,4,1,9,3.27,High popularity
Small girl (feat. D.O.),"Lee Young Ji, D.O.",k-pop,72,2024-06-21,2024,6,2020s,0.597,0.77,-4.901,0.239,0.875,0.223,0.0,0.53,170.022,4,1,1,3.16,High popularity
SPOT!,"ZICO, JENNIE",k-pop,78,2024-04-26,2024,4,2020s,0.782,0.875,-3.905,0.113,0.906,0.078,0.0,0.151,108.038,4,0,5,2.8,High popularity
How Sweet,NewJeans,k-pop,78,2024-05-24,2024,5,2020s,0.895,0.803,-2.888,0.154,0.757,0.0623,5.67e-06,0.0816,124.994,4,1,1,3.65,High popularity
SHEESH,BABYMONSTER,k-pop,78,2024-04-01,2024,4,2020s,0.728,0.774,-5.079,0.0473,0.461,0.169,0.0,0.113,140.041,4,1,2,2.84,High popularity
LIKE THAT,BABYMONSTER,k-pop,75,2024-04-01,2024,4,2020s,0.5,0.871,-8.675,0.0672,0.76,0.103,3.49e-06,0.32,101.959,4,0,11,2.81,High popularity
Smoothie,NCT DREAM,k-pop,69,2024-03-25,2024,3,2020s,0.774,0.801,-3.604,0.0968,0.383,0.157,0.0,0.00871,109.945,4,1,1,3.13,Medium popularity
Drama,aespa,k-pop,78,2023-11-10,2023,11,2020s,0.872,0.644,-1.54,0.363,0.378,0.0417,0.0,0.164,131.016,4,0,6,3.58,High popularity
Running Wild,Jin,pop,71,2024-11-19,2024,11,2020s,0.711,0.487,-4.22,0.152,0.317,0.0322,0.0,0.000175,146.921,4,1,8,2.53,High popularity
Sailor Song,Gigi Perez,pop,93,2024-07-26,2024,7,2020s,0.413,0.494,-10.432,0.193,0.273,0.0254,6.72e-05,0.682,94.938,4,1,11,3.53,High popularity
Taste,Sabrina Carpenter,pop,93,2024-08-23,2024,8,2020s,0.907,0.674,-4.086,0.297,0.721,0.064,0.0,0.101,112.964,4,1,3,2.62,High popularity
Espresso,Sabrina Carpenter,pop,88,2024-08-23,2024,8,2020s,0.776,0.699,-5.282,0.205,0.708,0.0293,5.36e-06,0.131,103.963,4,1,0,2.92,High popularity
All I Want for Christmas Is You,Mariah Carey,pop,87,1994-10-28,1994,10,1990s,0.627,0.336,-7.463,0.0708,0.35,0.0384,0.0,0.164,150.273,4,1,7,4.02,High popularity
Last Christmas - Single Version,Wham!,pop,72,2023-07-07,2023,7,2020s,0.598,0.733,-8.228,0.156,0.935,0.0278,3.71e-06,0.212,107.732,4,1,2,4.43,High popularity
Beautiful Things,Benson Boone,pop,89,2024-04-05,2024,4,2020s,0.471,0.472,-5.692,0.14,0.219,0.0603,0.0,0.151,105.029,3,1,10,3.01,High popularity
The Emptiness Machine,Linkin Park,pop,79,2024-11-15,2024,11,2020s,0.872,0.466,-3.344,0.121,0.806,0.0336,0.0,0.0156,184.115,4,1,7,3.17,High popularity
Please Please Please,Sabrina Carpenter,pop,87,2024-08-23,2024,8,2020s,0.586,0.675,-6.086,0.104,0.621,0.0531,0.0,0.257,107.015,4,1,9,3.11,High popularity
The Night We Met,Lord Huron,pop,88,2015-04-06,2015,4,2010s,0.369,0.448,-9.514,0.638,0.0998,0.0452,0.272,0.968,174.097,3,1,9,3.47,High popularity
Sweater Weather,The Neighbourhood,pop,90,2013-04-22,2013,4,2010s,0.807,0.612,-2.81,0.101,0.398,0.0336,0.0177,0.0495,124.053,4,1,10,4.01,High popularity
I Wanna Be Yours,Arctic Monkeys,pop,90,2013-09-09,2013,9,2010s,0.417,0.464,-9.345,0.0974,0.479,0.0256,0.022,0.136,67.528,4,0,0,3.07,High popularity
See You Again (feat. Kali Uchis),"Tyler, The Creator, Kali Uchis",pop,90,2017-07-21,2017,7,2010s,0.559,0.558,-9.222,0.109,0.62,0.0959,7.49e-06,0.371,78.558,4,1,6,3.01,High popularity
Yellow,Coldplay,pop,89,2000-07-10,2000,7,2000s,0.661,0.429,-7.227,0.234,0.285,0.0281,0.000121,0.00239,173.372,4,1,11,4.45,High popularity
That's What I Like,Bruno Mars,pop,88,2016-11-17,2016,11,2010s,0.56,0.853,-4.961,0.0944,0.86,0.0406,0.0,0.013,134.066,4,1,1,3.44,High popularity
Locked out of Heaven,Bruno Mars,pop,89,2012-12-07,2012,12,2010s,0.698,0.726,-4.165,0.309,0.867,0.0431,0.0,0.049,143.994,4,1,5,3.89,High popularity
Bed Chem,Sabrina Carpenter,pop,90,2024-08-23,2024,8,2020s,0.727,0.739,-5.968,0.104,0.676,0.0426,0.0,0.0678,94.99,4,0,11,2.86,High popularity
Like Him (feat. Lola Young),"Tyler, The Creator, Lola Young",pop,87,2024-10-28,2024,10,2020s,0.555,0.392,-6.707,0.13,0.191,0.039,0.000253,0.287,96.063,3,0,4,4.63,High popularity
Night Changes,One Direction,pop,89,2014-11-17,2014,11,2010s,0.52,0.672,-7.747,0.115,0.37,0.0353,0.0,0.859,120.001,4,1,8,3.78,High popularity
Rockin' Around The Christmas Tree,Brenda Lee,pop,83,1964-10-19,1964,10,pre-1980,0.47,0.598,-8.744,0.505,0.879,0.0496,0.0,0.617,67.086,4,1,8,2.1,High popularity
"One Of The Girls (with JENNIE, Lily Rose Depp)","The Weeknd, JENNIE, Lily-Rose Depp",pop,89,2023-06-23,2023,6,2020s,0.64,0.264,-6.221,0.151,0.19,0.0442,2.31e-06,0.0393,84.828,4,1,8,4.08,High popularity
Just the Way You Are,Bruno Mars,pop,85,2010-05-11,2010,5,2010s,0.841,0.635,-5.379,0.0622,0.424,0.0422,0.0,0.0134,109.021,4,1,5,3.68,High popularity
A Bar Song (Tipsy),Shaboozey,pop,84,2024-05-31,2024,5,2020s,0.706,0.722,-4.857,0.067,0.599,0.0292,0.0,0.072,80.969,4,1,9,2.85,High popularity
NIGHTS LIKE THIS,The Kid LAROI,pop,88,2023-11-10,2023,11,2020s,0.757,0.482,-4.586,0.143,0.12,0.0355,0.0016,0.0137,142.579,4,1,6,1.45,High popularity
Too Sweet,Hozier,pop,84,2024-08-19,2024,8,2020s,0.643,0.74,-5.446,0.0407,0.96,0.0413,0.00229,0.041,117.025,4,1,10,4.19,High popularity
Juno,Sabrina Carpenter,pop,87,2024-08-23,2024,8,2020s,0.725,0.633,-4.257,0.205,0.64,0.0427,0.0,0.0461,130.504,4,1,5,3.72,High popularity
Riptide,Vance Joy,pop,85,2014-08-05,2014,8,2010s,0.731,0.483,-6.696,0.151,0.484,0.0381,0.0,0.436,101.654,4,1,1,3.4,High popularity
Heavy Is the Crown,Linkin Park,pop,78,2024-11-15,2024,11,2020s,0.928,0.571,-3.725,0.297,0.488,0.0453,0.0,0.00932,127.939,4,0,4,2.78,High popularity
Santa Tell Me,Ariana Grande,pop,82,2014-11-24,2014,11,2010s,0.621,0.525,-7.364,0.291,0.592,0.117,0.0,0.0489,191.868,4,1,7,3.4,High popularity
Jingle Bell Rock,Bobby Helms,pop,80,1957-12-02,1957,12,pre-1980,0.424,0.754,-8.463,0.0652,0.806,0.0363,0.0,0.643,119.705,4,1,2,2.18,High popularity
we can't be friends (wait for your love),Ariana Grande,pop,86,2024-03-08,2024,3,2020s,0.646,0.645,-8.334,0.074,0.295,0.0427,3.04e-05,0.0615,115.842,4,1,5,3.81,High popularity
LA INOCENTE,"Mora, Feid",latin,78,2022-04-01,2022,4,2020s,0.789,0.757,-3.46,0.0717,0.464,0.0583,0.0,0.307,91.911,4,0,5,3.37,High popularity
PERRO NEGRO,"Bad Bunny, Feid",latin,84,2023-10-13,2023,10,2020s,0.778,0.911,-2.248,0.179,0.345,0.262,2.16e-05,0.0887,96.057,4,1,5,2.71,High popularity
BUBALU,"Feid, Rema",latin,68,2023-09-22,2023,9,2020s,0.786,0.781,-5.211,0.107,0.759,0.0885,5.88e-06,0.115,111.989,4,0,6,3.8,Medium popularity
HACIENDO QUE ME AMAS,Bad Bunny,latin,71,2020-11-27,2020,11,2020s,0.411,0.584,-7.147,0.0955,0.412,0.0838,4.47e-05,0.869,169.934,4,0,10,3.63,High popularity
Tan Bonita,Piso 21,latin,68,2021-03-18,2021,3,2020s,0.804,0.82,-7.226,0.064,0.844,0.0528,0.00215,0.175,110.982,4,1,9,3.53,Medium popularity
Tiroteo - Remix,"Marc Seguí, Rauw Alejandro, Pol Granch",latin,78,2021-04-01,2021,4,2020s,0.522,0.75,-7.018,0.0743,0.601,0.0293,0.0,0.282,110.427,4,1,9,5.36,High popularity
Cómo Te Atreves,Morat,latin,72,2016-06-17,2016,6,2010s,0.888,0.617,-4.567,0.162,0.771,0.0402,0.0,0.0705,130.97,4,1,4,4.01,High popularity
Tacones Rojos,Sebastian Yatra,latin,68,2021-10-22,2021,10,2020s,0.856,0.748,-3.517,0.142,0.927,0.0348,0.0,0.0824,123.031,4,0,11,3.16,Medium popularity
Fuera del mercado,Danny Ocean,latin,76,2022-02-17,2022,2,2020s,0.673,0.453,-5.649,0.131,0.266,0.144,0.0,0.32,92.06,4,1,8,2.66,High popularity
Ojitos Lindos,"Bad Bunny, Bomba Estéreo",latin,80,2022-05-06,2022,5,2020s,0.686,0.647,-5.745,0.528,0.268,0.0413,1.34e-06,0.08,79.928,4,0,3,4.3,High popularity
Otro Atardecer,"Bad Bunny, The Marías",latin,75,2022-05-06,2022,5,2020s,0.595,0.777,-6.79,0.0669,0.546,0.0375,0.00139,0.59,108.02,4,1,2,4.07,High popularity
Yo No Soy Celoso,Bad Bunny,latin,70,2022-05-06,2022,5,2020s,0.588,0.872,-6.276,0.17,0.93,0.0492,0.0,0.275,142.004,4,1,0,3.85,High popularity
Neverita,Bad Bunny,latin,75,2022-05-06,2022,5,2020s,0.498,0.876,-7.511,0.143,0.428,0.0478,0.0,0.0706,122.016,4,1,10,2.89,High popularity
Un Coco,Bad Bunny,latin,76,2022-05-06,2022,5,2020s,0.69,0.839,-4.464,0.176,0.744,0.0615,8.33e-06,0.207,151.991,4,1,11,3.27,High popularity
Andrea,"Bad Bunny, Buscabulla",latin,74,2022-05-06,2022,5,2020s,0.616,0.797,-10.229,0.0979,0.451,0.375,0.000293,0.762,103.071,4,0,1,5.66,High popularity
PROVENZA,KAROL G,latin,71,2022-04-22,2022,4,2020s,0.516,0.87,-8.006,0.11,0.53,0.0541,0.00823,0.656,111.005,4,1,1,3.5,High popularity
Inolvidable,"Ovy On The Drums, Beéle",latin,70,2020-01-15,2020,1,2020s,0.543,0.84,-4.941,0.128,0.74,0.0568,0.0,0.678,139.929,4,1,0,3.76,High popularity
DESPECHÁ,ROSALÍA,latin,71,2022-07-28,2022,7,2020s,0.623,0.919,-6.521,0.0609,0.775,0.0992,1.63e-05,0.184,130.037,4,1,7,2.62,High popularity
"Quevedo: Bzrp Music Sessions, Vol. 52","Bizarrap, Quevedo",latin,80,2022-07-06,2022,7,2020s,0.782,0.621,-5.548,0.23,0.55,0.044,0.033,0.0125,128.033,4,1,2,3.32,High popularity
telepatía,Kali Uchis,latin,81,2020-12-04,2020,12,2020s,0.524,0.653,-9.016,0.203,0.553,0.0502,0.0,0.112,83.97,4,0,11,2.67,High popularity
AMOR DE CINE,HUMBE,latin,71,2021-11-11,2021,11,2020s,0.586,0.326,-7.966,0.0787,0.295,0.0605,0.0,0.531,189.978,4,1,6,4.37,High popularity
Gato de Noche,"Ñengo Flow, Bad Bunny",latin,68,2022-12-22,2022,12,2020s,0.662,0.892,-3.894,0.363,0.607,0.162,1.24e-06,0.169,93.976,4,1,8,3.78,Medium popularity
un x100to,"Grupo Frontera, Bad Bunny",latin,75,2023-04-17,2023,4,2020s,0.724,0.569,-4.076,0.27,0.562,0.0474,0.0,0.228,83.118,4,0,6,3.24,High popularity
Si No Estás,iñigo quintero,latin,80,2022-09-23,2022,9,2020s,0.421,0.537,-8.72,0.138,0.524,0.0285,0.0,0.827,98.224,4,1,5,3.07,High popularity
CLASSY 101,"Feid, Young Miko",latin,79,2023-12-01,2023,12,2020s,0.665,0.858,-4.772,0.119,0.659,0.152,0.0,0.126,100.09,4,1,11,3.26,High popularity
Martin & Gina,Polo G,arabic,78,2020-05-15,2020,5,2020s,0.534,0.832,-7.813,0.165,0.116,0.253,0.0,0.345,93.924,4,0,1,2.21,High popularity
Chosen 1,Polo G,arabic,68,2019-06-07,2019,6,2010s,0.576,0.77,-11.845,0.08,0.364,0.339,0.0,0.138,166.162,4,0,8,2.12,Medium popularity
Lemonade (feat. NAV),"Internet Money, Gunna, Don Toliver, NAV",arabic,77,2020-08-28,2020,8,2020s,0.658,0.8,-6.142,0.111,0.462,0.079,0.0,0.25,140.042,4,0,1,3.26,High popularity
Drip Too Hard (Lil Baby & Gunna),"Lil Baby, Gunna",arabic,79,2018-10-05,2018,10,2010s,0.662,0.897,-6.903,0.534,0.39,0.292,0.0,0.0852,112.509,4,0,1,2.43,High popularity
Roll in Peace (feat. XXXTENTACION),"Kodak Black, XXXTENTACION",arabic,71,2017-08-18,2017,8,2010s,0.524,0.747,-6.807,0.2,0.363,0.245,0.0,0.0306,140.053,4,0,10,3.55,High popularity
No Heart,"21 Savage, Metro Boomin",arabic,68,2016-07-15,2016,7,2010s,0.444,0.906,-8.692,0.173,0.678,0.384,6.44e-05,0.136,140.063,4,0,4,3.92,Medium popularity
Pop Out (feat. Lil Tjay),"Polo G, Lil Tjay",arabic,74,2019-06-07,2019,6,2010s,0.639,0.772,-7.119,0.0698,0.261,0.467,0.0,0.15,168.112,4,1,1,2.78,High popularity
Bank Account,21 Savage,arabic,72,2017-07-06,2017,7,2010s,0.347,0.884,-8.227,0.0871,0.376,0.35,7e-06,0.015,75.016,4,0,8,3.67,High popularity
Low Down,Lil Baby,arabic,72,2020-05-01,2020,5,2020s,0.619,0.962,-5.562,0.083,0.154,0.405,0.0,0.0354,127.956,4,0,10,2.41,High popularity
10 Freaky Girls (with 21 Savage),"Metro Boomin, 21 Savage",arabic,73,2018-11-06,2018,11,2010s,0.353,0.797,-9.931,0.102,0.0731,0.369,0.0,0.59,87.997,4,0,6,3.47,High popularity
Freestyle,Lil Baby,arabic,77,2017-12-01,2017,12,2010s,0.516,0.877,-5.426,0.143,0.255,0.0706,0.0,0.215,119.996,4,0,2,2.7,High popularity
Walk Em Down (feat. Roddy Ricch),"NLE Choppa, Roddy Ricch",arabic,71,2020-08-07,2020,8,2020s,0.744,0.867,-5.171,0.0713,0.645,0.227,0.0,0.268,84.005,4,1,2,2.89,High popularity
F.N,Lil Tjay,arabic,73,2019-10-11,2019,10,2010s,0.515,0.567,-10.265,0.078,0.321,0.247,0.0,0.354,120.1,1,0,6,3.73,High popularity
Baby (Lil Baby feat. DaBaby),"Quality Control, Lil Baby, DaBaby",arabic,72,2019-08-16,2019,8,2010s,0.463,0.97,-7.259,0.151,0.46,0.366,0.0,0.0957,108.003,4,1,10,2.37,High popularity
back to the moon,Gunna,arabic,69,2023-06-16,2023,6,2020s,0.662,0.767,-4.856,0.123,0.259,0.0578,0.0,0.103,143.943,4,0,5,3.22,Medium popularity
Stand By Me (feat. Morgan Wallen),"Lil Durk, Morgan Wallen",arabic,68,2023-05-26,2023,5,2020s,0.701,0.71,-5.415,0.178,0.564,0.0317,0.0,0.0105,134.039,4,1,11,3.65,Medium popularity
Lean Wit Me,Juice WRLD,arabic,77,2018-12-10,2018,12,2010s,0.651,0.665,-5.515,0.0896,0.237,0.156,0.0,0.0414,163.935,4,1,1,2.93,High popularity
Robbery,Juice WRLD,arabic,78,2019-03-08,2019,3,2010s,0.692,0.623,-5.122,0.153,0.566,0.0504,0.0,0.328,79.899,4,1,2,4.0,High popularity
1400 / 999 Freestyle (feat. Juice WRLD),"Trippie Redd, Juice WRLD",arabic,69,2018-11-09,2018,11,2010s,0.572,0.823,-6.067,0.113,0.568,0.0865,0.0,0.0079,141.996,4,0,6,2.93,Medium popularity
Wishing Well,Juice WRLD,arabic,76,2020-07-10,2020,7,2020s,0.613,0.65,-6.13,0.267,0.0804,0.128,0.0,0.00336,149.972,4,0,9,3.24,High popularity
All Girls Are The Same,Juice WRLD,arabic,83,2018-12-10,2018,12,2010s,0.529,0.671,-7.226,0.0856,0.203,0.307,0.000335,0.0769,161.989,4,1,0,2.76,High popularity
Black & White,Juice WRLD,arabic,71,2018-12-10,2018,12,2010s,0.736,0.776,-4.612,0.159,0.233,0.247,0.0,0.0802,147.946,4,1,7,3.12,High popularity
Lonely At The Top,Asake,arabic,70,2023-06-15,2023,6,2020s,0.801,0.778,-7.326,0.0912,0.914,0.106,0.000155,0.692,104.986,4,0,6,2.63,High popularity
Goodbyes (feat. Young Thug),"Post Malone, Young Thug",arabic,74,2019-09-06,2019,9,2010s,0.653,0.547,-3.875,0.103,0.163,0.081,0.0,0.456,150.097,4,1,5,2.91,High popularity
Trance (with Travis Scott & Young Thug),"Metro Boomin, Travis Scott, Young Thug",arabic,82,2022-12-02,2022,12,2020s,0.552,0.765,-7.524,0.193,0.492,0.309,0.0,0.175,119.476,4,0,1,3.25,High popularity
Active,"Asake, Travis Scott",arabic,68,2024-08-08,2024,8,2020s,0.64,0.869,-7.677,0.0747,0.535,0.0424,0.00119,0.011,112.984,4,0,5,2.88,Medium popularity
Life Goes On,"Lil Baby, Gunna, Lil Uzi Vert",arabic,72,2018-05-18,2018,5,2010s,0.541,0.716,-7.909,0.115,0.387,0.149,0.0,0.0021,139.978,4,1,1,4.12,High popularity
Easy On Me,Adele,pop,77,2021-10-14,2021,10,2020s,0.366,0.604,-7.519,0.133,0.13,0.0282,0.0,0.578,141.981,4,1,5,3.74,High popularity
Wrecking Ball,Miley Cyrus,pop,78,2013-10-04,2013,10,2010s,0.422,0.53,-6.262,0.107,0.349,0.0342,0.0,0.407,119.964,4,1,5,3.69,High popularity
All of Me,John Legend,pop,83,2013-08-30,2013,8,2010s,0.264,0.422,-7.064,0.132,0.331,0.0322,0.0,0.922,119.93,4,1,8,4.49,High popularity
Just Give Me a Reason (feat. Nate Ruess),"P!nk, Nate Ruess",pop,83,2012-09-18,2012,9,2010s,0.547,0.778,-7.273,0.132,0.442,0.0489,0.000306,0.344,95.0,4,1,2,4.05,High popularity
Counting Stars,OneRepublic,pop,71,2014-01-01,2014,1,2010s,0.706,0.663,-4.972,0.115,0.474,0.0383,0.0,0.0654,122.013,4,0,1,4.3,High popularity
Unstoppable,Sia,pop,77,2016-10-21,2016,10,2010s,0.779,0.468,-4.839,0.101,0.26,0.0779,0.000373,0.112,173.799,4,1,9,3.63,High popularity
Stick Season,Noah Kahan,pop,87,2022-10-14,2022,10,2020s,0.5,0.664,-6.935,0.0966,0.801,0.0651,0.0,0.799,117.896,4,1,9,3.04,High popularity
When I Was Your Man,Bruno Mars,pop,87,2012-12-07,2012,12,2010s,0.28,0.612,-8.648,0.088,0.387,0.0434,0.0,0.932,72.795,4,1,0,3.56,High popularity
Story of My Life,One Direction,pop,86,2013-11-25,2013,11,2010s,0.663,0.6,-5.802,0.119,0.286,0.0477,0.0,0.225,121.07,4,1,3,4.09,High popularity
Another Love,Tom Odell,pop,86,2013-06-24,2013,6,2010s,0.537,0.445,-8.532,0.0944,0.131,0.04,1.65e-05,0.695,122.769,4,0,4,4.07,High popularity
lovely (with Khalid),"Billie Eilish, Khalid",pop,86,2018-04-19,2018,4,2010s,0.296,0.351,-10.109,0.095,0.12,0.0333,0.0,0.934,115.284,4,0,4,3.34,High popularity
Nonsense,Sabrina Carpenter,pop,86,2022-07-15,2022,7,2020s,0.697,0.74,-4.912,0.224,0.732,0.034,0.0,0.0268,138.992,4,1,8,2.73,High popularity
Shape of You,Ed Sheeran,pop,86,2017-03-03,2017,3,2010s,0.652,0.825,-3.183,0.0931,0.931,0.0802,0.0,0.581,95.977,4,0,1,3.9,High popularity
Something in the Orange,Zach Bryan,pop,85,2022-04-22,2022,4,2020s,0.192,0.369,-12.151,0.0954,0.148,0.04,8.35e-06,0.555,175.212,3,0,4,3.8,High popularity
Say You Won't Let Go,James Arthur,pop,85,2016-10-28,2016,10,2010s,0.557,0.358,-7.398,0.0902,0.494,0.059,0.0,0.695,85.043,4,1,10,3.52,High popularity
Perfect,Ed Sheeran,pop,86,2017-03-03,2017,3,2010s,0.448,0.599,-6.312,0.106,0.168,0.0232,0.0,0.163,95.05,3,1,8,4.39,High popularity
The Scientist,Coldplay,pop,84,2002-08-27,2002,8,2000s,0.442,0.557,-7.224,0.11,0.213,0.0243,1.46e-05,0.731,146.277,4,1,5,5.16,High popularity
Skyfall,Adele,pop,84,2012-10-04,2012,10,2010s,0.552,0.346,-6.864,0.114,0.0789,0.0282,0.0,0.417,75.881,4,0,0,4.77,High popularity
Thunder,Imagine Dragons,pop,84,2017-06-23,2017,6,2010s,0.822,0.604,-4.833,0.147,0.288,0.0438,0.134,0.00672,167.997,4,1,0,3.12,High popularity
Lover,Taylor Swift,pop,84,2019-08-23,2019,8,2010s,0.543,0.359,-7.582,0.118,0.453,0.0919,1.58e-05,0.492,68.534,4,1,7,3.69,High popularity
Circles,Post Malone,pop,83,2019-09-06,2019,9,2010s,0.763,0.695,-3.497,0.0863,0.551,0.0396,0.00242,0.189,120.042,4,1,0,3.59,High popularity
Heather,Conan Gray,pop,83,2020-03-20,2020,3,2020s,0.425,0.357,-7.301,0.322,0.27,0.0333,0.0,0.584,102.078,3,1,5,3.3,High popularity
Ghost,Justin Bieber,pop,83,2021-03-19,2021,3,2020s,0.741,0.601,-5.569,0.415,0.441,0.0478,2.91e-05,0.185,153.96,4,1,2,2.55,High popularity
Maps,Maroon 5,pop,83,2014-09-02,2014,9,2010s,0.713,0.742,-5.522,0.059,0.879,0.0303,0.0,0.0205,120.032,4,0,1,3.17,High popularity
Photograph,Ed Sheeran,pop,84,2014-06-21,2014,6,2010s,0.379,0.614,-10.48,0.0986,0.201,0.0476,0.000464,0.607,107.989,4,1,4,4.32,High popularity
Stitches,Shawn Mendes,pop,82,2015-04-14,2015,4,2010s,0.754,0.752,-6.684,0.0486,0.755,0.0615,0.0,0.0151,149.789,4,1,1,3.45,High popularity
Fix You,Coldplay,pop,82,2005-06-07,2005,6,2000s,0.417,0.209,-8.74,0.113,0.124,0.0338,0.00196,0.164,138.178,4,1,3,4.93,High popularity
Fast Car,Luke Combs,pop,82,2023-03-24,2023,3,2020s,0.603,0.712,-5.52,0.115,0.67,0.0262,0.0,0.186,97.994,4,1,8,4.42,High popularity
Before You Go,Lewis Capaldi,pop,81,2019-11-22,2019,11,2010s,0.574,0.459,-4.857,0.0885,0.183,0.0577,0.0,0.608,111.881,4,1,3,3.59,High popularity
Anti-Hero,Taylor Swift,pop,81,2022-10-21,2022,10,2020s,0.648,0.633,-6.645,0.161,0.49,0.062,2.62e-06,0.121,96.888,4,1,4,3.34,High popularity
Complicated,Avril Lavigne,pop,81,2002-06-04,2002,6,2000s,0.776,0.585,-5.898,0.3,0.427,0.0459,7.74e-06,0.0572,77.987,4,1,5,4.08,High popularity
Paradise,Coldplay,pop,81,2011-10-24,2011,10,2010s,0.585,0.449,-6.761,0.0833,0.212,0.0268,8.75e-05,0.0509,139.631,4,1,5,4.65,High popularity
Memories,Maroon 5,pop,82,2021-06-11,2021,6,2020s,0.327,0.775,-7.241,0.0821,0.595,0.0557,0.0,0.841,91.05,4,1,11,3.16,High popularity
Thinking out Loud,Ed Sheeran,pop,81,2014-06-21,2014,6,2010s,0.445,0.781,-6.061,0.184,0.591,0.0295,0.0,0.474,78.998,4,1,2,4.69,High popularity
Drops of Jupiter (Tell Me),Train,pop,80,2001-03-27,2001,3,2000s,0.638,0.481,-5.862,0.154,0.497,0.0276,0.0,0.153,79.064,4,1,0,4.33,High popularity
Dance The Night - From Barbie The Album,Dua Lipa,pop,80,2023-05-25,2023,5,2020s,0.845,0.671,-4.93,0.329,0.775,0.048,0.0,0.0207,110.056,4,0,11,2.94,High popularity
I Ain't Worried,OneRepublic,pop,79,2022-05-13,2022,5,2020s,0.797,0.704,-5.927,0.0546,0.825,0.0475,0.000745,0.0826,139.994,4,1,0,2.47,High popularity
Try,P!nk,pop,79,2012-09-18,2012,9,2010s,0.628,0.674,-7.079,0.0944,0.552,0.03,0.0,0.00144,103.998,4,1,2,4.13,High popularity
7 Years,Lukas Graham,pop,79,2016-04-01,2016,4,2010s,0.473,0.765,-5.829,0.391,0.34,0.0514,0.0,0.287,119.992,4,1,10,3.96,High popularity
Heartbreak Anniversary,Giveon,pop,79,2020-03-27,2020,3,2020s,0.465,0.449,-8.964,0.303,0.543,0.0791,1.02e-06,0.524,89.087,3,1,0,3.31,High popularity
Cold Heart - PNAU Remix,"Elton John, Dua Lipa, PNAU",pop,79,2021-08-13,2021,8,2020s,0.798,0.796,-6.312,0.0952,0.942,0.0317,4.19e-05,0.034,116.032,4,1,1,3.38,High popularity
Like I'm Gonna Lose You (feat. John Legend),"Meghan Trainor, John Legend",pop,78,2015-01-09,2015,1,2010s,0.53,0.63,-7.259,0.177,0.417,0.0434,0.0,0.4,108.038,3,1,0,3.75,High popularity
Until I Found You (with Em Beihold) - Em Beihold Version,"Stephen Sanchez, Em Beihold",pop,78,2022-04-22,2022,4,2020s,0.55,0.551,-5.339,0.202,0.342,0.0286,0.0,0.777,101.19,3,1,10,2.94,High popularity
This Town,Niall Horan,pop,78,2017-10-20,2017,10,2010s,0.401,0.677,-8.467,0.116,0.195,0.0308,0.0,0.712,111.825,4,1,9,3.88,High popularity
Lil Boo Thang,Paul Russell,pop,78,2023-08-18,2023,8,2020s,0.699,0.85,-3.292,0.32,0.915,0.0776,0.0,0.152,114.481,4,1,0,1.9,High popularity
STAY (with Justin Bieber),"The Kid LAROI, Justin Bieber",pop,78,2021-07-09,2021,7,2020s,0.764,0.591,-5.484,0.103,0.478,0.0483,0.0,0.0383,169.928,4,1,1,2.36,High popularity
Stuck with U (with Justin Bieber),"Ariana Grande, Justin Bieber",pop,78,2020-05-08,2020,5,2020s,0.45,0.597,-6.658,0.382,0.537,0.0418,0.0,0.223,178.765,3,1,8,3.81,High popularity
Marry You,Bruno Mars,pop,78,2010-05-11,2010,5,2010s,0.82,0.621,-4.865,0.104,0.452,0.0367,0.0,0.332,144.905,4,1,10,3.84,High popularity
Dancing On My Own,Calum Scott,pop,78,2018-03-09,2018,3,2010s,0.174,0.681,-8.745,0.0983,0.231,0.0315,3.35e-05,0.837,112.672,4,1,1,4.34,High popularity
Without Me,Halsey,pop,78,2020-01-17,2020,1,2020s,0.488,0.752,-7.05,0.0936,0.533,0.0705,9.2e-06,0.293,136.07,4,1,6,3.36,High popularity
Leave Before You Love Me (with Jonas Brothers),"Marshmello, Jonas Brothers",pop,77,2021-05-21,2021,5,2020s,0.738,0.721,-4.77,0.118,0.637,0.0403,4.41e-06,0.00226,119.976,4,1,7,2.58,High popularity
Best Day Of My Life,American Authors,pop,77,2014-01-01,2014,1,2010s,0.902,0.673,-2.392,0.0558,0.536,0.0346,0.000227,0.0591,100.012,4,1,2,3.24,High popularity
Sugar,Maroon 5,pop,78,2014-09-02,2014,9,2010s,0.788,0.748,-7.055,0.0863,0.884,0.0334,0.0,0.0591,120.076,4,1,1,3.92,High popularity
The Middle,"Zedd, Maren Morris, Grey",pop,76,2018-01-23,2018,1,2010s,0.657,0.753,-3.061,0.112,0.437,0.0449,0.0,0.171,107.01,4,1,7,3.08,High popularity
Lose You To Love Me,Selena Gomez,pop,76,2020-01-10,2020,1,2020s,0.342,0.516,-8.985,0.21,0.0993,0.0425,0.0,0.55,102.819,4,1,4,3.44,High popularity
Nothing Breaks Like a Heart (feat. Miley Cyrus),"Mark Ronson, Miley Cyrus",pop,76,2019-06-21,2019,6,2010s,0.794,0.601,-5.844,0.418,0.244,0.0671,1.36e-06,0.00987,114.066,4,0,7,3.62,High popularity
Last Night,Morgan Wallen,pop,76,2023-01-31,2023,1,2020s,0.673,0.492,-5.431,0.137,0.488,0.0347,0.0,0.413,203.812,4,1,6,2.73,High popularity
Royals,Lorde,pop,76,2013-09-27,2013,9,2010s,0.426,0.674,-9.504,0.132,0.337,0.122,0.0,0.12,84.876,4,1,7,3.17,High popularity
A Thousand Miles,Vanessa Carlton,pop,75,2002-04-30,2002,4,2000s,0.825,0.56,-3.862,0.161,0.268,0.0379,0.0,0.323,94.931,4,1,11,3.96,High popularity
Love Story (Taylor’s Version),Taylor Swift,pop,75,2021-04-09,2021,4,2020s,0.792,0.627,-4.311,0.0845,0.415,0.031,3.97e-06,0.13,119.054,4,1,2,3.93,High popularity
Señorita,"Shawn Mendes, Camila Cabello",pop,75,2019-06-21,2019,6,2010s,0.54,0.759,-6.039,0.0945,0.75,0.0287,0.0,0.037,116.947,4,0,9,3.18,High popularity
Wide Awake,Katy Perry,pop,74,2012-03-12,2012,3,2010s,0.683,0.515,-5.099,0.392,0.572,0.0371,2.64e-06,0.0749,159.878,4,1,5,3.68,High popularity
I'm Yours,Jason Mraz,pop,74,2008-05-12,2008,5,2000s,0.444,0.703,-9.331,0.0973,0.712,0.0417,0.0,0.559,150.96,4,1,11,4.05,High popularity
Somebody That I Used To Know,"Gotye, Kimbra",pop,74,2011-01-01,2011,1,2010s,0.495,0.864,-7.036,0.0992,0.72,0.037,0.000133,0.591,129.062,4,1,0,4.08,High popularity
Girl on Fire,Alicia Keys,pop,74,2012-11-18,2012,11,2010s,0.706,0.482,-5.762,0.105,0.144,0.0607,0.00106,0.135,92.513,4,1,9,3.75,High popularity
Be Alright,Dean Lewis,pop,74,2018-06-29,2018,6,2010s,0.586,0.553,-6.319,0.0813,0.443,0.0362,0.0,0.697,126.684,4,1,11,3.27,High popularity
Someone To You,BANNERS,pop,74,2019-10-04,2019,10,2010s,0.903,0.52,-5.497,0.254,0.652,0.042,0.0,0.00517,74.988,4,1,2,3.66,High popularity
Arcade,Duncan Laurence,pop,73,2019-03-07,2019,3,2010s,0.331,0.459,-12.603,0.135,0.271,0.0421,0.00104,0.817,72.023,3,0,9,3.06,High popularity
Fight Song,Rachel Platten,pop,73,2016-01-01,2016,1,2010s,0.714,0.564,-4.987,0.155,0.33,0.129,0.0,0.0549,175.924,4,1,7,3.4,High popularity
Teenage Dream,Katy Perry,pop,73,2010-01-01,2010,1,2010s,0.798,0.719,-4.582,0.134,0.591,0.0361,2.34e-06,0.0162,120.012,4,1,10,3.8,High popularity
What About Us,P!nk,pop,72,2017-10-13,2017,10,2010s,0.588,0.491,-6.177,0.0906,0.193,0.0506,2.01e-06,0.0281,113.608,4,1,1,4.49,High popularity
Demons,Imagine Dragons,pop,72,2012-09-04,2012,9,2010s,0.71,0.5,-3.015,0.329,0.419,0.0339,0.00025,0.19,89.929,4,1,3,2.92,High popularity
If You Love Her,Forest Blakk,pop,72,2020-09-30,2020,9,2020s,0.445,0.286,-8.087,0.114,0.278,0.0347,0.0,0.355,50.827,4,1,6,3.62,High popularity
Issues,Julia Michaels,pop,72,2017-07-28,2017,7,2010s,0.415,0.728,-6.852,0.0616,0.455,0.0639,0.0,0.401,114.145,4,1,8,2.94,High popularity
You Say,Lauren Daigle,pop,72,2018-09-07,2018,9,2010s,0.632,0.494,-6.89,0.0869,0.0797,0.0342,0.0,0.682,147.873,4,1,5,4.58,High popularity
If the World Was Ending (feat. Julia Michaels),"JP Saxe, Julia Michaels",pop,72,2019-10-17,2019,10,2010s,0.473,0.464,-10.086,0.109,0.604,0.129,0.0,0.866,75.801,4,1,1,3.48,High popularity
Halo,Beyoncé,pop,71,2008-11-17,2008,11,2000s,0.72,0.508,-5.908,0.0563,0.472,0.0628,0.0,0.272,79.983,4,0,11,4.36,High popularity
We Are Young (feat. Janelle Monáe),"fun., Janelle Monáe",pop,71,2012-02-21,2012,2,2010s,0.638,0.378,-5.576,0.0849,0.735,0.075,7.66e-05,0.02,184.086,4,1,10,4.18,High popularity
No One,Alicia Keys,pop,71,2007-11-09,2007,11,2000s,0.549,0.644,-5.415,0.134,0.167,0.0285,8.85e-06,0.0209,90.04,4,0,1,4.23,High popularity
Back To Black,Amy Winehouse,pop,70,2006-10-27,2006,10,2000s,0.725,0.49,-3.304,0.0983,0.335,0.0392,2.68e-05,0.123,123.28,4,1,10,4.01,High popularity
"10,000 Hours (with Justin Bieber)","Dan + Shay, Justin Bieber",pop,70,2019-10-04,2019,10,2010s,0.63,0.654,-4.644,0.111,0.43,0.0259,0.0,0.153,89.991,4,1,10,2.79,High popularity
Rise Up,Andra Day,pop,70,2015-08-28,2015,8,2010s,0.316,0.398,-7.031,0.295,0.174,0.0368,0.0,0.805,118.582,4,1,1,4.22,High popularity
Part Of Me,Katy Perry,pop,70,2012-01-01,2012,1,2010s,0.922,0.666,-4.645,0.0867,0.758,0.0352,0.0,0.000348,130.007,4,1,5,3.6,High popularity
jar of hearts,Christina Perri,pop,69,2011-05-10,2011,5,2010s,0.348,0.349,-6.142,0.12,0.0886,0.0316,0.0,0.726,74.541,4,1,3,4.11,Medium popularity
Chandelier,Sia,pop,69,2015-05-04,2015,5,2010s,0.787,0.399,-2.88,0.0685,0.572,0.0499,6.07e-05,0.0197,117.089,5,1,1,3.6,Medium popularity
Control,Zoe Wees,pop,69,2020-03-13,2020,3,2020s,0.465,0.6,-4.951,0.149,0.0682,0.0314,1.48e-06,0.643,113.81,4,1,4,3.85,Medium popularity
Starboy,"The Weeknd, Daft Punk",pop,87,2016-11-25,2016,11,2010s,0.587,0.679,-7.015,0.137,0.486,0.276,6.35e-06,0.141,186.003,4,1,7,3.84,High popularity
Without Me,Eminem,pop,86,2002-05-26,2002,5,2000s,0.669,0.908,-2.827,0.237,0.662,0.0738,0.0,0.00286,112.238,4,1,7,4.84,High popularity
Take on Me,a-ha,pop,84,1985-06-01,1985,6,1980s,0.902,0.573,-7.638,0.0928,0.876,0.054,0.00125,0.018,84.412,4,0,6,3.75,High popularity
Hips Don't Lie (feat. Wyclef Jean),"Shakira, Wyclef Jean",pop,84,2005-11-28,2005,11,2000s,0.824,0.778,-5.892,0.405,0.758,0.0707,0.0,0.284,100.024,4,0,10,3.63,High popularity
Yeah! (feat. Lil Jon & Ludacris),"USHER, Lil Jon, Ludacris",pop,84,2004-03-23,2004,3,2000s,0.791,0.894,-4.699,0.0388,0.583,0.112,0.0,0.0183,105.018,4,1,2,4.17,High popularity
Shut Up and Dance,WALK THE MOON,pop,83,2014-12-02,2014,12,2010s,0.866,0.578,-3.804,0.257,0.619,0.0619,0.0,0.00701,128.038,4,1,1,3.32,High popularity
Livin' On A Prayer,Bon Jovi,pop,83,1986-08-16,1986,8,1980s,0.887,0.532,-3.757,0.294,0.794,0.0335,0.000206,0.0778,122.509,4,1,0,4.15,High popularity
Wake Me Up,Avicii,pop,83,2013-01-01,2013,1,2010s,0.783,0.532,-5.697,0.161,0.643,0.0523,0.0012,0.0038,124.08,4,1,2,4.12,High popularity
Toxic,Britney Spears,pop,83,2003-11-13,2003,11,2000s,0.838,0.774,-3.914,0.242,0.924,0.114,0.025,0.0249,143.04,4,0,5,3.31,High popularity
Sweet Dreams (Are Made of This) - 2005 Remaster,"Eurythmics, Annie Lennox, Dave Stewart",pop,83,1983-01-04,1983,1,1980s,0.711,0.692,-7.498,0.12,0.875,0.0317,0.0,0.225,125.135,4,0,0,3.62,High popularity
TiK ToK,Kesha,pop,83,2010-01-01,2010,1,2010s,0.837,0.755,-2.718,0.289,0.714,0.142,0.0,0.0991,120.028,4,0,2,3.33,High popularity
Sorry,Justin Bieber,pop,83,2015-11-13,2015,11,2010s,0.76,0.655,-3.669,0.299,0.409,0.045,0.0,0.0797,99.947,4,0,0,3.35,High popularity
The Way I Are,"Timbaland, Keri Hilson, D.O.E.",pop,82,2007-01-01,2007,1,2000s,0.807,0.729,-6.492,0.319,0.765,0.0936,0.75,0.181,114.742,4,1,6,2.99,High popularity
DJ Got Us Fallin' In Love (feat. Pitbull),"USHER, Pitbull",pop,81,2010-03-30,2010,3,2010s,0.861,0.663,-3.398,0.082,0.654,0.109,0.0,0.0338,119.963,4,0,7,3.68,High popularity
...Baby One More Time,Britney Spears,pop,81,1999-01-12,1999,1,1990s,0.699,0.759,-5.745,0.443,0.907,0.0307,0.000131,0.202,92.96,4,0,0,3.52,High popularity
Ms. Jackson,Outkast,pop,81,2000-10-31,2000,10,2000s,0.806,0.843,-5.946,0.0771,0.613,0.269,0.0,0.143,94.948,4,0,4,4.51,High popularity
Poker Face,Lady Gaga,pop,81,2008-01-01,2008,1,2000s,0.806,0.851,-4.618,0.121,0.774,0.0787,1.72e-06,0.119,119.001,4,1,4,3.95,High popularity
Time of Our Lives,"Pitbull, Ne-Yo",pop,82,2014-11-21,2014,11,2010s,0.802,0.721,-5.797,0.694,0.724,0.0583,0.0,0.0921,124.022,4,1,1,3.82,High popularity
I Wanna Dance with Somebody (Who Loves Me),Whitney Houston,pop,81,1987-06-02,1987,6,1980s,0.824,0.709,-8.824,0.0888,0.867,0.0453,0.000307,0.207,118.818,4,1,1,4.85,High popularity
Gimme More,Britney Spears,pop,80,2007-10-25,2007,10,2000s,0.844,0.788,-3.131,0.0723,0.382,0.0334,0.000678,0.25,113.324,4,1,2,4.19,High popularity
24K Magic,Bruno Mars,pop,80,2016-11-17,2016,11,2010s,0.803,0.818,-4.282,0.153,0.632,0.0797,0.0,0.034,106.97,4,1,1,3.77,High popularity
Girls Just Want to Have Fun,Cyndi Lauper,pop,80,1983-10-14,1983,10,1980s,0.799,0.71,-4.897,0.349,0.725,0.0328,0.000602,0.22,120.372,4,1,6,3.97,High popularity
Stereo Hearts (feat. Adam Levine),"Gym Class Heroes, Adam Levine",pop,80,2011-11-11,2011,11,2010s,0.795,0.646,-3.293,0.267,0.796,0.0976,0.0,0.0319,89.99,4,1,9,3.52,High popularity
Call Me Maybe,Carly Rae Jepsen,pop,80,2012-01-01,2012,1,2010s,0.58,0.782,-6.548,0.108,0.66,0.0407,2.28e-06,0.0114,120.021,4,1,7,3.22,High popularity
No Lie,"Sean Paul, Dua Lipa",pop,80,2018-06-29,2018,6,2010s,0.882,0.742,-2.862,0.206,0.463,0.117,0.0,0.0466,102.04,4,1,7,3.69,High popularity
SexyBack (feat. Timbaland),"Justin Timberlake, Timbaland",pop,80,2006-09-12,2006,9,2000s,0.583,0.967,-5.562,0.0519,0.964,0.0789,0.0,0.0584,117.0,4,0,7,4.05,High popularity
I Gotta Feeling,Black Eyed Peas,pop,80,2009-01-01,2009,1,2000s,0.766,0.744,-6.375,0.509,0.61,0.0265,0.0,0.0873,127.966,4,1,0,4.82,High popularity
What Do You Mean?,Justin Bieber,pop,79,2015-11-13,2015,11,2010s,0.567,0.845,-8.118,0.0811,0.793,0.0956,0.00142,0.59,125.02,4,0,5,3.43,High popularity
Don't Stop The Music,Rihanna,pop,79,2008-06-02,2008,6,2000s,0.669,0.834,-5.582,0.0535,0.547,0.0637,7.18e-05,0.0341,122.669,4,0,6,4.45,High popularity
Wannabe,Spice Girls,pop,79,1996-01-01,1996,1,1990s,0.864,0.768,-6.149,0.162,0.891,0.0324,0.0,0.101,110.009,4,1,11,2.88,High popularity
Oops!...I Did It Again,Britney Spears,pop,79,2000-05-16,2000,5,2000s,0.834,0.751,-5.444,0.355,0.894,0.0437,1.77e-05,0.3,95.053,4,0,1,3.52,High popularity
Just Dance,"Lady Gaga, Colby O'Donis",pop,79,2008-01-01,2008,1,2000s,0.739,0.822,-4.541,0.181,0.745,0.0311,4.28e-05,0.0264,118.99,4,0,1,4.03,High popularity
Candy Shop,"50 Cent, Olivia",pop,78,2005-03-03,2005,3,2000s,0.574,0.613,-7.961,0.38,0.755,0.467,3.13e-05,0.0253,125.18,5,1,11,3.49,High popularity
Don't You Worry Child - Radio Edit,"Swedish House Mafia, John Martin",pop,78,2012-09-14,2012,9,2010s,0.84,0.612,-3.145,0.116,0.438,0.0509,0.0,0.112,129.042,4,0,11,3.55,High popularity
Rock Your Body,Justin Timberlake,pop,78,2002-11-04,2002,11,2000s,0.714,0.892,-6.055,0.0521,0.817,0.141,0.000234,0.201,100.972,4,0,4,4.45,High popularity
Disturbia,Rihanna,pop,78,2008-06-02,2008,6,2000s,0.814,0.707,-4.509,0.168,0.717,0.0577,0.0,0.0861,124.921,4,0,11,3.98,High popularity
Don't Go Breaking My Heart,"Elton John, Kiki Dee",pop,78,1975-10-24,1975,10,pre-1980,0.844,0.729,-8.824,0.0604,0.777,0.0344,2.87e-06,0.149,131.459,4,1,5,4.59,High popularity
Can't Get You out of My Head,Kylie Minogue,pop,78,2001-10-01,2001,10,2000s,0.563,0.766,-7.516,0.115,0.964,0.0339,0.683,0.0263,126.007,4,0,9,3.84,High popularity
Temperature,Sean Paul,pop,78,2005-09-26,2005,9,2000s,0.6,0.951,-4.675,0.0712,0.822,0.0685,0.0,0.106,125.04,4,0,0,3.64,High popularity
Latch,"Disclosure, Sam Smith",pop,78,2013-06-03,2013,6,2010s,0.726,0.503,-5.456,0.0895,0.529,0.167,7.98e-05,0.0159,121.981,4,1,1,4.26,High popularity
Shake It Off,Taylor Swift,pop,78,2014-01-01,2014,1,2010s,0.8,0.647,-5.384,0.334,0.942,0.165,0.0,0.0647,160.078,4,1,7,3.65,High popularity
Pon de Replay,Rihanna,pop,78,2005-08-29,2005,8,2000s,0.64,0.779,-8.415,0.101,0.499,0.159,0.000766,0.000155,99.017,4,1,7,4.12,High popularity
All That She Wants,Ace of Base,pop,77,1993-12-24,1993,12,1990s,0.625,0.798,-9.689,0.103,0.858,0.0548,7.98e-05,0.00547,93.764,4,1,11,3.52,High popularity
Levels - Radio Edit,Avicii,pop,77,2011-10-28,2011,10,2010s,0.889,0.584,-5.941,0.309,0.464,0.0343,0.828,0.0462,126.04,4,0,1,3.33,High popularity
Billie Jean,Michael Jackson,pop,77,2008-02-08,2008,2,2000s,0.654,0.92,-3.051,0.036,0.847,0.0401,0.0153,0.0236,117.046,4,0,11,4.9,High popularity
Crazy In Love (feat. Jay-Z),"Beyoncé, JAY-Z",pop,77,2003-06-24,2003,6,2000s,0.77,0.646,-6.596,0.0715,0.681,0.226,0.0,0.00249,99.165,4,0,2,3.94,High popularity
Can't Hold Us (feat. Ray Dalton),"Macklemore, Ryan Lewis, Macklemore & Ryan Lewis, Ray Dalton",pop,76,2012-10-09,2012,10,2010s,0.922,0.641,-4.457,0.0862,0.847,0.0786,0.0,0.0291,146.078,4,1,2,4.31,High popularity
Starships,Nicki Minaj,pop,76,2012-01-01,2012,1,2010s,0.716,0.747,-2.457,0.251,0.751,0.0751,0.0,0.135,125.006,4,0,11,3.51,High popularity
No Diggity,"Blackstreet, Dr. Dre, Queen Pen",pop,76,1996-09-09,1996,9,1990s,0.646,0.867,-4.674,0.279,0.67,0.288,0.0,0.303,88.634,4,0,1,5.08,High popularity
International Love (feat. Chris Brown),"Pitbull, Chris Brown",pop,77,2011-06-17,2011,6,2010s,0.855,0.67,-3.035,0.335,0.648,0.0499,0.0,0.0124,120.05,4,0,0,3.79,High popularity
"CAN'T STOP THE FEELING! (from DreamWorks Animation's ""TROLLS"")",Justin Timberlake,pop,76,2016-05-06,2016,5,2010s,0.83,0.666,-5.715,0.191,0.702,0.0751,0.0,0.0123,113.03,4,1,0,3.93,High popularity
Con Calma,"Daddy Yankee, Snow",pop,76,2019-01-24,2019,1,2010s,0.86,0.737,-2.652,0.0574,0.656,0.0593,1.94e-06,0.11,93.989,4,0,8,3.22,High popularity
Glad You Came,The Wanted,pop,76,2011-01-01,2011,1,2010s,0.851,0.722,-3.873,0.108,0.452,0.0639,0.0,0.0319,126.885,4,0,7,3.3,High popularity
Lean On (feat. MØ & DJ Snake),"Major Lazer, MØ, DJ Snake",pop,76,2015-11-27,2015,11,2010s,0.809,0.723,-3.081,0.565,0.274,0.0625,0.00123,0.00346,98.007,4,0,7,2.94,High popularity
Good Feeling,Flo Rida,pop,76,2012-06-22,2012,6,2010s,0.89,0.706,-4.444,0.306,0.684,0.0688,0.00286,0.0588,128.011,4,0,1,4.14,High popularity
Good Time,"Owl City, Carly Rae Jepsen",pop,75,2012-08-17,2012,8,2010s,0.872,0.56,-4.269,0.371,0.682,0.14,6.98e-06,0.0239,126.05,4,1,3,3.43,High popularity
Replay,Iyaz,pop,75,2009-08-18,2009,8,2000s,0.751,0.706,-6.323,0.168,0.195,0.0708,0.0,0.173,91.031,4,1,9,3.04,High popularity
Break Free,"Ariana Grande, Zedd",pop,75,2014-08-22,2014,8,2010s,0.702,0.686,-5.325,0.204,0.29,0.0455,4.46e-05,0.00637,129.948,4,0,7,3.58,High popularity
"Freed From Desire - prod. Molella, Phil Jay","Gala, Molella, Phil Jay",pop,75,1997-11-17,1997,11,1990s,0.861,0.704,-4.221,0.0992,0.636,0.0493,0.0615,0.587,128.99,4,0,2,3.56,High popularity
Flashdance...What a Feeling - Radio Edit,Irene Cara,pop,75,1983-11-02,1983,11,1980s,0.655,0.572,-7.027,0.0901,0.392,0.0344,3.41e-06,0.00579,122.49,4,0,7,3.95,High popularity
Ride Wit Me,"Nelly, City Spud",pop,75,2000-06-27,2000,6,2000s,0.7,0.85,-6.49,0.244,0.724,0.0478,1.66e-06,0.0607,101.875,4,1,7,4.86,High popularity
Mambo No. 5 (a Little Bit of...),Lou Bega,pop,75,1999-07-19,1999,7,1990s,0.807,0.622,-6.752,0.306,0.892,0.408,0.0,0.103,174.06,4,0,5,3.67,High popularity
Let's Groove,"Earth, Wind & Fire",pop,75,1981-11-14,1981,11,1980s,0.648,0.869,-8.698,0.126,0.9,0.0633,2.17e-05,0.121,125.035,4,0,11,5.66,High popularity
"Whenever, Wherever",Shakira,pop,74,2001-11-13,2001,11,2000s,0.832,0.794,-4.862,0.203,0.871,0.0407,1.14e-05,0.237,107.657,4,0,1,3.27,High popularity
Destination Calabria - Radio Edit,"Alex Gaudino, Crystal Waters",pop,74,2007-02-19,2007,2,2000s,0.954,0.627,-4.804,0.292,0.312,0.0425,0.000814,0.0015,128.016,4,1,2,3.72,High popularity
Everybody (Backstreet's Back) - Radio Edit,Backstreet Boys,pop,74,1997-08-12,1997,8,1990s,0.853,0.731,-4.219,0.268,0.605,0.0363,0.0,0.0352,108.016,4,0,10,3.76,High popularity
Like a Prayer,Madonna,pop,74,2009-09-18,2009,9,2000s,0.842,0.625,-5.285,0.181,0.26,0.0376,2.12e-05,0.264,111.038,4,1,5,5.71,High popularity
Hot N Cold,Katy Perry,pop,74,2008-06-17,2008,6,2000s,0.842,0.706,-3.956,0.0688,0.861,0.0417,0.0,7.73e-05,132.032,4,1,7,3.67,High popularity
Bye Bye Bye,*NSYNC,pop,74,2000-03-21,2000,3,2000s,0.928,0.614,-4.806,0.0845,0.879,0.0516,0.00104,0.0408,172.656,4,0,8,3.34,High popularity
Hot In Herre,Nelly,pop,74,2002-06-25,2002,6,2000s,0.741,0.956,-4.753,0.0615,0.911,0.124,0.0,0.204,107.075,4,0,11,3.8,High popularity
Barbie Girl,Aqua,pop,74,1997-01-01,1997,1,1990s,0.879,0.812,-10.998,0.365,0.962,0.0397,0.224,0.017,129.991,4,0,1,3.3,High popularity
Give It To Me,"Timbaland, Justin Timberlake, Nelly Furtado",pop,74,2007-04-02,2007,4,2000s,0.711,0.975,-3.904,0.0799,0.815,0.0632,0.000552,0.168,110.621,4,1,8,3.9,High popularity
Just Can't Get Enough,Depeche Mode,pop,74,1981-11-02,1981,11,1980s,0.772,0.766,-9.362,0.183,0.919,0.0353,0.0584,0.403,128.168,4,1,0,3.68,High popularity
Stayin' Alive,Bee Gees,pop,74,1977-12-13,1977,12,pre-1980,0.535,0.707,-19.793,0.0884,0.641,0.0436,0.00615,0.113,103.644,4,0,10,1.55,High popularity
Return of the Mack,Mark Morrison,pop,73,1996-04-22,1996,4,1990s,0.833,0.715,-5.379,0.164,0.612,0.108,0.0,0.00631,95.487,4,1,2,3.55,High popularity
Don't Stop 'Til You Get Enough,Michael Jackson,pop,73,1979-08-10,1979,8,pre-1980,0.821,0.878,-9.875,0.183,0.947,0.089,0.0461,0.126,118.881,4,1,11,6.09,High popularity
Don't Worry (with Ray Dalton) - Radio Edit,"Madcon, Ray Dalton",pop,73,2015-04-10,2015,4,2010s,0.699,0.811,-5.211,0.148,0.733,0.114,1.38e-06,0.0726,122.987,4,1,7,3.58,High popularity
Blurred Lines,"Robin Thicke, T.I., Pharrell Williams",pop,73,2013-01-01,2013,1,2010s,0.599,0.853,-4.756,0.0759,0.843,0.0411,7.93e-06,0.00334,119.993,4,1,7,4.4,High popularity
4 Minutes (feat. Justin Timberlake & Timbaland),"Madonna, Justin Timberlake, Timbaland",pop,73,2009-09-18,2009,9,2000s,0.931,0.753,-4.922,0.234,0.767,0.0653,0.00696,0.00994,113.026,4,1,2,3.16,High popularity
Call on Me - Radio Mix,Eric Prydz,pop,73,2004-09-10,2004,9,2000s,0.837,0.597,-6.518,0.839,0.447,0.375,0.00115,0.00427,126.342,4,1,10,2.86,High popularity
Best of My Love,The Emotions,pop,73,1977-06-10,1977,6,pre-1980,0.713,0.784,-6.865,0.0904,0.97,0.0339,0.14,0.447,115.443,4,1,0,3.68,High popularity
Get Up (Rattle) [feat. Far East Movement] - Vocal Edit,"Bingo Players, Far East Movement",pop,72,2012-12-08,2012,12,2010s,0.985,0.801,-2.69,0.297,0.72,0.0647,6.86e-06,0.0205,127.99,4,1,7,2.78,High popularity
Kiss,Prince,pop,73,1986-03-31,1986,3,1980s,0.271,0.898,-12.238,0.0461,0.742,0.091,0.00138,0.0135,111.485,4,1,7,3.77,High popularity
Where Them Girls At (feat. Nicki Minaj & Flo Rida),"David Guetta, Flo Rida, Nicki Minaj",pop,72,2012-12-07,2012,12,2010s,0.876,0.666,-3.078,0.259,0.552,0.0414,0.0,0.055,129.884,4,1,3,3.25,High popularity
I Kissed A Girl,Katy Perry,pop,72,2008-06-17,2008,6,2000s,0.76,0.702,-3.174,0.132,0.696,0.0684,0.0,0.00226,129.996,4,1,5,2.99,High popularity
Miami,Will Smith,pop,72,1997-10-03,1997,10,1990s,0.534,0.877,-6.178,0.0441,0.89,0.15,1.67e-05,0.0339,108.17,4,1,1,3.29,High popularity
Coco Jamboo,Mr. President,pop,72,1996-05-17,1996,5,1990s,0.838,0.832,-5.414,0.152,0.965,0.0421,0.0,0.0791,100.021,4,0,1,3.65,High popularity
Music Sounds Better With You - Radio Edit,"Stardust, Benjamin Diamond, Alan Braxe, Thomas Bangalter",pop,72,1998-07-20,1998,7,1990s,0.662,0.729,-7.191,0.305,0.359,0.337,0.208,0.00128,124.149,4,0,5,4.35,High popularity
Gangnam Style (강남스타일),PSY,pop,72,2012-01-01,2012,1,2010s,0.937,0.727,-2.871,0.091,0.749,0.286,0.0,0.00417,132.067,4,0,11,3.66,High popularity
All Around The World (La La La),"R3HAB, A Touch Of Class",pop,71,2019-04-05,2019,4,2010s,0.859,0.733,-5.03,0.105,0.52,0.033,0.0645,0.479,124.948,4,0,9,2.46,High popularity
The Sign,Ace of Base,pop,71,1993-12-24,1993,12,1990s,0.786,0.808,-6.897,0.0574,0.899,0.0447,0.0701,0.00928,96.987,4,0,4,3.19,High popularity
Don't Cha,"The Pussycat Dolls, Busta Rhymes",pop,71,2005-01-01,2005,1,2000s,0.63,0.875,-3.475,0.127,0.548,0.0994,2.47e-06,0.00546,120.016,4,1,1,4.53,High popularity
U Can't Touch This,MC Hammer,pop,71,1990-02-20,1990,2,1990s,0.517,0.867,-13.22,0.0864,0.862,0.088,0.000343,0.00449,133.149,4,0,11,4.29,High popularity
Love Really Hurts Without You,Billy Ocean,pop,71,1976-01-05,1976,1,pre-1980,0.907,0.518,-3.732,0.0838,0.961,0.0343,1.15e-05,0.00221,140.982,4,1,5,2.98,High popularity
Cotton Eye Joe,Rednex,pop,71,1994-08-12,1994,8,1990s,0.936,0.729,-7.536,0.0367,0.598,0.0776,0.000892,0.0129,131.986,4,1,9,3.23,High popularity
Born This Way,Lady Gaga,pop,71,2011-05-23,2011,5,2010s,0.828,0.587,-5.108,0.331,0.493,0.161,0.0,0.00327,123.907,4,1,11,4.34,High popularity
Rockabye (feat. Sean Paul & Anne-Marie),"Clean Bandit, Sean Paul, Anne-Marie",pop,70,2016-10-21,2016,10,2010s,0.763,0.72,-4.068,0.18,0.742,0.0523,0.0,0.406,101.965,4,0,9,4.18,High popularity
Tarzan Boy,Baltimora,pop,70,1985-01-01,1985,1,1980s,0.573,0.684,-12.3,0.306,0.716,0.0261,0.028,0.318,107.363,4,1,5,6.32,High popularity
Never Forget You,"Zara Larsson, MNEK",pop,70,2017-03-17,2017,3,2010s,0.732,0.583,-5.729,0.269,0.277,0.0459,9.57e-06,0.00315,146.005,4,0,11,3.56,High popularity
Ice Ice Baby,Vanilla Ice,pop,70,2008-11-04,2008,11,2000s,0.792,0.979,-2.784,0.102,0.583,0.0388,7.71e-06,0.0025,116.012,4,1,2,4.24,High popularity
Beanie,Chezile,pop,82,2023-11-28,2023,11,2020s,0.556,0.531,-6.245,0.318,0.156,0.0252,0.00915,0.407,138.978,3,1,5,2.2,High popularity
the perfect pair,beabadoobee,pop,80,2022-07-15,2022,7,2020s,0.663,0.634,-6.818,0.102,0.6,0.0331,0.124,0.433,146.053,4,1,11,2.96,High popularity
Nothing's New,Rio Romeo,pop,78,2022-09-23,2022,9,2020s,0.394,0.421,-8.312,0.0984,0.399,0.0277,4.74e-06,0.863,96.192,3,1,11,3.52,High popularity
Bags,Clairo,pop,78,2019-08-02,2019,8,2010s,0.546,0.742,-7.694,0.115,0.868,0.0315,0.38,0.172,104.996,4,1,1,4.34,High popularity
Tip Toe,HYBS,pop,76,2023-06-20,2023,6,2020s,0.486,0.687,-8.673,0.115,0.792,0.0579,0.126,0.587,163.9,4,1,11,3.75,High popularity
For the First Time,Mac DeMarco,pop,80,2017-05-05,2017,5,2010s,0.529,0.551,-10.469,0.178,0.521,0.0517,0.0093,0.296,75.515,4,0,5,3.04,High popularity
Better,sign crushes motorist,pop,73,2022-08-05,2022,8,2020s,0.0867,0.696,-25.203,0.108,0.349,0.0418,0.922,0.988,129.989,4,1,7,1.65,High popularity
4EVER,Clairo,pop,73,2018-04-27,2018,4,2010s,0.585,0.75,-7.576,0.155,0.584,0.0285,0.00552,0.049,102.331,4,0,9,2.66,High popularity
In A Good Way,Faye Webster,pop,71,2021-06-25,2021,6,2020s,0.286,0.587,-8.839,0.214,0.302,0.0315,0.0288,0.185,71.123,4,1,9,3.74,High popularity
i wanna be your girlfriend,girl in red,pop,73,2018-03-02,2018,3,2010s,0.382,0.541,-14.323,0.304,0.343,0.035,0.000836,0.0215,155.901,4,1,7,3.42,High popularity
Like a Stone,Audioslave,rock,77,2002-11-17,2002,11,2000s,0.568,0.614,-5.477,0.0997,0.516,0.0276,0.0,0.00797,107.849,4,0,7,4.9,High popularity
Do I Wanna Know?,Arctic Monkeys,rock,84,2013-09-09,2013,9,2010s,0.532,0.548,-7.596,0.217,0.405,0.0323,0.000263,0.186,85.03,4,1,5,4.54,High popularity
Ride,Twenty One Pilots,rock,80,2015-05-15,2015,5,2010s,0.713,0.645,-5.355,0.113,0.566,0.0393,0.0,0.00835,74.989,4,1,6,3.58,High popularity
Otherside,Red Hot Chili Peppers,rock,81,1999-06-08,1999,6,1990s,0.795,0.458,-3.265,0.0756,0.513,0.0574,0.000202,0.00316,123.229,4,1,0,4.26,High popularity
What I've Done,Linkin Park,rock,81,2007-05-14,2007,5,2000s,0.935,0.627,-4.882,0.147,0.287,0.0324,0.0,0.0092,120.092,4,1,5,3.42,High popularity
Decode,Paramore,rock,71,2008-11-04,2008,11,2000s,0.87,0.28,-4.219,0.101,0.284,0.0592,0.00608,0.000686,164.057,4,0,10,4.37,High popularity
Breaking the Habit,Linkin Park,rock,74,2003-09-16,2003,9,2000s,0.865,0.58,-4.359,0.106,0.587,0.0313,0.0,0.105,100.016,4,0,4,3.27,High popularity
Maps,Yeah Yeah Yeahs,rock,75,2003-04-29,2003,4,2000s,0.941,0.502,-5.194,0.553,0.124,0.0716,0.319,0.000346,119.783,4,1,7,3.67,High popularity
BURN IT DOWN,Linkin Park,rock,76,2012-06-19,2012,6,2010s,0.972,0.585,-4.45,0.0707,0.585,0.0534,0.0,0.0143,110.006,4,0,9,3.84,High popularity
New Divide,Linkin Park,rock,70,2009-06-12,2009,6,2000s,0.808,0.493,-3.365,0.0983,0.38,0.0362,0.0,0.000235,117.971,4,0,5,4.48,High popularity
21 Guns,Green Day,rock,74,2009-05-15,2009,5,2000s,0.742,0.268,-4.939,0.626,0.416,0.0355,0.0,0.0518,159.779,4,1,5,5.35,High popularity
Everybody's Changing,Keane,rock,73,2004-05-10,2004,5,2000s,0.839,0.517,-3.521,0.108,0.416,0.0287,0.000365,0.0014,94.015,4,1,0,3.6,High popularity
Leave Out All The Rest,Linkin Park,rock,71,2007-05-14,2007,5,2000s,0.637,0.514,-6.418,0.389,0.18,0.0363,2.27e-06,0.213,80.401,4,1,0,3.49,High popularity
I Don't Love You,My Chemical Romance,rock,74,2006-10-23,2006,10,2000s,0.796,0.289,-4.22,0.202,0.33,0.0494,2.61e-05,0.00837,169.835,4,1,0,3.98,High popularity
Scar Tissue,Red Hot Chili Peppers,rock,82,1999-06-08,1999,6,1990s,0.717,0.595,-4.803,0.108,0.547,0.0295,0.00274,0.0779,88.969,4,1,0,3.6,High popularity
Where Is My Mind?,Pixies,rock,72,1997-10-06,1997,10,1990s,0.442,0.513,-13.529,0.0878,0.243,0.0343,0.000838,0.00731,81.201,4,1,4,3.82,High popularity
CASTLE OF GLASS,Linkin Park,rock,74,2012-06-19,2012,6,2010s,0.911,0.615,-3.584,0.0908,0.685,0.0278,0.00188,0.0686,108.0,4,0,1,3.42,High popularity
Can't Stop,Red Hot Chili Peppers,rock,81,2002-07-09,2002,7,2000s,0.938,0.618,-3.442,0.167,0.875,0.0456,0.0,0.0179,91.455,4,1,9,4.48,High popularity
Black,Pearl Jam,rock,73,1991-08-27,1991,8,1990s,0.684,0.36,-6.457,0.34,0.2,0.0308,0.0,0.323,77.15,4,0,4,5.71,High popularity
THE LONELIEST,Måneskin,rock,68,2022-10-07,2022,10,2020s,0.595,0.519,-5.001,0.0762,0.237,0.0283,0.0,0.00151,129.786,4,1,2,4.12,Medium popularity
Ain't No Rest for the Wicked,Cage The Elephant,rock,76,2009-03-24,2009,3,2000s,0.849,0.636,-7.075,0.372,0.917,0.106,0.0,0.0438,156.036,4,1,0,2.92,High popularity
Snow (Hey Oh),Red Hot Chili Peppers,rock,77,2006-05-09,2006,5,2000s,0.9,0.427,-3.674,0.119,0.599,0.0499,1.75e-05,0.116,104.655,4,1,11,5.58,High popularity
Supermassive Black Hole,Muse,rock,78,2006-06-19,2006,6,2000s,0.921,0.668,-3.727,0.0877,0.782,0.0439,0.00517,0.0492,120.0,4,1,7,3.54,High popularity
Use Somebody,Kings of Leon,rock,76,2008-09-23,2008,9,2000s,0.715,0.276,-5.356,0.201,0.173,0.0432,0.000417,0.00552,137.028,4,1,0,3.85,High popularity
Dani California,Red Hot Chili Peppers,rock,77,2006-05-09,2006,5,2000s,0.913,0.556,-2.36,0.346,0.73,0.0437,8.59e-06,0.0193,96.184,4,1,0,4.7,High popularity
"Sex, Drugs, Etc.",Beach Weather,rock,73,2016-11-04,2016,11,2010s,0.839,0.572,-5.083,0.522,0.465,0.0377,0.00976,0.013,143.969,4,0,4,3.28,High popularity
In My Place,Coldplay,rock,74,2002-08-27,2002,8,2000s,0.588,0.424,-5.455,0.298,0.193,0.0278,4.95e-06,0.0553,144.636,4,1,9,3.78,High popularity
Paralyzer,Finger Eleven,rock,74,2007-01-01,2007,1,2000s,0.939,0.644,-3.486,0.233,0.861,0.0456,0.0,0.157,106.031,4,0,11,3.47,High popularity
Last Night on Earth,Green Day,rock,68,2009-05-15,2009,5,2000s,0.486,0.556,-7.139,0.164,0.243,0.0329,1.45e-06,0.0371,119.955,4,1,2,3.94,Medium popularity
In the Shadows,The Rasmus,rock,71,2003-03-24,2003,3,2000s,0.796,0.6,-4.481,0.484,0.75,0.0275,5.2e-05,0.000109,105.991,4,1,2,4.3,High popularity
Take Me Out,Franz Ferdinand,rock,80,2004-02-16,2004,2,2000s,0.663,0.277,-8.821,0.136,0.527,0.0377,0.00051,0.000409,104.561,4,0,4,3.95,High popularity
Far Behind,Candlebox,rock,68,1993-07-16,1993,7,1990s,0.645,0.552,-6.595,0.0424,0.588,0.0268,1.38e-06,0.00187,89.518,4,1,7,5.0,Medium popularity
Just Like Heaven,The Cure,rock,73,1987-01-01,1987,1,1980s,0.94,0.437,-6.946,0.222,0.48,0.0426,0.000573,0.0524,151.417,4,1,9,3.53,High popularity
By the Way,Red Hot Chili Peppers,rock,74,2002-07-09,2002,7,2000s,0.97,0.451,-4.938,0.102,0.198,0.107,0.00355,0.0264,122.444,4,1,0,3.62,High popularity
Two Faced,Linkin Park,rock,79,2024-11-15,2024,11,2020s,0.945,0.51,-5.405,0.0413,0.323,0.0804,4.8e-06,0.000658,91.906,4,1,1,3.06,High popularity
Starburster,Fontaines D.C.,rock,69,2024-08-23,2024,8,2020s,0.862,0.511,-5.677,0.0939,0.361,0.0659,1.86e-06,0.0656,98.021,4,1,10,3.69,Medium popularity
Beaches,beabadoobee,rock,69,2024-08-09,2024,8,2020s,0.812,0.417,-3.979,0.189,0.419,0.0332,2.11e-05,0.0154,82.002,4,1,10,3.83,Medium popularity
Seek & Destroy - Remastered,Metallica,metal,68,1983-07-24,1983,7,1980s,0.964,0.445,-5.493,0.0773,0.448,0.282,0.0132,0.037,140.817,4,1,9,6.91,Medium popularity
Dirty Little Secret,The All-American Rejects,punk,70,2005-01-01,2005,1,2000s,0.954,0.465,-4.251,0.573,0.458,0.044,5.38e-06,0.000346,143.85,4,1,10,3.23,High popularity
The Middle,Jimmy Eat World,punk,80,2001-07-17,2001,7,2000s,0.849,0.643,-5.428,0.058,0.903,0.0526,0.0,0.0371,162.152,4,1,2,2.76,High popularity
Gives You Hell,The All-American Rejects,punk,69,2008-01-01,2008,1,2000s,0.691,0.718,-6.44,0.0627,0.552,0.0387,0.0,0.0159,100.008,4,1,4,3.55,Medium popularity
Stacy's Mom,Fountains Of Wayne,punk,72,2003-01-01,2003,1,2000s,0.75,0.774,-4.927,0.0808,0.927,0.0412,1.78e-05,0.00207,118.015,4,0,11,3.3,High popularity
Misery Business,Paramore,punk,73,2007-06-11,2007,6,2000s,0.906,0.517,-3.677,0.113,0.731,0.0735,9.26e-06,0.00272,172.977,4,1,1,3.53,High popularity
Call Me When You're Sober,Evanescence,punk,69,2006-01-01,2006,1,2000s,0.883,0.45,-4.094,0.293,0.328,0.0524,0.0,0.00193,93.41,4,1,7,3.58,Medium popularity
Sk8er Boi,Avril Lavigne,punk,77,2002-06-04,2002,6,2000s,0.9,0.487,-4.417,0.358,0.484,0.0482,0.0,6.79e-05,149.937,4,1,0,3.4,High popularity
I'm with You,Avril Lavigne,punk,73,2002-06-04,2002,6,2000s,0.406,0.457,-7.462,0.117,0.208,0.0291,0.0,0.08,151.95,3,1,9,3.72,High popularity
The Anthem,Good Charlotte,punk,75,2002-10-04,2002,10,2000s,0.939,0.494,-3.127,0.139,0.893,0.126,0.0,0.00666,177.751,4,1,1,2.92,High popularity
Ain't It Fun,Paramore,punk,71,2013-04-05,2013,4,2010s,0.893,0.61,-3.681,0.021,0.673,0.0921,4.41e-05,0.154,104.031,4,1,9,4.94,High popularity
Still into You,Paramore,punk,78,2013-04-05,2013,4,2010s,0.923,0.602,-3.763,0.0561,0.765,0.044,0.0,0.0098,136.01,4,1,5,3.6,High popularity
I Write Sins Not Tragedies,Panic! At The Disco,punk,72,2005-09-27,2005,9,2000s,0.83,0.569,-4.106,0.114,0.609,0.14,0.0,0.0807,170.094,4,0,9,3.11,High popularity
All The Small Things,blink-182,punk,81,1999-06-01,1999,6,1990s,0.897,0.434,-4.918,0.612,0.685,0.0488,0.0,0.0103,148.708,4,1,0,2.78,High popularity
Wake Me up When September Ends,Green Day,punk,77,2004-09-21,2004,9,2000s,0.814,0.546,-5.146,0.0972,0.146,0.0314,0.0,0.023,104.98,4,1,7,4.76,High popularity
Bring Me To Life,Evanescence,punk,83,2003-03-04,2003,3,2000s,0.943,0.331,-3.188,0.242,0.296,0.0698,2.06e-06,0.00721,94.612,4,0,4,3.93,High popularity
What the Hell,Avril Lavigne,punk,71,2011-03-08,2011,3,2010s,0.926,0.578,-3.689,0.14,0.877,0.0548,0.0127,0.00472,149.976,4,0,6,3.68,High popularity
I Miss You,blink-182,punk,75,2003-01-01,2003,1,2000s,0.781,0.655,-6.547,0.0867,0.584,0.034,5.33e-06,0.00103,110.024,4,1,11,3.79,High popularity
Boulevard of Broken Dreams,Green Day,punk,70,2017-11-17,2017,11,2010s,0.682,0.496,-4.095,0.0589,0.474,0.0294,2.94e-05,0.00552,167.06,4,1,8,4.37,High popularity
American Idiot,Green Day,punk,79,2004-09-21,2004,9,2000s,0.988,0.38,-2.042,0.368,0.769,0.0639,7.86e-05,2.64e-05,186.113,4,1,1,2.94,High popularity
Beverly Hills,Weezer,punk,68,2005-05-10,2005,5,2000s,0.823,0.693,-3.761,0.328,0.741,0.0726,0.0,0.0932,87.904,4,1,5,3.27,Medium popularity
The Only Exception,Paramore,punk,74,2009-09-28,2009,9,2000s,0.563,0.452,-6.607,0.143,0.209,0.0272,0.0,0.144,137.715,3,1,4,4.46,High popularity
I Think I'm OKAY (with YUNGBLUD & Travis Barker),"mgk, YUNGBLUD, Travis Barker",punk,68,2019-07-05,2019,7,2010s,0.744,0.628,-4.718,0.313,0.277,0.0379,0.0,0.0257,119.921,4,1,7,2.82,Medium popularity
My Own Worst Enemy,Lit,punk,74,1999-02-22,1999,2,1990s,0.946,0.494,-2.757,0.398,0.741,0.0637,0.0,0.00129,103.408,4,1,4,2.82,High popularity
Ocean Avenue,Yellowcard,punk,71,2003-01-01,2003,1,2000s,0.904,0.486,-3.751,0.0947,0.786,0.0638,2.83e-05,3.43e-05,173.734,4,0,6,3.3,High popularity
Face Down,The Red Jumpsuit Apparatus,punk,75,2006-01-01,2006,1,2000s,0.932,0.545,-2.189,0.127,0.464,0.0399,0.0,0.000665,92.956,4,0,7,3.2,High popularity
Miss Murder,AFI,punk,68,2006-06-06,2006,6,2000s,0.873,0.308,-4.542,0.0974,0.686,0.0533,0.000729,0.00022,143.519,4,1,8,3.44,Medium popularity
Thnks fr th Mmrs,Fall Out Boy,punk,77,2007-01-01,2007,1,2000s,0.892,0.46,-5.046,0.106,0.59,0.0619,0.0,0.0051,154.844,4,0,10,3.39,High popularity
Teenagers,My Chemical Romance,punk,79,2006-10-23,2006,10,2000s,0.857,0.463,-3.063,0.184,0.856,0.0632,0.0,0.0506,111.647,4,1,4,2.7,High popularity
Fat Lip,Sum 41,punk,73,2001-01-01,2001,1,2000s,0.914,0.403,-5.215,0.065,0.626,0.142,0.0,0.000579,196.482,4,1,9,2.97,High popularity
What's My Age Again?,blink-182,punk,77,1999-06-01,1999,6,1990s,0.951,0.391,-7.419,0.0878,0.468,0.0688,0.000446,0.012,157.663,4,1,6,2.47,High popularity
Feel Good Inc.,Gorillaz,punk,84,2005-05-23,2005,5,2000s,0.705,0.818,-6.679,0.613,0.772,0.177,0.00233,0.00836,138.559,4,1,6,3.71,High popularity
I'm Not Okay (I Promise),My Chemical Romance,punk,74,2004-06-08,2004,6,2000s,0.94,0.21,-3.427,0.269,0.255,0.123,0.0,0.00602,179.722,4,1,9,3.11,High popularity
Hard Times,Paramore,punk,73,2017-05-12,2017,5,2010s,0.818,0.695,-5.379,0.0219,0.916,0.0334,4.87e-06,0.00647,119.965,4,0,5,3.04,High popularity
Helena,My Chemical Romance,punk,76,2004-06-08,2004,6,2000s,0.96,0.356,-3.487,0.209,0.0857,0.104,0.0,0.0142,125.921,4,1,4,3.41,High popularity
Famous Last Words,My Chemical Romance,punk,72,2006-10-23,2006,10,2000s,0.883,0.467,-3.679,0.125,0.309,0.106,0.000152,0.000321,122.252,4,0,2,4.99,High popularity
Na Na Na (Na Na Na Na Na Na Na Na Na),My Chemical Romance,punk,68,2010-11-05,2010,11,2010s,0.986,0.411,-2.522,0.371,0.649,0.0583,0.00148,0.000264,165.981,4,0,8,3.43,Medium popularity
The Ghost of You,My Chemical Romance,punk,70,2004-06-08,2004,6,2000s,0.886,0.202,-3.805,0.643,0.192,0.0816,0.0,0.0286,145.781,4,0,11,3.24,High popularity
"Sugar, We're Goin Down",Fall Out Boy,punk,76,2005-05-03,2005,5,2000s,0.842,0.494,-4.784,0.122,0.574,0.0843,0.0,0.00579,162.011,4,1,7,3.82,High popularity
"Dance, Dance",Fall Out Boy,punk,75,2005-05-03,2005,5,2000s,0.961,0.621,-3.198,0.0854,0.449,0.154,0.0,0.00523,114.451,4,0,11,3.0,High popularity
Holiday / Boulevard of Broken Dreams,Green Day,punk,69,2004-09-21,2004,9,2000s,0.827,0.29,-3.451,0.301,0.45,0.0362,2.55e-06,0.000659,167.086,4,1,8,8.22,Medium popularity
Adam's Song,blink-182,punk,71,1999-06-01,1999,6,1990s,0.775,0.52,-5.803,0.364,0.383,0.0348,0.0,0.034,136.02,4,1,0,4.16,High popularity
King For A Day,"Pierce The Veil, Kellin Quinn",punk,75,2012-07-17,2012,7,2010s,0.965,0.403,-2.238,0.341,0.431,0.0964,0.000276,3.81e-05,112.363,4,1,6,3.94,High popularity
Bulls In The Bronx,Pierce The Veil,punk,68,2012-07-17,2012,7,2010s,0.925,0.472,-3.545,0.0826,0.338,0.15,0.000528,0.000394,159.989,4,0,6,4.46,Medium popularity
Sacrifice,Elton John,blues,72,1989-08-29,1989,8,1980s,0.422,0.756,-12.967,0.0368,0.487,0.0292,0.00183,0.0165,112.751,4,0,11,5.07,High popularity
I Will Always Love You,Whitney Houston,blues,75,1992-11-17,1992,11,1990s,0.214,0.332,-12.518,0.0839,0.11,0.0349,5.62e-06,0.845,67.531,4,1,4,4.52,High popularity
Against All Odds (Take a Look at Me Now) - 2016 Remaster,Phil Collins,blues,74,2016-10-14,2016,10,2010s,0.498,0.581,-6.9,0.132,0.111,0.0276,0.0,0.198,116.262,4,1,1,3.44,High popularity
End Of The Road,Boyz II Men,blues,70,1991-04-30,1991,4,1990s,0.428,0.641,-9.29,0.0579,0.53,0.024,0.0,0.0666,149.705,3,0,5,5.86,High popularity
The Power of Love,Céline Dion,blues,71,1993-11-09,1993,11,1990s,0.519,0.546,-9.072,0.24,0.247,0.0291,0.00046,0.36,140.054,4,1,8,5.71,High popularity
"It Must Have Been Love - From the Film ""Pretty Woman""",Roxette,blues,77,1990-05-20,1990,5,1990s,0.652,0.52,-6.655,0.256,0.722,0.0274,6.14e-05,0.339,80.61,4,1,5,4.31,High popularity
You Are Not Alone,Michael Jackson,blues,68,1995-06-16,1995,6,1990s,0.402,0.651,-9.303,0.0765,0.258,0.028,7.73e-05,0.639,119.873,4,1,11,5.76,Medium popularity
Stuck On You,Lionel Richie,blues,69,1983-01-01,1983,1,1980s,0.317,0.509,-16.063,0.0878,0.247,0.0305,5.28e-05,0.621,131.783,4,1,5,3.2,Medium popularity
Killing Me Softly With His Song,Roberta Flack,blues,70,1973-01-01,1973,1,pre-1980,0.381,0.476,-10.238,0.0614,0.33,0.0342,0.0,0.727,121.948,4,0,5,4.78,High popularity
Saving All My Love for You,Whitney Houston,blues,68,1985-02-14,1985,2,1980s,0.264,0.636,-14.567,0.275,0.264,0.0263,4.22e-05,0.593,99.304,3,0,6,3.97,Medium popularity
Only Time,Enya,blues,71,2000-11-11,2000,11,2000s,0.249,0.418,-13.744,0.112,0.213,0.0301,0.661,0.841,82.803,4,1,3,3.64,High popularity
Apologize,OneRepublic,blues,69,2007-11-20,2007,11,2000s,0.74,0.593,-6.12,0.102,0.501,0.0339,2.14e-05,0.364,118.01,4,1,8,3.47,Medium popularity
I'm Alive,Céline Dion,blues,69,2002-03-22,2002,3,2000s,0.64,0.691,-5.087,0.2,0.452,0.0384,5.24e-06,0.0247,101.991,4,1,8,3.5,Medium popularity
Kiss from a Rose,Seal,blues,71,1994-05-31,1994,5,1990s,0.533,0.584,-7.11,0.306,0.224,0.0305,0.0,0.684,131.745,3,0,10,4.81,High popularity
Mad,Ne-Yo,blues,70,2008-01-01,2008,1,2000s,0.65,0.727,-5.357,0.111,0.668,0.0337,0.0,0.662,129.993,4,1,0,4.24,High popularity
It's All Coming Back to Me Now,Céline Dion,blues,72,1996-03-11,1996,3,1990s,0.438,0.384,-9.149,0.101,0.287,0.0362,0.0,0.753,87.903,4,1,0,7.61,High popularity
"Because You Loved Me (Theme from ""Up Close and Personal"")",Céline Dion,blues,74,1996-03-11,1996,3,1990s,0.467,0.615,-9.883,0.099,0.177,0.0327,0.0,0.314,119.919,4,1,1,4.56,High popularity
Sexual Healing,Marvin Gaye,blues,73,1982-10-01,1982,10,1980s,0.602,0.805,-9.7,0.0581,0.744,0.0579,0.000122,0.119,94.382,4,0,0,3.98,High popularity
All My Life,K-Ci & JoJo,blues,68,1997-01-01,1997,1,1990s,0.512,0.634,-8.651,0.0588,0.193,0.0285,3.91e-06,0.114,128.019,4,1,1,5.52,Medium popularity
You're Beautiful,James Blunt,blues,75,2005-08-08,2005,8,2000s,0.479,0.675,-9.87,0.088,0.454,0.0278,1.76e-05,0.633,81.998,4,0,0,3.49,High popularity
Say My Name,Destiny's Child,blues,78,1999-07-27,1999,7,1990s,0.678,0.713,-3.525,0.149,0.734,0.102,0.0,0.273,138.009,4,0,5,4.52,High popularity
Baby,"Justin Bieber, Ludacris",blues,81,2010-01-01,2010,1,2010s,0.859,0.728,-5.237,0.111,0.535,0.137,0.0,0.0401,65.043,4,0,5,3.57,High popularity
Drunk in Love (feat. Jay-Z),"Beyoncé, JAY-Z",blues,70,2014-11-24,2014,11,2010s,0.621,0.583,-6.902,0.181,0.399,0.0479,0.00106,0.00972,140.036,4,0,5,5.39,High popularity
Down,"Jay Sean, Lil Wayne",blues,77,2009-01-01,2009,1,2000s,0.68,0.727,-4.498,0.0821,0.728,0.0286,0.0,0.0101,132.012,4,1,2,3.54,High popularity
Love The Way You Lie,"Eminem, Rihanna",blues,83,2010-06-18,2010,6,2010s,0.925,0.749,-5.034,0.52,0.641,0.227,0.0,0.241,86.989,4,1,10,4.39,High popularity
Hate That I Love You,"Rihanna, Ne-Yo",blues,69,2008-06-02,2008,6,2000s,0.73,0.637,-5.38,0.0981,0.731,0.0877,0.0,0.322,93.867,4,0,5,3.65,Medium popularity
No Love,"Eminem, Lil Wayne",blues,68,2010-06-18,2010,6,2010s,0.932,0.522,-2.87,0.177,0.33,0.255,0.0,0.119,129.473,4,1,11,4.99,Medium popularity
Mirror,"Lil Wayne, Bruno Mars",blues,74,2011-08-29,2011,8,2010s,0.622,0.328,-7.291,0.104,0.401,0.0866,0.0,0.858,74.267,4,0,5,3.8,High popularity
Baby Can I Hold You,Tracy Chapman,blues,72,1988-04-05,1988,4,1980s,0.422,0.692,-10.533,0.0848,0.468,0.0333,0.0,0.0811,74.375,4,1,2,3.22,High popularity
Stan,"Eminem, Dido",blues,79,2000-05-23,2000,5,2000s,0.768,0.78,-4.325,0.518,0.507,0.238,2.34e-06,0.0371,80.063,4,0,6,6.74,High popularity
Nothing's Gonna Change My Love for You,George Benson,blues,71,1985-01-15,1985,1,1980s,0.614,0.553,-5.098,0.0811,0.345,0.0306,0.0,0.764,136.628,4,1,1,4.04,High popularity
When I See U,Fantasia,blues,69,2006-12-09,2006,12,2000s,0.596,0.569,-6.486,0.205,0.754,0.172,7.92e-05,0.452,93.135,4,1,8,3.62,Medium popularity
Another Day in Paradise - 2016 Remaster,Phil Collins,blues,77,1989-11-20,1989,11,1980s,0.565,0.78,-7.32,0.063,0.365,0.0306,0.00269,0.736,101.967,4,0,3,5.37,High popularity
Stand By Me,Ben E. King,blues,75,1962-08-20,1962,8,pre-1980,0.306,0.65,-9.443,0.0707,0.605,0.0393,7.07e-06,0.57,118.068,4,1,9,3.0,High popularity
Beautiful Girls,Sean Kingston,blues,78,2007-07-23,2007,7,2000s,0.661,0.762,-6.075,0.256,0.769,0.0687,0.0,0.15,130.009,4,0,1,3.76,High popularity
Sweet Home Alabama,Lynyrd Skynyrd,rock,78,1974-04-15,1974,4,pre-1980,0.606,0.596,-12.145,0.0863,0.886,0.0255,0.000327,0.181,97.785,4,1,7,4.73,High popularity
Free Bird,Lynyrd Skynyrd,rock,75,1973-01-01,1973,1,pre-1980,0.834,0.249,-8.21,0.0924,0.337,0.0574,9.69e-05,0.0742,118.222,4,1,0,9.12,High popularity
Simple Man,Lynyrd Skynyrd,rock,73,1973-01-01,1973,1,pre-1980,0.752,0.422,-8.682,0.129,0.404,0.0449,0.000119,0.0366,120.47,4,1,6,5.94,High popularity
S P E Y S I D E,Bon Iver,folk,72,2024-09-20,2024,9,2020s,0.247,0.467,-14.161,0.157,0.258,0.0314,0.0157,0.906,140.232,4,1,7,3.48,High popularity
Silver Lining,Mt. Joy,folk,74,2018-03-02,2018,3,2010s,0.638,0.486,-6.231,0.078,0.178,0.0323,0.0,0.000921,144.458,4,1,0,3.33,High popularity
To Build A Home,"The Cinematic Orchestra, Patrick Watson",folk,72,2007-05-07,2007,5,2000s,0.122,0.264,-15.399,0.094,0.0735,0.0349,0.349,0.885,148.658,4,1,9,6.19,High popularity
My Home,Myles Smith,folk,73,2023-10-13,2023,10,2020s,0.485,0.753,-9.431,0.192,0.547,0.035,0.00104,0.345,95.968,4,1,11,3.44,High popularity
Stubborn Love,The Lumineers,folk,74,2012-04-03,2012,4,2010s,0.561,0.598,-11.676,0.196,0.231,0.0376,0.0417,0.611,115.011,4,1,0,4.65,High popularity
Thinking 'Bout Love,Wild Rivers,folk,71,2020-05-01,2020,5,2020s,0.324,0.733,-8.122,0.067,0.388,0.033,0.0,0.479,141.8,4,1,5,3.32,High popularity
i am not who i was,Chance Peña,folk,79,2024-09-13,2024,9,2020s,0.22,0.702,-13.696,0.0891,0.197,0.0403,0.0,0.698,129.9,4,1,0,2.42,High popularity
THINGS BEHIND THINGS BEHIND THINGS,Bon Iver,folk,69,2024-10-18,2024,10,2020s,0.467,0.413,-9.282,0.0711,0.377,0.0292,0.0111,0.732,157.338,4,1,9,3.34,Medium popularity
Orange Juice,Noah Kahan,folk,73,2022-10-14,2022,10,2020s,0.378,0.662,-10.908,0.121,0.207,0.0361,6.84e-06,0.475,120.133,4,1,9,4.95,High popularity
Evergreen,Richy Mitch & The Coal Miners,folk,84,2017-05-17,2017,5,2010s,0.216,0.555,-11.661,0.109,0.504,0.0721,0.00416,0.557,79.109,3,1,3,1.45,High popularity
anything,Adrianne Lenker,folk,77,2020-10-23,2020,10,2020s,0.291,0.388,-12.952,0.0874,0.51,0.0421,1.93e-05,0.774,83.943,4,1,3,3.37,High popularity
Work Song,Hozier,folk,77,2014-09-19,2014,9,2010s,0.363,0.531,-7.672,0.112,0.259,0.0608,0.0,0.749,121.412,4,1,10,3.83,High popularity
Je te laisserai des mots,Patrick Watson,folk,83,2010-09-10,2010,9,2010s,0.187,0.303,-16.757,0.102,0.212,0.0356,0.499,0.989,132.679,4,1,2,2.68,High popularity
Scared To Start,Michael Marcagi,folk,84,2024-01-12,2024,1,2020s,0.551,0.527,-11.258,0.403,0.443,0.0345,2.75e-06,0.384,148.035,4,1,7,2.66,High popularity
Big Black Car,Gregory Alan Isakov,folk,76,2009-01-01,2009,1,2000s,0.186,0.6,-15.926,0.104,0.468,0.0317,0.00102,0.909,110.044,4,1,3,3.62,High popularity
Solo,Myles Smith,folk,73,2023-11-15,2023,11,2020s,0.439,0.586,-7.993,0.117,0.365,0.0346,0.0,0.715,122.877,4,1,0,3.33,High popularity
Turn out fine,Henrik,folk,68,2023-10-27,2023,10,2020s,0.417,0.654,-9.226,0.831,0.649,0.0387,0.0,0.446,87.003,4,1,11,2.46,Medium popularity
Good To Be,Mark Ambor,folk,71,2024-08-16,2024,8,2020s,0.731,0.656,-5.861,0.397,0.376,0.0278,0.00111,0.575,94.009,4,1,4,2.45,High popularity
Homesick,Noah Kahan,folk,70,2022-10-14,2022,10,2020s,0.624,0.505,-6.526,0.314,0.413,0.0373,1.06e-05,0.0253,170.076,4,1,6,3.24,High popularity
The Mountain Is You,Chance Peña,folk,69,2024-09-13,2024,9,2020s,0.452,0.413,-10.232,0.332,0.102,0.0308,0.0413,0.588,108.953,4,1,0,3.27,Medium popularity
Saturday Sun,Vance Joy,folk,69,2018-02-23,2018,2,2010s,0.864,0.637,-4.381,0.222,0.706,0.0468,0.0,0.484,99.995,4,1,8,3.58,Medium popularity
Down by the Water,Ocie Elliott,folk,73,2018-10-19,2018,10,2010s,0.331,0.611,-12.493,0.117,0.559,0.028,0.000276,0.93,95.015,4,1,4,2.97,High popularity
Walkin’ Back to Georgia,Jim Croce,folk,69,1972-04-01,1972,4,pre-1980,0.312,0.681,-16.173,0.0935,0.789,0.0452,0.000619,0.816,128.094,4,0,6,2.86,Medium popularity
The Devil Wears a Suit and Tie,Colter Wall,folk,70,2015-06-02,2015,6,2010s,0.316,0.625,-12.124,0.194,0.452,0.0815,0.238,0.777,127.823,4,0,6,3.93,High popularity
Heart of Gold,Neil Young,folk,71,1972-02-01,1972,2,pre-1980,0.399,0.537,-13.547,0.109,0.832,0.0269,0.0546,0.202,171.402,4,0,4,3.12,High popularity
Operator (That's Not the Way It Feels),Jim Croce,folk,71,1972-04-01,1972,4,pre-1980,0.533,0.687,-8.853,0.0844,0.814,0.0314,6.43e-05,0.573,130.398,4,1,7,3.83,High popularity
Sleeping on the Blacktop,Colter Wall,folk,74,2015-06-02,2015,6,2010s,0.309,0.583,-14.509,0.11,0.473,0.045,0.207,0.824,82.789,4,0,2,3.21,High popularity
White Brown Black,"Avvy Sra, Karan Aujla, Jaani",indian,73,2022-12-09,2022,12,2020s,0.748,0.868,-3.492,0.252,0.829,0.0951,3.93e-06,0.29,119.965,4,0,1,2.93,High popularity
Brown Munde,"AP Dhillon, Gminxr, Gurinder Gill, Shinda Kahlon",indian,68,2020-09-18,2020,9,2020s,0.611,0.854,-6.26,0.119,0.417,0.0864,0.0,0.223,100.024,4,0,8,4.24,Medium popularity
Can We Kiss Forever?,"Kina, Adriana Proenza",lofi,70,2018-08-31,2018,8,2010s,0.128,0.522,-18.717,0.0941,0.124,0.0357,0.026,0.894,109.986,4,1,4,3.13,High popularity
Get You The Moon (feat. Snøw),"Kina, Snøw",lofi,73,2018-10-08,2018,10,2010s,0.235,0.498,-16.541,0.144,0.0895,0.188,0.0,0.72,118.917,4,0,1,2.98,High popularity
Behind Every Decision,Yehezkel Raz,classical,70,2019-12-10,2019,12,2010s,0.00362,0.235,-37.822,0.0956,0.0885,0.0441,0.79,0.995,69.677,4,0,3,1.77,High popularity
Stumblin' In,CYRIL,electronic,84,2023-11-10,2023,11,2020s,0.518,0.875,-8.388,0.125,0.37,0.0551,0.00995,0.0638,126.089,4,1,2,3.56,High popularity
For Life (feat. Nile Rodgers),"Kygo, Zak Abel, Nile Rodgers",electronic,70,2024-04-19,2024,4,2020s,0.791,0.571,-5.935,0.0612,0.585,0.0741,0.0,0.0494,122.085,4,1,1,2.93,High popularity
Hold Me,Lavern,electronic,72,2023-03-31,2023,3,2020s,0.942,0.762,-6.432,0.115,0.038,0.038,0.764,0.586,120.0,4,0,9,2.33,High popularity
Riptide,TWOPILOTS,electronic,71,2022-04-21,2022,4,2020s,0.836,0.729,-4.312,0.336,0.288,0.0462,3.27e-05,0.156,113.998,4,1,8,2.58,High popularity
Give It To Me - Full Vocal Mix,Matt Sassari,electronic,80,2021-10-22,2021,10,2020s,0.869,0.874,-5.996,0.164,0.726,0.0315,0.00238,0.00116,126.027,4,0,1,1.71,High popularity
I Only Smoke When I Drink,nimino,electronic,79,2024-08-22,2024,8,2020s,0.729,0.88,-6.378,0.185,0.246,0.176,0.0113,0.334,127.028,4,0,11,3.31,High popularity
It's Not Right But It's Okay,Mr. Belt & Wezol,electronic,77,2024-02-23,2024,2,2020s,0.86,0.755,-4.811,0.344,0.618,0.0523,7.47e-06,0.0144,128.004,4,0,5,2.54,High popularity
Never Going Home Tonight (feat. Madison Love),"David Guetta, Alesso, Madison Love",electronic,77,2024-09-06,2024,9,2020s,0.813,0.513,-2.744,0.258,0.355,0.0335,0.0,0.28,125.91,4,1,5,2.74,High popularity
Belly Dancer,"Imanbek, BYOR",electronic,77,2022-02-18,2022,2,2020s,0.797,0.845,-4.984,0.167,0.422,0.139,5.57e-06,0.0582,121.985,4,1,1,2.52,High popularity
Ferrari,"James Hype, Miggy Dela Rosa",electronic,76,2022-04-01,2022,4,2020s,0.69,0.847,-7.877,0.0526,0.692,0.0493,6e-05,0.0127,125.004,4,0,1,3.11,High popularity
Thunder,"Gabry Ponte, LUM!X, Prezioso",electronic,75,2021-05-07,2021,5,2020s,0.896,0.67,-4.673,0.344,0.403,0.058,3.21e-05,0.0342,101.216,3,1,1,2.67,High popularity
(It Goes Like) Nanana - Edit,Peggy Gou,electronic,75,2023-06-15,2023,6,2020s,0.876,0.671,-5.681,0.0823,0.964,0.0352,0.188,0.12,129.998,4,0,7,3.86,High popularity
Baianá,Bakermat,electronic,75,2020-10-09,2020,10,2020s,0.722,0.587,-6.983,0.543,0.466,0.0709,0.668,0.000754,121.964,4,0,2,3.01,High popularity
Supernova Love,"IVE, David Guetta",electronic,74,2024-11-08,2024,11,2020s,0.886,0.655,-5.227,0.277,0.778,0.0502,0.0,0.066,120.032,4,0,10,3.33,High popularity
Forever Young,"David Guetta, Alphaville, Ava Max",electronic,77,2024-10-18,2024,10,2020s,0.655,0.558,-5.476,0.0854,0.39,0.0379,0.0,0.208,129.89,4,1,0,2.62,High popularity
Mwaki,"Zerb, Sofiya Nzau",electronic,74,2023-10-27,2023,10,2020s,0.637,0.847,-8.751,0.121,0.0509,0.0587,0.201,0.201,120.033,4,0,7,3.47,High popularity
Alibi (feat. Rudimental),"Ella Henderson, Rudimental",electronic,74,2024-01-12,2024,1,2020s,0.793,0.545,-3.615,0.335,0.411,0.0371,0.00281,0.191,87.024,4,0,0,3.08,High popularity
Gatluak - Bakermat Remix,"Kronan, Nyaruach, Bakermat",electronic,73,2021-07-23,2021,7,2020s,0.647,0.581,-7.335,0.304,0.257,0.0614,0.0502,0.0778,117.737,4,0,11,2.32,High popularity
21 Reasons (feat. Ella Henderson),"Nathan Dawe, Ella Henderson",electronic,73,2022-04-29,2022,4,2020s,0.785,0.621,-4.499,0.0512,0.779,0.11,5.92e-06,0.0165,123.96,4,1,6,2.59,High popularity
K.O.,"LAVINIA, Ely Oaks",electronic,72,2024-08-09,2024,8,2020s,0.841,0.714,-5.942,0.596,0.865,0.0641,0.366,0.0622,129.973,4,0,5,2.29,High popularity
Move Your Body,"Öwnboss, Sevek",electronic,72,2021-10-29,2021,10,2020s,0.821,0.848,-5.408,0.0962,0.249,0.0527,0.000403,0.0169,125.051,4,0,2,2.62,High popularity
Around The World,"Niklas Dee, René Miller",electronic,72,2024-08-02,2024,8,2020s,0.855,0.605,-4.414,0.098,0.302,0.329,0.000709,0.473,75.031,4,0,10,2.35,High popularity
Where Did You Go? (feat. MNEK),"Jax Jones, MNEK",electronic,71,2022-02-04,2022,2,2020s,0.782,0.763,-4.541,0.293,0.502,0.0346,7.08e-06,0.182,127.034,4,0,7,2.96,High popularity
Good Love,"Hannah Laing, RoRo",electronic,71,2023-05-12,2023,5,2020s,0.821,0.777,-4.963,0.218,0.439,0.0595,0.0042,0.14,140.039,4,1,1,2.83,High popularity
Never Walk Alone,"BLOND:ISH, Stevie Appleton",electronic,71,2024-08-02,2024,8,2020s,0.594,0.853,-6.823,0.0469,0.83,0.0371,0.134,0.052,129.995,4,0,6,3.14,High popularity
adore u,"Fred again.., Obongjayar",electronic,70,2023-08-11,2023,8,2020s,0.867,0.747,-7.311,0.114,0.684,0.088,0.00413,0.582,124.015,4,1,0,3.68,High popularity
Hold On Me,"Kygo, Sandro Cavazza",electronic,68,2024-11-15,2024,11,2020s,0.606,0.567,-6.543,0.0686,0.314,0.0438,0.0,0.0801,123.006,4,0,10,2.86,Medium popularity
Makeba - Ian Asher Remix,"Jain, Ian Asher",electronic,69,2023-01-13,2023,1,2020s,0.937,0.651,-4.078,0.119,0.666,0.0468,0.0975,0.236,123.993,4,1,7,2.09,Medium popularity
Tantalizing,"Tiësto, Soaky Siren",electronic,69,2024-11-08,2024,11,2020s,0.888,0.671,-4.285,0.0951,0.412,0.0412,0.0106,0.0022,123.031,4,0,10,2.44,Medium popularity
World Gone Wild (feat. Sam Martin),"Robin Schulz, CYRIL, Sam Martin",electronic,69,2024-10-11,2024,10,2020s,0.714,0.634,-7.529,0.374,0.409,0.104,0.0025,0.00882,127.993,4,1,7,2.44,Medium popularity
Whistle (feat. Calum Scott),"Jax Jones, Calum Scott",electronic,69,2023-02-10,2023,2,2020s,0.897,0.689,-4.487,0.0676,0.582,0.034,4.6e-06,0.145,124.025,4,0,10,3.03,Medium popularity
Born To Love Ya,"Gabry Ponte, Sean Paul, NATTI NATASHA",electronic,69,2024-10-04,2024,10,2020s,0.863,0.652,-4.853,0.6,0.805,0.0523,0.0,0.0921,130.02,4,0,7,2.58,Medium popularity
Love Is The Only Thing,Lost Frequencies,electronic,68,2024-11-08,2024,11,2020s,0.688,0.608,-8.597,0.08,0.214,0.0499,0.00736,0.0554,127.938,4,0,5,2.85,Medium popularity
2 Times,"Dimitri Vegas, Steve Aoki, Ann Lee, Sound Of Legend",electronic,68,2024-10-04,2024,10,2020s,0.951,0.772,-3.375,0.036,0.4,0.271,0.000738,0.0634,74.973,4,0,9,2.53,Medium popularity
Deep In Your Love,"Alok, Bebe Rexha",electronic,68,2024-01-12,2024,1,2020s,0.88,0.588,-5.15,0.0667,0.523,0.0354,6.89e-05,0.0243,130.085,4,1,7,2.41,Medium popularity
Happier (feat. Clementine Douglas),"The Blessed Madonna, Clementine Douglas",electronic,68,2024-02-02,2024,2,2020s,0.831,0.785,-3.681,0.086,0.673,0.0444,0.0105,0.0038,126.056,4,1,0,2.84,Medium popularity
Honey Boy (feat. Nile Rodgers & Shenseea),"Purple Disco Machine, Benjamin Ingrosso, Nile Rodgers, Shenseea",electronic,68,2024-05-03,2024,5,2020s,0.8,0.724,-5.468,0.0823,0.925,0.0541,9.38e-05,0.0103,119.984,4,0,5,3.79,Medium popularity
Alone,Marshmello,electronic,68,2016-05-13,2016,5,2010s,0.953,0.631,-3.739,0.108,0.422,0.0343,0.0155,0.0241,141.99,4,1,2,4.56,Medium popularity
El Listón De Tu Pelo,Los Ángeles Azules,latin,71,1999-01-01,1999,1,1990s,0.432,0.695,-8.195,0.296,0.765,0.0479,0.0,0.312,81.109,4,0,11,3.6,High popularity
17 Años,Los Ángeles Azules,latin,68,1999-01-01,1999,1,1990s,0.483,0.738,-9.097,0.086,0.774,0.0526,0.0,0.467,90.941,4,1,0,3.02,Medium popularity
Piensa En Mí,Grupo Mojado,latin,73,1996-01-01,1996,1,1990s,0.538,0.72,-8.874,0.0654,0.805,0.0455,0.0,0.348,80.096,4,1,10,2.95,High popularity
Gata Only (Remix),"FloyyMenor, Ozuna, Anitta",latin,73,2024-06-07,2024,6,2020s,0.681,0.725,-5.277,0.107,0.762,0.0376,0.0,0.318,99.998,4,0,8,3.84,High popularity
PELIGROSA,FloyyMenor,latin,83,2024-08-09,2024,8,2020s,0.519,0.763,-7.426,0.0816,0.804,0.0636,6.42e-06,0.22,100.025,4,0,6,2.25,High popularity
ADIVINO,"Myke Towers, Bad Bunny",latin,77,2024-04-25,2024,4,2020s,0.854,0.786,-2.4,0.106,0.522,0.0741,2.39e-05,0.169,117.994,4,0,10,4.64,High popularity
REINA,"Mora, SAIKO",latin,71,2023-08-28,2023,8,2020s,0.578,0.724,-7.117,0.0943,0.757,0.0819,1.06e-06,0.632,167.985,4,1,10,3.53,High popularity
HIBIKI,"Bad Bunny, Mora",latin,70,2023-10-13,2023,10,2020s,0.645,0.801,-5.605,0.118,0.528,0.0706,0.0,0.604,119.935,4,0,6,3.47,High popularity
MONACO,Bad Bunny,latin,77,2023-10-13,2023,10,2020s,0.621,0.787,-5.009,0.58,0.13,0.068,0.000402,0.15,139.056,4,0,4,4.45,High popularity
FINA,"Bad Bunny, Young Miko",latin,73,2023-10-13,2023,10,2020s,0.724,0.847,-5.41,0.118,0.396,0.298,1.11e-06,0.0869,94.601,4,1,1,3.61,High popularity
DILUVIO,Rauw Alejandro,latin,81,2023-07-07,2023,7,2020s,0.795,0.845,-3.502,0.224,0.681,0.0681,1.78e-05,0.343,94.969,4,0,9,3.28,High popularity
QLONA,"KAROL G, Peso Pluma",latin,83,2023-08-10,2023,8,2020s,0.738,0.841,-7.455,0.0892,0.484,0.307,0.0,0.52,169.918,4,0,7,2.88,High popularity
WHERE SHE GOES,Bad Bunny,latin,74,2023-05-18,2023,5,2020s,0.8,0.652,-4.019,0.112,0.234,0.0614,0.629,0.143,143.978,4,0,9,3.86,High popularity
Coco Chanel,"Eladio Carrion, Bad Bunny",latin,73,2023-03-17,2023,3,2020s,0.706,0.863,-5.555,0.0786,0.686,0.103,4.43e-05,0.143,140.017,4,0,3,3.47,High popularity
La Jumpa,"Arcángel, Bad Bunny",latin,69,2022-11-30,2022,11,2020s,0.703,0.713,-5.769,0.321,0.576,0.194,0.0,0.298,123.06,4,1,8,4.26,Medium popularity
Me Porto Bonito,"Bad Bunny, Chencho Corleone",latin,81,2022-05-06,2022,5,2020s,0.712,0.911,-5.105,0.0933,0.425,0.0817,2.68e-05,0.0901,92.005,4,0,1,2.98,High popularity
Efecto,Bad Bunny,latin,79,2022-05-06,2022,5,2020s,0.475,0.801,-8.797,0.0639,0.234,0.0516,1.73e-05,0.141,98.047,4,0,7,3.55,High popularity
Tití Me Preguntó,Bad Bunny,latin,79,2022-05-06,2022,5,2020s,0.715,0.65,-5.198,0.126,0.187,0.253,0.000291,0.0993,106.672,4,0,5,4.06,High popularity
Tarot,"Bad Bunny, JHAYCO",latin,76,2022-05-06,2022,5,2020s,0.684,0.795,-3.971,0.658,0.419,0.0419,0.0,0.0225,114.011,4,0,11,3.96,High popularity
La Corriente,"Bad Bunny, Tony Dize",latin,73,2022-05-06,2022,5,2020s,0.786,0.663,-3.51,0.219,0.579,0.195,0.0,0.229,196.12,4,0,11,3.31,High popularity
MEMORIAS,"Mora, JHAYCO",latin,73,2022-04-01,2022,4,2020s,0.707,0.771,-6.404,0.0745,0.317,0.055,0.0,0.389,127.963,4,0,2,3.81,High popularity
Pa' Que Retozen,Tego Calderón,latin,78,2003-07-01,2003,7,2000s,0.856,0.815,-3.825,0.244,0.872,0.122,8.34e-05,0.4,91.995,4,0,1,2.53,High popularity
Volví,"Aventura, Bad Bunny",latin,74,2021-08-03,2021,8,2020s,0.86,0.725,-3.726,0.0674,0.791,0.182,0.000284,0.422,175.896,4,1,1,3.84,High popularity
Volando - Remix,"Mora, Bad Bunny, Sech",latin,73,2021-07-08,2021,7,2020s,0.688,0.659,-4.649,0.113,0.632,0.0673,0.0,0.207,153.979,4,1,6,4.56,High popularity
Yonaguni,Bad Bunny,latin,75,2021-06-04,2021,6,2020s,0.648,0.644,-4.601,0.135,0.44,0.118,0.0,0.276,179.951,4,1,1,3.45,High popularity
TE MUDASTE,Bad Bunny,latin,72,2020-11-27,2020,11,2020s,0.637,0.811,-4.835,0.118,0.471,0.0591,0.000572,0.234,92.025,4,0,10,2.17,High popularity
LA NOCHE DE ANOCHE,"Bad Bunny, ROSALÍA",latin,74,2020-11-27,2020,11,2020s,0.618,0.856,-4.892,0.0866,0.391,0.286,0.0,0.0303,81.993,4,1,7,3.39,High popularity
"Yo x Ti, Tu x Mi","ROSALÍA, Ozuna",latin,69,2019-08-15,2019,8,2010s,0.759,0.78,-3.292,0.143,0.579,0.225,0.000868,0.462,91.952,4,1,1,3.35,Medium popularity
DÁKITI,"Bad Bunny, JHAYCO",latin,75,2020-11-27,2020,11,2020s,0.573,0.731,-10.059,0.113,0.145,0.0544,5.22e-05,0.401,109.928,4,0,4,3.42,High popularity
Hasta Que Dios Diga,"Anuel AA, Bad Bunny",latin,74,2020-05-29,2020,5,2020s,0.765,0.691,-4.727,0.203,0.855,0.111,3.29e-06,0.464,174.021,4,1,8,4.1,High popularity
Safaera,"Bad Bunny, Jowell & Randy, Ñengo Flow",latin,72,2020-02-29,2020,2,2020s,0.829,0.607,-4.074,0.107,0.685,0.379,0.0,0.0103,96.172,4,1,2,4.92,High popularity
La Difícil,Bad Bunny,latin,70,2020-02-29,2020,2,2020s,0.848,0.685,-4.561,0.0783,0.761,0.0858,7.14e-06,0.0861,179.87,4,0,8,2.72,High popularity
A Tu Merced,Bad Bunny,latin,73,2020-02-29,2020,2,2020s,0.791,0.86,-4.784,0.106,0.887,0.0568,0.000106,0.169,92.023,4,1,0,2.93,High popularity
Si Veo a Tu Mamá,Bad Bunny,latin,74,2020-02-29,2020,2,2020s,0.603,0.9,-5.313,0.134,0.824,0.0646,4.81e-06,0.402,129.928,4,1,2,2.85,High popularity
La Zona,Bad Bunny,latin,68,2020-02-29,2020,2,2020s,0.801,0.762,-3.661,0.254,0.81,0.0409,7.04e-05,0.2,93.992,4,0,1,2.28,Medium popularity
Yo Perreo Sola,Bad Bunny,latin,69,2020-02-29,2020,2,2020s,0.758,0.86,-5.16,0.344,0.453,0.0695,6.54e-05,0.021,97.014,4,1,11,2.87,Medium popularity
Fantasias,"Rauw Alejandro, Farruko",latin,71,2019-08-29,2019,8,2010s,0.703,0.879,-4.219,0.0569,0.788,0.0701,0.0,0.143,94.004,4,1,1,3.33,High popularity
Velitas,"Darell, Brytiago",latin,70,2019-07-12,2019,7,2010s,0.596,0.819,-7.009,0.138,0.622,0.318,1.19e-06,0.225,165.951,4,1,2,3.76,High popularity
LA CANCIÓN,"J Balvin, Bad Bunny",latin,82,2019-06-28,2019,6,2010s,0.646,0.756,-5.795,0.108,0.429,0.319,1.81e-05,0.152,176.088,4,1,7,4.04,High popularity
QUE PRETENDES,"J Balvin, Bad Bunny",latin,75,2019-06-28,2019,6,2010s,0.791,0.639,-4.443,0.362,0.933,0.254,0.0,0.0275,92.603,4,0,10,3.71,High popularity
Callaita,"Bad Bunny, Tainy",latin,72,2019-05-31,2019,5,2010s,0.624,0.61,-4.773,0.243,0.244,0.309,2.12e-06,0.6,176.169,4,1,2,4.18,High popularity
Con Altura,"ROSALÍA, J Balvin, El Guincho",latin,69,2019-03-28,2019,3,2010s,0.689,0.882,-4.027,0.0501,0.746,0.124,0.00325,0.39,97.963,4,1,6,2.69,Medium popularity
Verte Ir,"DJ Luian, Mambo Kingz, Anuel AA, Nicky Jam, Darell, Brytiago",latin,69,2019-03-28,2019,3,2010s,0.647,0.857,-4.152,0.0842,0.553,0.0984,1.2e-06,0.391,95.982,4,0,11,4.46,Medium popularity
Mayores,"Becky G, Bad Bunny",latin,70,2019-10-18,2019,10,2010s,0.836,0.746,-4.336,0.116,0.874,0.0445,0.00291,0.145,96.993,4,0,5,3.39,High popularity
512,"Mora, JHAYCO",latin,74,2021-02-05,2021,2,2020s,0.673,0.818,-7.542,0.172,0.695,0.148,0.0,0.348,87.961,4,0,4,3.23,High popularity
Ay Vamos,J Balvin,latin,72,2014-09-12,2014,9,2010s,0.711,0.718,-5.746,0.1,0.92,0.11,5.52e-05,0.157,173.916,4,0,8,3.77,High popularity
Borro Cassette,Maluma,latin,82,2015-10-30,2015,10,2010s,0.701,0.73,-5.885,0.151,0.785,0.106,0.0,0.132,175.95,4,0,5,3.46,High popularity
6 AM,"J Balvin, Farruko",latin,69,2013-09-29,2013,9,2010s,0.746,0.746,-5.046,0.274,0.733,0.102,0.0,0.152,175.965,4,0,5,4.05,Medium popularity
Sensualidad,"Bad Bunny, Prince Royce, J Balvin, Mambo Kingz, DJ Luian",latin,69,2017-11-03,2017,11,2010s,0.681,0.807,-6.268,0.0962,0.676,0.0983,0.0,0.423,140.006,4,1,11,4.96,Medium popularity
Sigue Bailandome,"Yannc, Darkiel, Eladio Carrion, Brray, Myke Towers",latin,70,2018-10-19,2018,10,2010s,0.69,0.799,-7.252,0.143,0.682,0.1,0.001,0.282,106.034,4,1,7,5.87,High popularity
No Es Justo,"J Balvin, Zion & Lennox",latin,69,2018-05-25,2018,5,2010s,0.812,0.683,-4.493,0.0872,0.724,0.0711,0.000404,0.161,87.864,4,1,7,4.18,Medium popularity
Una Vez,"Bad Bunny, Mora",latin,74,2020-02-29,2020,2,2020s,0.598,0.55,-5.402,0.0955,0.543,0.0831,2.58e-06,0.132,83.836,4,0,11,3.87,High popularity
Una Locura,"Ozuna, J Balvin, Chencho Corleone",latin,69,2020-09-04,2020,9,2020s,0.761,0.714,-4.596,0.241,0.906,0.0427,0.00035,0.139,168.022,4,0,5,3.84,Medium popularity
Bandido,"Myke Towers, Juhn",latin,70,2020-12-10,2020,12,2020s,0.617,0.713,-4.637,0.0962,0.682,0.0887,0.0,0.122,168.021,4,1,8,3.88,High popularity
UN PESO,"J Balvin, Bad Bunny, Marciano Cantero",latin,75,2019-06-28,2019,6,2010s,0.675,0.627,-7.125,0.0784,0.961,0.212,0.0,0.125,79.31,4,0,5,4.62,High popularity
EL MAKINON,"KAROL G, Mariah Angeliq",latin,70,2021-03-26,2021,3,2020s,0.706,0.635,-3.224,0.108,0.443,0.125,0.0,0.256,88.863,4,0,5,3.49,High popularity
Pepas,Farruko,latin,76,2021-06-24,2021,6,2020s,0.766,0.762,-3.955,0.128,0.442,0.0343,6.98e-05,0.00776,130.001,4,1,7,4.79,High popularity
ALMAS GEMELAS,Myke Towers,latin,69,2021-07-22,2021,7,2020s,0.745,0.793,-4.579,0.293,0.716,0.0571,0.000189,0.182,94.979,4,1,7,3.92,Medium popularity
Bichiyal,"Bad Bunny, Yaviah",latin,70,2020-02-29,2020,2,2020s,0.766,0.737,-4.242,0.114,0.662,0.0458,6.63e-06,0.31,93.956,4,0,10,3.28,High popularity
Lo Siento BB:/ (with Bad Bunny & Julieta Venegas),"Tainy, Bad Bunny, Julieta Venegas",latin,70,2021-10-05,2021,10,2020s,0.703,0.639,-6.33,0.0865,0.138,0.0794,1.78e-06,0.0889,169.888,4,0,4,3.46,High popularity
MAMIII,"Becky G, KAROL G",latin,69,2022-02-10,2022,2,2020s,0.7,0.843,-3.563,0.14,0.899,0.0803,0.0,0.0934,93.991,4,0,4,3.77,Medium popularity
Desesperados,"Rauw Alejandro, Chencho Corleone",latin,68,2021-12-11,2021,12,2020s,0.694,0.869,-3.35,0.0878,0.511,0.0783,0.00125,0.356,90.02,4,0,1,3.75,Medium popularity
Te Felicito,"Shakira, Rauw Alejandro",latin,70,2022-04-21,2022,4,2020s,0.636,0.695,-4.654,0.081,0.575,0.317,0.0,0.234,174.14,4,1,5,2.87,High popularity
Después de la Playa,Bad Bunny,latin,71,2022-05-06,2022,5,2020s,0.903,0.564,-3.221,0.175,0.607,0.307,0.0,0.356,78.293,4,1,5,3.84,High popularity
Moscow Mule,Bad Bunny,latin,79,2022-05-06,2022,5,2020s,0.674,0.804,-5.453,0.115,0.292,0.0333,1.18e-06,0.294,99.968,4,0,5,4.1,High popularity
Agosto,Bad Bunny,latin,71,2022-05-06,2022,5,2020s,0.584,0.849,-8.195,0.492,0.724,0.115,6.18e-06,0.0929,115.018,4,0,1,2.32,High popularity
Hola - Remix,"Dalex, Lenny Tavárez, Chencho Corleone, Juhn, Dímelo Flow",latin,70,2022-02-09,2022,2,2020s,0.673,0.655,-5.98,0.0753,0.342,0.308,0.0,0.473,181.891,4,0,0,4.16,High popularity
GATÚBELA,"KAROL G, Maldy",latin,68,2022-08-26,2022,8,2020s,0.858,0.627,-2.824,0.21,0.342,0.386,0.0,0.263,92.523,4,0,11,3.49,Medium popularity
¿Qué Nos Pasó?,Anuel AA,latin,71,2022-05-26,2022,5,2020s,0.694,0.703,-4.808,0.12,0.298,0.0607,5.8e-06,0.436,95.0,4,0,3,4.1,High popularity
Sexo Virtual,Rauw Alejandro,latin,70,2021-12-10,2021,12,2020s,0.739,0.704,-3.286,0.0856,0.425,0.112,1.93e-05,0.328,179.879,4,1,8,3.47,High popularity
Nostálgico,"Rvssian, Rauw Alejandro, Chris Brown",latin,70,2021-09-08,2021,9,2020s,0.846,0.734,-3.425,0.235,0.604,0.0489,1.74e-06,0.166,98.026,4,0,9,3.5,High popularity
La Bebe - Remix,"Yng Lvcas, Peso Pluma",latin,79,2023-03-17,2023,3,2020s,0.479,0.812,-5.678,0.0756,0.559,0.333,1.21e-06,0.213,169.922,4,0,2,3.91,High popularity
QUEMA,"Ryan Castro, Peso Pluma, SOG",latin,74,2023-07-13,2023,7,2020s,0.892,0.791,-2.58,0.0609,0.916,0.0521,0.000355,0.0509,97.008,4,1,0,2.51,High popularity
LALA,Myke Towers,latin,82,2023-03-23,2023,3,2020s,0.737,0.708,-4.045,0.0955,0.607,0.0436,0.00162,0.0739,91.986,4,1,1,3.3,High popularity
Lollipop,Darell,latin,71,2023-07-28,2023,7,2020s,0.711,0.822,-4.943,0.083,0.934,0.0668,1.46e-05,0.179,102.984,4,1,6,3.33,High popularity
Pa Ti Estoy,"Ozuna, Anuel AA, Chris Jedi",latin,72,2023-11-17,2023,11,2020s,0.812,0.785,-3.174,0.107,0.903,0.0644,0.0,0.147,162.087,4,1,3,3.44,High popularity
Corazón Roto - Remix,"Brray, JHAYCO, Ryan Castro",latin,69,2023-04-07,2023,4,2020s,0.794,0.843,-4.686,0.25,0.796,0.0426,1.22e-06,0.226,92.998,4,0,1,4.58,Medium popularity
El Efecto - Remix,"Rauw Alejandro, Chencho Corleone, KEVVO, Bryant Myers, Lyanno, Dalex",latin,68,2019-12-13,2019,12,2010s,0.769,0.771,-3.504,0.345,0.931,0.0694,1.57e-05,0.18,167.969,4,0,0,4.83,Medium popularity
BELLAKEO,"Peso Pluma, Anitta",latin,75,2023-12-07,2023,12,2020s,0.88,0.72,-2.834,0.153,0.463,0.101,0.06,0.0562,180.011,4,1,9,3.29,High popularity
Si Se Da - Remix,"Myke Towers, Farruko, Arcángel, Sech, Zion",latin,72,2019-08-02,2019,8,2010s,0.672,0.817,-5.612,0.13,0.774,0.299,0.0,0.441,93.999,4,0,11,5.54,High popularity
Nada,"Cazzu, Lyanno, Rauw Alejandro, Dalex",latin,71,2019-06-03,2019,6,2010s,0.543,0.898,-8.317,0.338,0.359,0.121,0.000623,0.343,98.992,4,0,6,5.09,High popularity
Santa,"Rvssian, Rauw Alejandro, Ayra Starr",latin,79,2024-04-04,2024,4,2020s,0.709,0.725,-5.017,0.114,0.648,0.129,0.000189,0.321,99.993,4,0,3,3.22,High popularity
Guay,"Ozuna, Bad Gyal",latin,69,2024-04-18,2024,4,2020s,0.766,0.88,-2.906,0.382,0.594,0.0505,1.79e-05,0.0881,96.037,4,0,1,3.51,Medium popularity
HASTA ABAJO,"KEVIN ROLDAN, Bryant Myers, Lyanno",latin,69,2019-10-04,2019,10,2010s,0.671,0.714,-5.119,0.325,0.641,0.362,0.0,0.292,169.727,4,1,5,3.83,Medium popularity
BBY BOO - REMIX,"iZaak, JHAYCO, Anuel AA",latin,75,2024-03-27,2024,3,2020s,0.617,0.703,-5.696,0.433,0.486,0.151,6.11e-06,0.215,173.97,4,1,5,4.6,High popularity
SI NO ES CONTIGO,Cris Mj,latin,85,2024-05-23,2024,5,2020s,0.626,0.763,-5.637,0.205,0.78,0.0433,0.225,0.0859,100.02,4,0,5,2.6,High popularity
Gata Only,"FloyyMenor, Cris Mj",latin,87,2024-02-02,2024,2,2020s,0.499,0.791,-8.472,0.0899,0.669,0.0509,2.41e-05,0.446,99.986,4,0,8,3.7,High popularity
ELOVRGA,"Alex Favela, Grupo Marca Registrada, Joaquin Medina",latin,75,2023-08-18,2023,8,2020s,0.476,0.793,-10.515,0.115,0.578,0.0406,0.0,0.132,129.992,4,0,5,3.25,High popularity
Porno,"Rich Music LTD, Sech, Dalex, Justin Quiles, Lenny Tavárez, Feid",latin,70,2019-10-11,2019,10,2010s,0.71,0.535,-2.978,0.141,0.523,0.324,0.0,0.428,92.009,4,0,1,3.54,High popularity
Que Se Cuide,"Luis R Conriquez, Joel De La P, Chimbala",latin,71,2024-05-04,2024,5,2020s,0.779,0.937,-3.539,0.0408,0.95,0.329,6.85e-05,0.22,128.028,4,0,4,2.59,High popularity
Mejores Jordans,"Victor Mendivil, Oscar Maydon",latin,83,2024-07-30,2024,7,2020s,0.583,0.669,-8.949,0.1,0.271,0.269,2.54e-06,0.603,115.221,4,1,1,3.91,High popularity
APAGA EL CEL,"FloyyMenor, Lewis Somes",latin,76,2024-08-09,2024,8,2020s,0.496,0.696,-7.532,0.0626,0.476,0.0365,0.000397,0.273,100.025,4,0,9,3.08,High popularity
LUNA,"Feid, ATL Jacob",latin,88,2023-12-01,2023,12,2020s,0.86,0.774,-2.888,0.116,0.446,0.13,0.0,0.131,100.019,4,0,7,3.28,High popularity
TU TA RICA,"FloyyMenor, Lewis Somes",latin,76,2024-08-09,2024,8,2020s,0.507,0.755,-6.76,0.18,0.606,0.0684,1.82e-05,0.293,99.994,4,0,3,2.08,High popularity
Parado no Bailão,"MC L da Vinte, MC Gury",brazilian,73,2018-07-23,2018,7,2010s,0.599,0.828,-1.624,0.0775,0.478,0.149,0.0,0.381,86.533,5,1,11,2.86,High popularity
Se Voce Nao Quer Passa a Vez,"Mc Delux, DJ Guih Da ZO",brazilian,70,2022-03-22,2022,3,2020s,0.827,0.956,1.295,0.423,0.614,0.222,0.000259,0.136,129.949,4,1,9,2.23,High popularity
BRAZILIAN DANÇA PHONK,"6YNTHMANE, RXDXVIL",brazilian,72,2023-05-12,2023,5,2020s,0.99,0.748,-2.39,0.267,0.386,0.151,0.132,0.303,126.015,4,1,1,1.97,High popularity
Faz um Vuk Vuk (Teto Espelhado),"MC Kevin o Chris, Dj Nk Da Serra, Mc Magrinho",brazilian,72,2023-07-20,2023,7,2020s,0.413,0.92,-7.901,0.133,0.679,0.0752,0.0514,0.504,130.078,4,0,7,2.31,High popularity
Te Maceto Depois Do Baile,"DJ Zigão, DJ Lafon Do Md, Mc Rodrigo do CN, Mc Rf",brazilian,69,2024-05-14,2024,5,2020s,0.789,0.89,-1.826,0.192,0.758,0.428,0.0,0.147,130.053,4,1,11,3.33,Medium popularity
MTG QUEM NÃO QUER SOU EU,"DJ TOPO, Seu Jorge, Mc Leozin, MC G15",brazilian,77,2024-05-10,2024,5,2020s,0.427,0.492,-6.37,0.53,0.443,0.372,0.00482,0.364,80.492,5,0,9,2.06,High popularity
Ela Joga na Hora,"Mc Pogba, DJ Guih Da ZO",brazilian,78,2024-03-28,2024,3,2020s,0.669,0.949,-3.922,0.169,0.843,0.222,0.000592,0.36,130.05,4,0,2,2.22,High popularity
THE BOX MEDLEY FUNK 2,"THE BOX, Mc Brinquedo, MC Cebezinho, MC Tuto, Mc Laranjinha, DJ Oreia",brazilian,78,2024-04-18,2024,4,2020s,0.687,0.778,-8.568,0.356,0.839,0.105,0.0105,0.578,117.008,4,0,11,4.44,High popularity
Louca Encubada,"Dj Samir, Rodricci, Launch13",brazilian,71,2023-10-13,2023,10,2020s,0.955,0.679,-3.715,0.125,0.713,0.0437,0.235,0.000737,130.068,4,1,6,1.99,High popularity
DANÇA PRA ME PROVOCAR,"DJ JOÃO PEREIRA, MC Koringa",brazilian,68,2023-09-14,2023,9,2020s,0.582,0.615,-0.93,0.0791,0.892,0.364,6.55e-05,0.269,84.917,5,1,6,2.62,Medium popularity
Tá OK,"DENNIS, MC Kevin o Chris",brazilian,71,2023-05-04,2023,5,2020s,0.96,0.863,-1.458,0.0853,0.586,0.0492,0.00526,0.497,130.118,4,1,11,1.53,High popularity
WHINE IN BRAZIL FUNK,Ichiss,brazilian,72,2024-07-09,2024,7,2020s,0.907,0.863,-5.077,0.182,0.304,0.295,0.000813,0.0683,117.054,4,0,4,1.8,High popularity
TUMBÁTUM,"Tropa do Bruxo, SMU, Dj Vitin do Pc, MC JF, MC NAHARA",brazilian,70,2023-12-22,2023,12,2020s,0.59,0.711,-5.967,0.0798,0.702,0.271,1.83e-06,0.26,86.429,5,0,6,2.02,High popularity
Onlar Anlamaz Halden,Semicenk,turkish,75,2024-08-09,2024,8,2020s,0.327,0.707,-17.176,0.155,0.181,0.0687,0.0148,0.185,90.025,4,0,0,2.93,High popularity
Geçiyor Zaman,Semicenk,turkish,75,2024-08-09,2024,8,2020s,0.729,0.629,-5.235,0.253,0.427,0.0379,7.75e-05,0.431,98.022,4,0,7,2.57,High popularity
Kader Sağ Olsun,Semicenk,turkish,70,2024-08-09,2024,8,2020s,0.656,0.685,-8.028,0.318,0.556,0.0411,0.0,0.702,120.001,4,0,7,2.87,High popularity
Küle Dönmüşsün,"Semicenk, Doğu Swag",turkish,72,2024-06-14,2024,6,2020s,0.606,0.831,-4.84,0.0973,0.883,0.0626,1.04e-06,0.684,95.056,4,0,8,2.44,High popularity
Önümüz Yaz,Simge,turkish,74,2024-06-21,2024,6,2020s,0.914,0.726,-4.226,0.54,0.839,0.0802,0.0,0.0758,108.02,4,1,7,3.03,High popularity
Kafamın İçi,"Ebru Yaşar, Siyam, Zeyd",turkish,68,2024-05-22,2024,5,2020s,0.724,0.536,-6.84,0.116,0.587,0.152,0.0,0.748,78.753,4,0,9,2.37,Medium popularity
Lan,Zeynep Bastık,turkish,69,2024-03-08,2024,3,2020s,0.622,0.406,-7.647,0.309,0.567,0.0648,1.35e-05,0.497,204.028,4,0,3,3.27,Medium popularity
Self Care,Mac Miller,hip-hop,73,2018-08-03,2018,8,2010s,0.538,0.52,-8.109,0.119,0.177,0.206,0.00187,0.367,141.894,4,1,1,5.75,High popularity
"I'm Good Luv, Enjoy.",Aaron May,hip-hop,75,2019-02-28,2019,2,2010s,0.586,0.891,-4.665,0.213,0.954,0.121,0.0,0.0833,130.012,4,1,11,2.24,High popularity
Doomsday,"MF DOOM, Pebbles The Invisible Girl",hip-hop,72,1999-10-19,1999,10,1990s,0.84,0.856,-7.736,0.0773,0.792,0.334,0.0,0.0973,95.416,4,0,6,4.97,High popularity
"Darling, I (feat. Teezo Touchdown)","Tyler, The Creator, Teezo Touchdown",hip-hop,87,2024-10-28,2024,10,2020s,0.818,0.373,-3.19,0.434,0.361,0.102,0.0,0.36,97.571,4,0,3,4.23,High popularity
Jukebox Joints (feat. Joe Fox & Kanye West),"A$AP Rocky, Joe Fox, Kanye West",hip-hop,72,2015-05-26,2015,5,2010s,0.803,0.284,-5.293,0.242,0.553,0.173,0.0,0.302,67.536,4,0,2,5.4,High popularity
A Cold Sunday,Lil Yachty,hip-hop,72,2024-02-02,2024,2,2020s,0.86,0.575,-3.165,0.0973,0.834,0.23,0.0,0.298,76.54,1,0,9,1.79,High popularity
infinity (888) - feat. Joey Bada$$,"XXXTENTACION, Joey Bada$$",hip-hop,70,2018-03-16,2018,3,2010s,0.579,0.562,-6.788,0.102,0.577,0.484,0.0,0.274,84.143,4,0,10,2.94,High popularity
MY EYES,Travis Scott,hip-hop,82,2023-07-28,2023,7,2020s,0.621,0.455,-7.694,0.123,0.28,0.0517,2.59e-06,0.651,119.043,4,0,0,4.19,High popularity
Devil In A New Dress,"Kanye West, Rick Ross",hip-hop,76,2010-11-22,2010,11,2010s,0.76,0.435,-4.935,0.158,0.206,0.0721,0.0,0.0175,80.082,4,0,8,5.87,High popularity
Love Yourz,J. Cole,hip-hop,73,2014-12-09,2014,12,2010s,0.638,0.677,-8.631,0.193,0.435,0.333,0.0,0.589,82.81,4,1,8,3.52,High popularity
Go Flex,Post Malone,hip-hop,72,2016-12-09,2016,12,2010s,0.498,0.665,-8.185,0.0757,0.127,0.083,0.0,0.23,81.958,4,1,5,2.99,High popularity
Champagne Shots,Sainté,hip-hop,68,2021-01-06,2021,1,2020s,0.441,0.942,-11.448,0.138,0.925,0.469,0.0,0.493,135.028,4,1,11,2.4,Medium popularity
Rich Spirit,Kendrick Lamar,hip-hop,73,2022-05-13,2022,5,2020s,0.421,0.852,-9.153,0.106,0.457,0.208,2.28e-06,0.428,95.977,4,0,10,3.37,High popularity
I Smoked Away My Brain (I'm God x Demons Mashup) (feat. Imogen Heap & Clams Casino),"A$AP Rocky, Imogen Heap, Clams Casino",hip-hop,84,2023-08-18,2023,8,2020s,0.652,0.47,-9.629,0.175,0.104,0.0561,4.08e-05,0.0831,141.981,4,1,2,3.17,High popularity
Falling Down - Bonus Track,"Lil Peep, XXXTENTACION",hip-hop,84,2018-11-09,2018,11,2010s,0.574,0.669,-6.442,0.146,0.273,0.0286,0.00294,0.0175,120.013,4,0,4,3.27,High popularity
Righteous Minds,Joey Bada$$,hip-hop,68,2012-06-12,2012,6,2010s,0.638,0.809,-5.646,0.453,0.608,0.28,0.0,0.262,94.893,4,0,8,3.73,Medium popularity
Everybody Dies In Their Nightmares,XXXTENTACION,hip-hop,81,2017-08-25,2017,8,2010s,0.57,0.734,-7.066,0.112,0.689,0.133,2.14e-05,0.847,129.953,4,0,7,1.59,High popularity
It Was A Good Day,Ice Cube,hip-hop,78,1992-11-17,1992,11,1990s,0.744,0.798,-5.328,0.292,0.794,0.136,0.000106,0.33,82.356,4,0,7,4.33,High popularity
WUSYANAME (feat. Youngboy Never Broke Again & Ty Dolla $ign),"Tyler, The Creator, YoungBoy Never Broke Again, Ty Dolla $ign",hip-hop,73,2021-06-25,2021,6,2020s,0.653,0.493,-5.666,0.511,0.852,0.0466,0.0,0.269,142.347,4,0,0,2.03,High popularity
Weekend (feat. Miguel),"Mac Miller, Miguel",hip-hop,72,2015-09-18,2015,9,2010s,0.435,0.843,-8.442,0.147,0.19,0.178,0.0,0.47,120.058,4,1,8,3.47,High popularity
a lot,21 Savage,hip-hop,77,2018-12-21,2018,12,2010s,0.636,0.837,-7.643,0.342,0.274,0.086,0.00125,0.0395,145.972,4,1,1,4.81,High popularity
Flashing Lights,"Kanye West, Dwele",hip-hop,83,2007-09-11,2007,9,2000s,0.628,0.639,-7.578,0.386,0.43,0.0398,0.0,0.0381,90.482,4,0,6,3.96,High popularity
Redbone,Childish Gambino,hip-hop,78,2016-12-02,2016,12,2010s,0.354,0.741,-10.603,0.118,0.583,0.0837,0.00577,0.181,160.037,4,1,1,5.45,High popularity
Passionfruit,Drake,hip-hop,80,2017-03-18,2017,3,2010s,0.463,0.809,-11.377,0.109,0.364,0.0396,0.085,0.256,111.98,4,1,11,4.98,High popularity
Ocean Prime (feat. Boldy James),"The Alchemist, Boldy James",hip-hop,68,2019-08-30,2019,8,2010s,0.604,0.583,-8.437,0.724,0.691,0.456,0.0,0.735,49.305,5,1,2,1.67,Medium popularity
Show Me,Joey Bada$$,hip-hop,68,2022-07-22,2022,7,2020s,0.646,0.599,-6.326,0.128,0.638,0.337,4.36e-06,0.222,176.153,4,1,6,3.67,Medium popularity
Revenge,XXXTENTACION,hip-hop,84,2017-08-25,2017,8,2010s,0.251,0.746,-16.169,0.106,0.18,0.259,0.00203,0.782,139.999,4,0,11,2.0,High popularity
Embarrassed (feat. Travis Scott),"Don Toliver, Travis Scott",hip-hop,69,2023-02-28,2023,2,2020s,0.506,0.848,-5.105,0.102,0.593,0.0336,0.0,0.376,115.994,4,0,4,3.21,Medium popularity
Homecoming,"Kanye West, Chris Martin",hip-hop,79,2007-09-11,2007,9,2000s,0.747,0.67,-7.059,0.115,0.918,0.189,0.0,0.337,86.918,4,1,1,3.39,High popularity
Break from Toronto,PARTYNEXTDOOR,hip-hop,83,2013-07-01,2013,7,2010s,0.678,0.595,-5.18,0.418,0.259,0.0335,0.00389,0.0199,117.067,4,1,9,1.65,High popularity
You Know How We Do It,Ice Cube,hip-hop,76,1993-12-07,1993,12,1990s,0.52,0.747,-10.523,0.142,0.601,0.0357,0.0537,0.0977,92.869,4,0,10,3.88,High popularity
Fuck Love,"XXXTENTACION, Trippie Redd",hip-hop,84,2017-08-25,2017,8,2010s,0.533,0.797,-9.74,0.103,0.329,0.0412,0.000152,0.0172,131.036,4,0,0,2.44,High popularity
DUCKWORTH.,Kendrick Lamar,hip-hop,72,2017-04-14,2017,4,2010s,0.731,0.552,-6.873,0.258,0.632,0.615,0.0,0.0536,174.516,4,1,7,4.14,High popularity
Good Morning,Kanye West,hip-hop,70,2007-09-11,2007,9,2000s,0.631,0.48,-5.488,0.149,0.515,0.116,0.000105,0.0791,84.166,4,1,7,3.25,High popularity
Neighbors,J. Cole,hip-hop,68,2016-12-09,2016,12,2010s,0.283,0.898,-12.335,0.11,0.469,0.356,0.000383,0.319,138.97,4,0,6,3.61,Medium popularity
Teenage Fever,Drake,hip-hop,77,2017-03-18,2017,3,2010s,0.283,0.766,-10.33,0.115,0.144,0.0846,0.0172,0.111,97.04,4,0,8,3.66,High popularity
Awolowo,Fido,ambient,71,2024-08-07,2024,8,2020s,0.385,0.619,-11.272,0.179,0.294,0.118,0.00369,0.129,106.312,5,0,0,2.26,High popularity
Holy Ghost,Omah Lay,ambient,70,2023-11-09,2023,11,2020s,0.415,0.823,-10.845,0.128,0.488,0.0637,0.0316,0.471,113.976,4,0,5,3.1,High popularity
"Soweto (with Don Toliver, Rema & Tempoe)","Victony, Rema, Tempoe, Don Toliver",ambient,72,2023-03-22,2023,3,2020s,0.756,0.719,-5.392,0.109,0.647,0.0761,0.0,0.0541,105.024,4,0,5,3.66,High popularity
Rush,Ayra Starr,ambient,68,2022-09-16,2022,9,2020s,0.503,0.792,-8.044,0.0959,0.381,0.0626,0.00057,0.0369,99.97,4,1,1,3.08,Medium popularity
Free Mind,Tems,ambient,72,2020-09-25,2020,9,2020s,0.463,0.562,-7.478,0.157,0.416,0.0787,0.000145,0.442,125.15,5,1,6,4.13,High popularity
Essence (feat. Tems),"Wizkid, Tems",ambient,70,2020-10-29,2020,10,2020s,0.707,0.849,-6.002,0.618,0.602,0.113,8.58e-06,0.0266,104.027,4,1,0,4.13,High popularity
In My Bed,"Rotimi, Wale",ambient,68,2019-12-13,2019,12,2010s,0.501,0.637,-6.148,0.099,0.431,0.187,5.91e-05,0.229,103.993,4,0,0,3.09,Medium popularity
Location (feat. Burna Boy),"Dave, Burna Boy",ambient,73,2019-03-08,2019,3,2010s,0.496,0.812,-5.969,0.0955,0.55,0.297,0.0,0.271,109.979,4,0,9,4.02,High popularity
Higher,Tems,ambient,72,2020-09-25,2020,9,2020s,0.581,0.609,-10.854,0.283,0.528,0.277,0.0,0.509,102.964,3,1,2,3.27,High popularity
KU LO SA - A COLORS SHOW,Oxlade,ambient,70,2022-06-10,2022,6,2020s,0.655,0.649,-5.534,0.22,0.793,0.0652,0.0,0.307,92.9,4,0,10,2.46,High popularity
Replay,Tems,ambient,71,2021-09-14,2021,9,2020s,0.549,0.613,-8.187,0.116,0.78,0.231,0.0,0.097,123.879,5,1,9,3.0,High popularity
Touches,Somnum Magnam,ambient,72,2024-01-19,2024,1,2020s,0.00161,0.138,-43.643,0.0951,0.155,0.0532,0.971,0.977,140.997,1,1,5,2.41,High popularity
Rosyln,"Bon Iver, St. Vincent",ambient,75,2009-10-16,2009,10,2000s,0.277,0.329,-13.111,0.0971,0.121,0.0302,0.024,0.971,159.719,3,0,10,4.83,High popularity
Lights Are On,Tom Rosenthal,ambient,77,2018-10-26,2018,10,2010s,0.04,0.44,-16.887,0.111,0.249,0.0322,0.465,0.981,135.965,4,1,3,3.23,High popularity
Take Me To Church,Hozier,ambient,81,2014-09-19,2014,9,2010s,0.664,0.575,-5.303,0.116,0.437,0.0481,0.0,0.637,129.071,4,0,4,4.03,High popularity
cardigan,Taylor Swift,ambient,83,2020-07-24,2020,7,2020s,0.581,0.613,-8.588,0.25,0.551,0.0424,0.000345,0.537,130.033,4,0,0,3.99,High popularity
Young And Beautiful,Lana Del Rey,ambient,83,2013-01-01,2013,1,2010s,0.416,0.324,-8.92,0.11,0.151,0.0368,3.69e-05,0.262,113.986,4,0,11,3.93,High popularity
My Love Mine All Mine,Mitski,ambient,88,2023-09-15,2023,9,2020s,0.308,0.504,-14.958,0.158,0.121,0.0321,0.135,0.868,113.95,4,1,9,2.3,High popularity
idfc,blackbear,ambient,71,2015-06-02,2015,6,2010s,0.422,0.718,-9.115,0.17,0.455,0.0621,0.0,0.0764,144.678,4,0,4,3.45,High popularity
As the World Caves In,Matt Maltese,ambient,68,2018-06-08,2018,6,2010s,0.449,0.327,-5.362,0.22,0.179,0.034,0.00444,0.369,123.969,4,1,10,3.65,Medium popularity
The 30th,Billie Eilish,ambient,72,2022-07-21,2022,7,2020s,0.135,0.387,-14.398,0.0948,0.21,0.051,0.0,0.929,82.987,4,1,7,3.61,High popularity
Like Real People Do,Hozier,ambient,72,2014-09-19,2014,9,2010s,0.179,0.539,-14.33,0.106,0.145,0.0309,0.393,0.921,140.01,3,1,7,3.3,High popularity
Happiness is a butterfly,Lana Del Rey,ambient,73,2019-08-30,2019,8,2010s,0.119,0.467,-10.99,0.0973,0.156,0.0401,1.4e-06,0.969,70.499,4,1,2,4.54,High popularity
listen before i go,Billie Eilish,ambient,74,2019-03-29,2019,3,2010s,0.0561,0.319,-23.023,0.388,0.082,0.045,0.00384,0.935,79.764,3,1,0,4.04,High popularity
Astronomy,Conan Gray,ambient,72,2022-06-24,2022,6,2020s,0.343,0.474,-8.571,0.305,0.152,0.027,2.65e-05,0.578,145.115,3,0,4,4.07,High popularity
From the Dining Table,Harry Styles,ambient,69,2017-05-12,2017,5,2010s,0.156,0.671,-16.288,0.113,0.201,0.0371,0.0518,0.804,94.08,4,1,8,3.53,Medium popularity
Getting Older,Billie Eilish,ambient,70,2021-07-30,2021,7,2020s,0.128,0.599,-17.261,0.115,0.367,0.109,0.121,0.974,159.679,4,1,10,4.07,High popularity
rises the moon,Liana Flores,ambient,81,2019-04-10,2019,4,2010s,0.129,0.483,-20.149,0.106,0.203,0.0349,0.145,0.947,137.35,3,0,5,2.7,High popularity
ceilings,Lizzy McAlpine,ambient,80,2022-04-08,2022,4,2020s,0.322,0.516,-11.762,0.215,0.261,0.0292,0.00194,0.473,148.005,3,1,9,3.05,High popularity
Sparks,Coldplay,ambient,85,2000-07-10,2000,7,2000s,0.268,0.371,-10.506,0.104,0.165,0.0281,0.0517,0.748,102.617,3,1,1,3.78,High popularity
In My Room,Chance Peña,ambient,76,2022-05-06,2022,5,2020s,0.338,0.408,-13.626,0.0732,0.1,0.0431,0.000639,0.521,133.943,3,1,4,2.96,High popularity
Waiting Room,Phoebe Bridgers,ambient,75,2016-08-12,2016,8,2010s,0.289,0.531,-10.065,0.134,0.12,0.0286,0.000358,0.339,129.753,4,1,2,6.57,High popularity
Chemtrails Over The Country Club,Lana Del Rey,ambient,79,2021-03-19,2021,3,2020s,0.276,0.334,-13.125,0.113,0.429,0.0643,0.000249,0.877,201.025,3,0,4,4.52,High popularity
How to disappear,Lana Del Rey,ambient,70,2019-08-30,2019,8,2010s,0.304,0.538,-11.79,0.164,0.065,0.0352,0.000631,0.613,78.997,3,1,9,3.8,High popularity
Nothing New (feat. Phoebe Bridgers) (Taylor’s Version) (From The Vault),"Taylor Swift, Phoebe Bridgers",ambient,71,2021-11-12,2021,11,2020s,0.377,0.606,-9.455,0.154,0.446,0.0275,0.0,0.817,101.96,4,1,0,4.31,High popularity
State Lines,Novo Amor,ambient,73,2018-10-19,2018,10,2010s,0.31,0.509,-10.623,0.0963,0.151,0.0313,0.229,0.959,137.474,3,1,9,3.48,High popularity
Where's My Love - Acoustic,SYML,ambient,72,2017-07-07,2017,7,2010s,0.225,0.554,-11.324,0.107,0.221,0.0281,0.0321,0.892,104.007,4,1,3,4.0,High popularity
Apocalypse,Cigarettes After Sex,ambient,87,2017-06-09,2017,6,2010s,0.468,0.369,-9.013,0.109,0.18,0.0273,0.566,0.0205,94.434,4,1,5,4.84,High popularity
Anchor,Novo Amor,ambient,78,2017-05-26,2017,5,2010s,0.407,0.457,-11.475,0.126,0.126,0.0308,0.884,0.805,117.053,4,1,9,4.29,High popularity
Brooklyn Baby,Lana Del Rey,ambient,80,2014-01-01,2014,1,2010s,0.664,0.404,-6.698,0.11,0.0949,0.0407,0.00402,0.542,107.747,4,1,1,5.86,High popularity
Would That I,Hozier,ambient,74,2019-03-01,2019,3,2010s,0.526,0.521,-6.032,0.108,0.502,0.0281,0.00537,0.243,130.694,4,1,5,4.47,High popularity
lacy,Olivia Rodrigo,ambient,75,2023-09-08,2023,9,2020s,0.367,0.395,-7.653,0.11,0.426,0.0324,0.0,0.815,77.968,4,1,3,2.95,High popularity
Can’t Catch Me Now - from The Hunger Games: The Ballad of Songbirds & Snakes,Olivia Rodrigo,ambient,72,2023-11-17,2023,11,2020s,0.347,0.409,-8.159,0.121,0.199,0.0359,4.55e-06,0.834,141.332,4,0,11,3.42,High popularity
Feels Like,Gracie Abrams,ambient,73,2021-11-12,2021,11,2020s,0.483,0.617,-7.359,0.121,0.176,0.0458,0.000216,0.702,144.99,4,1,11,2.54,High popularity
Black Friday,Tom Odell,ambient,71,2024-01-26,2024,1,2020s,0.199,0.48,-12.398,0.0978,0.201,0.0329,0.0563,0.931,165.476,4,1,6,3.69,High popularity
Male Fantasy,Billie Eilish,ambient,70,2021-07-30,2021,7,2020s,0.288,0.687,-10.415,0.0986,0.308,0.045,0.0,0.863,110.927,4,1,2,3.25,High popularity
Cherry Wine - Live,Hozier,ambient,68,2014-09-19,2014,9,2010s,0.11,0.415,-14.901,0.0962,0.234,0.0388,0.00236,0.951,81.876,4,1,1,4.0,Medium popularity
We'll Never Have Sex,Leith Ross,ambient,68,2023-05-19,2023,5,2020s,0.0972,0.443,-16.496,0.115,0.289,0.0793,0.0102,0.952,86.686,4,1,2,1.68,Medium popularity
Margaret (feat. Bleachers),"Lana Del Rey, Bleachers",ambient,78,2023-03-24,2023,3,2020s,0.245,0.34,-13.352,0.0633,0.192,0.0319,0.0992,0.969,103.777,4,1,9,5.66,High popularity
Miserable Man,David Kushner,ambient,68,2022-09-16,2022,9,2020s,0.348,0.631,-10.285,0.295,0.32,0.0343,8.87e-05,0.926,110.019,4,1,10,3.88,Medium popularity
Halley's Comet,Billie Eilish,ambient,75,2021-07-30,2021,7,2020s,0.159,0.403,-16.728,0.34,0.0381,0.104,0.0121,0.961,72.38,4,0,1,3.91,High popularity
Did It Again,Lil Tecca,hip-hop,72,2019-08-30,2019,8,2010s,0.561,0.686,-9.929,0.114,0.186,0.191,0.0,0.185,148.775,4,0,10,1.94,High popularity
Wish (feat. Trippie Redd) - Trippie Mix,"Diplo, Trippie Redd",hip-hop,71,2018-08-10,2018,8,2010s,0.819,0.565,-7.899,0.111,0.682,0.0668,0.0,0.232,94.011,4,1,9,2.95,High popularity
Lust,Lil Skies,hip-hop,70,2017-12-12,2017,12,2010s,0.767,0.718,-5.641,0.114,0.519,0.166,0.0,0.138,160.084,4,1,9,2.6,High popularity
Conceited,Lil Uzi Vert,hip-hop,68,2024-11-01,2024,11,2020s,0.55,0.629,-6.772,0.095,0.154,0.0543,0.0,0.152,124.13,4,1,0,3.16,Medium popularity
Ransom (with Juice WRLD) - Remix,"Lil Tecca, Juice WRLD",hip-hop,73,2019-08-30,2019,8,2010s,0.671,0.684,-6.424,0.0769,0.45,0.289,0.0,0.0119,179.987,4,0,2,2.85,High popularity
Take What You Want (feat. Ozzy Osbourne & Travis Scott),"Post Malone, Ozzy Osbourne, Travis Scott",hip-hop,73,2019-09-06,2019,9,2010s,0.8,0.498,-2.665,0.147,0.272,0.0503,0.0,0.0903,139.918,4,0,1,3.83,High popularity
witchblades,"Lil Peep, Lil Tracy",hip-hop,71,2017-02-07,2017,2,2010s,0.54,0.634,-7.002,0.302,0.543,0.0777,0.0,0.0223,143.968,4,1,8,2.49,High popularity
Ballin' (with Roddy Ricch),"Mustard, Roddy Ricch",hip-hop,73,2019-06-28,2019,6,2010s,0.545,0.809,-6.678,0.151,0.244,0.0734,0.0,0.392,97.008,4,1,7,3.01,High popularity
Suicidal,YNW Melly,hip-hop,73,2019-11-22,2019,11,2010s,0.369,0.735,-9.682,0.126,0.235,0.0688,0.0,0.334,140.004,4,0,9,3.72,High popularity
Flaws And Sins,Juice WRLD,hip-hop,70,2019-03-08,2019,3,2010s,0.662,0.709,-4.55,0.108,0.439,0.0767,0.0,0.00966,150.047,4,1,8,3.64,High popularity
Down With Me,Lil Tecca,hip-hop,70,2024-01-19,2024,1,2020s,0.588,0.712,-5.332,0.21,0.471,0.0543,0.0,0.112,114.929,4,0,9,2.0,High popularity
Wow.,Post Malone,hip-hop,77,2019-09-06,2019,9,2010s,0.538,0.829,-7.359,0.103,0.389,0.212,1.88e-06,0.137,99.952,4,0,11,2.49,High popularity
Maria I'm Drunk (feat. Justin Bieber & Young Thug),"Travis Scott, Justin Bieber, Young Thug",hip-hop,71,2015-09-04,2015,9,2010s,0.631,0.648,-5.662,0.12,0.142,0.104,0.0,0.38,105.989,4,0,4,5.83,High popularity
Still Think About You,A Boogie Wit da Hoodie,hip-hop,73,2016-09-16,2016,9,2010s,0.646,0.946,-6.604,0.0643,0.961,0.21,0.0,0.219,127.978,4,1,5,4.12,High popularity
Come & Go (with Marshmello),"Juice WRLD, Marshmello",hip-hop,75,2020-07-10,2020,7,2020s,0.814,0.625,-5.181,0.158,0.535,0.0657,0.0,0.0172,144.991,4,1,0,3.42,High popularity
500lbs,Lil Tecca,hip-hop,78,2023-09-22,2023,9,2020s,0.779,0.724,-5.412,0.127,0.53,0.0807,0.0,0.098,123.013,4,0,7,2.41,High popularity
16,Baby Keem,hip-hop,77,2021-09-10,2021,9,2020s,0.782,0.701,-4.987,0.124,0.57,0.138,2.31e-06,0.0918,94.03,4,1,1,2.6,High popularity
Chemical,Post Malone,hip-hop,75,2023-04-14,2023,4,2020s,0.88,0.49,-4.856,0.103,0.392,0.0435,0.0,0.00154,169.949,4,1,2,3.07,High popularity
I Just Called To Say I Love You,Stevie Wonder,korean,74,1999-11-23,1999,11,1990s,0.551,0.748,-9.054,0.0943,0.65,0.0239,1.57e-06,0.243,113.535,4,1,1,4.37,High popularity
Stay With Me,"CHANYEOL, Punch",korean,69,2016-12-03,2016,12,2010s,0.526,0.558,-4.686,0.126,0.202,0.033,0.0,0.431,124.709,4,0,0,3.21,Medium popularity
Sudden Shower,ECLIPSE,korean,70,2024-04-08,2024,4,2020s,0.506,0.469,-6.283,0.102,0.217,0.0291,0.0,0.587,133.403,4,1,0,3.88,High popularity
Christmas Tree,V,korean,69,2021-12-24,2021,12,2020s,0.384,0.437,-8.384,0.121,0.181,0.042,2.33e-05,0.699,139.009,4,1,5,3.5,Medium popularity
Boyfriend,YEONJUN,korean,69,2024-09-01,2024,9,2020s,0.557,0.815,-7.166,0.089,0.482,0.0318,0.0,0.109,114.019,4,1,5,3.38,Medium popularity
Love You With All My Heart,Crush,korean,69,2024-03-24,2024,3,2020s,0.326,0.46,-8.226,0.0874,0.214,0.0304,0.0,0.763,134.049,4,1,4,4.07,Medium popularity
Stay Alive (Prod. SUGA of BTS),Jung Kook,korean,68,2022-02-11,2022,2,2020s,0.76,0.512,-5.889,0.103,0.495,0.0682,0.0,0.299,130.096,4,0,2,3.52,Medium popularity
Me Fui de Vacaciones,Bad Bunny,world,70,2022-05-06,2022,5,2020s,0.645,0.714,-5.493,0.0942,0.434,0.0514,0.00083,0.229,85.046,4,1,10,3.02,High popularity
Chachachá,Jósean Log,world,77,2016-10-14,2016,10,2010s,0.321,0.68,-10.944,0.125,0.416,0.0376,4.67e-06,0.791,110.827,4,1,5,3.6,High popularity
Nunca Es Suficiente,"Los Ángeles Azules, Natalia Lafourcade",world,71,2018-06-08,2018,6,2010s,0.499,0.796,-6.166,0.0867,0.798,0.0404,0.0,0.392,93.99,4,0,2,4.43,High popularity
Muerte En Hawaii,Calle 13,world,69,2010-11-22,2010,11,2010s,0.588,0.675,-7.168,0.95,0.879,0.177,0.0,0.789,79.989,4,1,3,3.16,Medium popularity
Harpy Hare,Yaelokre,folk,76,2024-01-04,2024,1,2020s,0.533,0.645,-11.65,0.2,0.349,0.0351,7.08e-06,0.644,130.02,4,1,2,3.02,High popularity
Russian Bandana,Dhanda Nyoliwala,hip-hop,74,2024-09-12,2024,9,2020s,0.615,0.775,-5.682,0.0595,0.918,0.368,0.0,0.304,84.07,4,0,1,3.29,High popularity
Sifar Safar,Karan Aujla,hip-hop,70,2024-10-18,2024,10,2020s,0.798,0.509,-4.472,0.203,0.48,0.235,0.0,0.00625,86.638,4,1,2,3.01,High popularity
Knife Brows,Dhanda Nyoliwala,hip-hop,68,2024-10-19,2024,10,2020s,0.606,0.656,-5.948,0.105,0.38,0.363,0.0,0.335,175.917,4,1,9,2.93,Medium popularity
Baller,"Shubh, Ikky",hip-hop,68,2022-09-09,2022,9,2020s,0.702,0.711,-10.048,0.0932,0.674,0.233,0.0163,0.00487,180.219,4,1,5,2.47,Medium popularity
Winning Speech,"Karan Aujla, Mxrci",hip-hop,75,2024-05-16,2024,5,2020s,0.78,0.461,-5.004,0.181,0.448,0.363,0.0,0.128,171.285,4,0,11,3.79,High popularity
Still Rollin,Shubh,hip-hop,71,2023-05-19,2023,5,2020s,0.431,0.881,-11.093,0.113,0.246,0.0914,0.0018,0.182,94.0,4,0,6,2.91,High popularity
9:45,"Prabh Singh, Jay Trak, Rooh Sandhu",hip-hop,73,2023-03-10,2023,3,2020s,0.455,0.796,-7.763,0.156,0.352,0.0997,3.59e-06,0.637,99.958,4,0,1,1.96,High popularity
Dior,Shubh,hip-hop,69,2023-05-19,2023,5,2020s,0.362,0.967,-11.374,0.124,0.633,0.159,0.00637,0.514,115.974,4,0,5,2.32,Medium popularity
Cheques,Shubh,hip-hop,75,2023-05-19,2023,5,2020s,0.627,0.742,-8.939,0.269,0.356,0.0533,1.23e-05,0.262,89.998,4,0,4,3.06,High popularity
MVP,Shubh,hip-hop,70,2024-05-10,2024,5,2020s,0.572,0.742,-8.163,0.318,0.644,0.0743,0.00428,0.391,88.041,4,0,7,3.28,High popularity
8 ASLE,"Sukha, Chani Nattan, Prodgk, Gurlez Akhtar",hip-hop,68,2023-11-17,2023,11,2020s,0.684,0.769,-6.113,0.18,0.483,0.148,0.0,0.0977,100.042,4,0,10,2.68,Medium popularity
King Shit,Shubh,hip-hop,72,2024-01-05,2024,1,2020s,0.566,0.794,-8.35,0.151,0.68,0.0602,0.000168,0.301,85.953,4,0,11,3.78,High popularity
One Love,Shubh,hip-hop,75,2023-08-18,2023,8,2020s,0.512,0.848,-7.757,0.101,0.881,0.118,0.00645,0.284,144.926,4,1,7,2.65,High popularity
On Top,Karan Aujla,hip-hop,70,2022-11-25,2022,11,2020s,0.75,0.831,-5.42,0.111,0.662,0.153,0.0,0.0188,139.979,4,0,10,3.06,High popularity
Old Money,AP Dhillon,hip-hop,71,2024-08-09,2024,8,2020s,0.733,0.864,-3.292,0.166,0.183,0.0713,0.000175,0.144,92.969,4,0,4,2.13,High popularity
Tu hai kahan,AUR,hip-hop,75,2023-10-16,2023,10,2020s,0.356,0.708,-9.738,0.112,0.569,0.075,6.54e-05,0.437,83.679,4,1,1,4.39,High popularity
Bandana,Shubh,hip-hop,73,2024-03-29,2024,3,2020s,0.718,0.716,-5.348,0.192,0.91,0.148,0.0,0.0452,89.906,4,0,6,2.58,High popularity
Move,"Adam Port, Stryv, Keinemusik, Orso, Malachiii",electronic,68,2024-06-07,2024,6,2020s,0.782,0.727,-8.529,0.225,0.655,0.042,0.336,0.0563,119.992,4,0,8,2.96,Medium popularity
Yamore,"MoBlack, Salif Keita, Benja (NL), Franc Fala, Cesária Evora",electronic,75,2024-06-07,2024,6,2020s,0.577,0.795,-9.638,0.051,0.206,0.0648,0.147,0.00263,119.986,4,0,1,4.13,High popularity
My Love (2024),"Alex Wann, Route 94, Jess Glynne",electronic,69,2024-08-30,2024,8,2020s,0.872,0.43,-7.821,0.119,0.136,0.0522,0.879,0.118,122.028,4,1,1,3.08,Medium popularity
Forever (feat. Malou & Yuna),"HUGEL, Diplo, Malou, Yuna",electronic,71,2024-09-20,2024,9,2020s,0.946,0.542,-6.048,0.107,0.229,0.0425,0.632,0.0312,120.036,4,0,9,2.34,High popularity
Beso (Fruta Fresca),"Wakyin, Carlos Vives",electronic,70,2023-12-13,2023,12,2020s,0.723,0.787,-6.995,0.085,0.579,0.152,0.00447,0.0509,123.993,4,0,10,3.29,High popularity
The Boy Is Mine,"James Mac, Vall, Rosalie",electronic,68,2023-06-23,2023,6,2020s,0.879,0.741,-6.132,0.126,0.362,0.0425,0.0433,0.0841,123.004,4,0,1,3.36,Medium popularity
Sideways,"Gordo, Drake",electronic,70,2024-07-26,2024,7,2020s,0.57,0.655,-11.475,0.105,0.487,0.0487,0.43,0.527,121.843,4,0,5,4.23,High popularity
Famax - Edit,RAFFA GUIDO,electronic,69,2024-02-23,2024,2,2020s,0.83,0.808,-8.238,0.403,0.465,0.0356,0.809,0.00575,120.97,4,1,1,3.56,Medium popularity
Waltz,Fabrizio Paterlini,classical,71,2020-06-05,2020,6,2020s,0.0516,0.27,-33.766,0.112,0.199,0.0442,0.953,0.986,87.587,4,0,8,1.08,High popularity
Nuvole Bianche,Ludovico Einaudi,classical,70,2004-01-01,2004,1,2000s,0.0582,0.191,-25.398,0.0941,0.0454,0.0578,0.89,0.961,132.614,1,1,8,5.96,High popularity
Idea 1,Gibran Alcocer,classical,71,2022-08-16,2022,8,2020s,0.146,0.265,-21.134,0.104,0.416,0.0323,0.893,0.985,172.13,5,0,8,2.58,High popularity
Oceans Apart,Ben Crosland,classical,70,2020-06-19,2020,6,2020s,0.0559,0.396,-20.707,0.11,0.278,0.0599,0.935,0.987,95.217,1,0,9,1.31,High popularity
Idea 9,Gibran Alcocer,classical,72,2023-05-26,2023,5,2020s,0.138,0.34,-24.95,0.112,0.325,0.0357,0.846,0.984,128.563,4,0,2,2.29,High popularity
Time,Hans Zimmer,classical,71,2010-07-09,2010,7,2010s,0.0968,0.286,-16.806,0.0861,0.0395,0.0323,0.696,0.178,62.881,4,1,7,4.59,High popularity
stellar,".diedlonely, énouement",electronic,70,2023-06-23,2023,6,2020s,0.149,0.485,-20.394,0.102,0.112,0.0282,0.917,0.886,82.019,4,0,8,1.66,High popularity
memories,leadwave,electronic,70,2022-09-23,2022,9,2020s,0.0823,0.252,-27.338,0.0857,0.0381,0.0344,0.928,0.951,67.238,4,1,5,1.44,High popularity
I'm God,"Clams Casino, Imogen Heap",electronic,74,2020-04-24,2020,4,2020s,0.641,0.529,-6.78,0.102,0.089,0.0336,0.76,0.0711,141.931,4,1,2,4.63,High popularity
Resonance,Home,electronic,68,2014-07-01,2014,7,2010s,0.754,0.564,-8.849,0.224,0.457,0.0646,0.84,0.0424,170.084,5,1,8,3.55,Medium popularity
A Bird's Last Look,Macabre Plaza,electronic,72,2022-04-21,2022,4,2020s,0.715,0.552,-9.291,0.0669,0.858,0.0524,0.702,0.0286,113.861,4,1,2,1.16,High popularity
Veridis Quo,Daft Punk,electronic,70,2001-03-12,2001,3,2000s,0.687,0.605,-13.928,0.104,0.12,0.045,0.949,0.479,106.896,4,0,9,5.75,High popularity
Dark Beach,Pastel Ghost,electronic,73,2015-03-10,2015,3,2010s,0.91,0.528,-7.309,0.0938,0.137,0.0366,0.764,0.346,130.032,4,0,9,3.7,High popularity
LET GO,Central Cee,hip-hop,72,2022-12-15,2022,12,2020s,0.413,0.747,-11.197,0.17,0.481,0.488,0.0,0.848,146.05,4,0,2,2.9,High popularity
2MS,Nemzzz,hip-hop,69,2022-02-24,2022,2,2020s,0.332,0.885,-8.62,0.119,0.423,0.848,0.0,0.0185,141.849,4,1,1,1.8,Medium popularity
UK Rap,"Dave, Central Cee",hip-hop,69,2023-06-04,2023,6,2020s,0.674,0.922,-4.429,0.128,0.726,0.366,3.07e-06,0.323,140.065,4,1,1,3.3,Medium popularity
Eres,Café Tacvba,rock,74,2003-07-01,2003,7,2000s,0.731,0.583,-6.18,0.238,0.446,0.0271,0.0136,0.0107,149.987,4,0,9,4.46,High popularity
La Camisa Negra,Juanes,rock,72,2004-01-01,2004,1,2000s,0.731,0.751,-4.419,0.0556,0.973,0.0308,0.0,0.0838,97.007,4,0,6,3.61,High popularity
A Dios Le Pido,Juanes,rock,72,2002-01-01,2002,1,2000s,0.84,0.673,-3.564,0.0965,0.94,0.0559,0.0,0.0683,97.027,4,1,7,3.42,High popularity
Es Por Ti,Juanes,rock,77,2002-01-01,2002,1,2000s,0.758,0.696,-6.077,0.189,0.858,0.0263,3.09e-05,0.172,129.944,4,1,4,4.18,High popularity
Luz De Dia,Los Enanitos Verdes,rock,70,1999-01-01,1999,1,1990s,0.447,0.657,-13.148,0.0995,0.523,0.0303,0.00105,0.478,121.989,4,1,0,4.48,High popularity
Mientes,Camila,rock,77,2010-02-09,2010,2,2010s,0.592,0.332,-6.127,0.109,0.31,0.0371,0.0,0.0824,170.391,3,1,1,3.42,High popularity
Fotografía,"Juanes, Nelly Furtado",rock,68,2002-01-01,2002,1,2000s,0.715,0.487,-4.417,0.195,0.638,0.0519,0.0,0.294,84.098,4,1,7,3.97,Medium popularity
Te Lo Pido por Favor,Jaguares,rock,68,2002-10-22,2002,10,2000s,0.659,0.648,-6.369,0.19,0.532,0.0259,0.000307,0.115,106.196,4,1,2,3.44,Medium popularity
Nada Valgo Sin Tu Amor,Juanes,rock,70,2004-01-01,2004,1,2000s,0.643,0.601,-4.581,0.283,0.387,0.0272,0.0,0.155,76.979,4,1,0,3.27,High popularity
La Célula Que Explota,Caifanes,rock,72,1990-06-19,1990,6,1990s,0.479,0.425,-12.22,0.378,0.279,0.0419,0.000109,0.44,123.217,4,1,2,3.6,High popularity
Lamento Boliviano,Los Enanitos Verdes,rock,77,1994-01-01,1994,1,1990s,0.735,0.714,-7.125,0.115,0.68,0.0306,0.000622,0.176,123.57,4,0,4,3.7,High popularity
Chammak Challo,"Akon, Hamsika Iyer",indian,72,2011-09-16,2011,9,2010s,0.879,0.742,-4.274,0.0981,0.936,0.0328,7.17e-06,0.0696,133.946,4,0,0,3.78,High popularity
Proper Patola,"Badshah, Diljit Dosanjh, Aastha Gill",indian,70,2018-10-03,2018,10,2010s,0.824,0.77,-6.491,0.318,0.49,0.0851,0.0,0.485,172.006,4,0,1,2.98,High popularity
Papaoutai,Stromae,electronic,70,2013-01-01,2013,1,2010s,0.809,0.732,-7.264,0.0642,0.253,0.0878,0.0,0.0266,116.015,4,0,10,3.87,High popularity
Djadja,Aya Nakamura,electronic,68,2018-11-02,2018,11,2010s,0.797,0.811,-5.428,0.112,0.541,0.165,0.0,0.0617,97.988,4,1,5,2.85,Medium popularity
Je veux,Zaz,electronic,68,2010-05-10,2010,5,2010s,0.807,0.525,-6.366,0.0504,0.741,0.0725,0.0,0.251,155.397,4,0,2,3.6,Medium popularity
Casanova,"Soolking, Gazo",electronic,71,2023-07-06,2023,7,2020s,0.831,0.798,-4.481,0.112,0.721,0.171,5.87e-05,0.697,132.029,4,0,7,3.15,High popularity
Voyage voyage,Desireless,electronic,70,2001-01-02,2001,1,2000s,0.913,0.606,-6.039,0.34,0.838,0.0351,0.00696,0.246,123.58,4,0,8,4.44,High popularity
Dernière danse,Indila,electronic,77,2014-01-01,2014,1,2010s,0.449,0.669,-7.658,0.0729,0.327,0.049,0.0,0.184,114.924,4,0,0,3.56,High popularity
Love Story,Indila,electronic,74,2014-01-01,2014,1,2010s,0.255,0.375,-12.279,0.0845,0.331,0.0377,0.0,0.815,95.978,3,0,10,5.27,High popularity
Formidable,Stromae,electronic,70,2013-01-01,2013,1,2010s,0.629,0.513,-9.055,0.146,0.498,0.19,0.0,0.0986,70.568,4,0,4,3.57,High popularity
Petit génie,"Jungeli, Imen Es, Alonzo, Abou Debeing, Lossa",electronic,71,2023-08-04,2023,8,2020s,0.583,0.793,-5.973,0.253,0.97,0.247,1.07e-05,0.106,126.036,4,0,1,3.62,High popularity
Seya,"SativaMusic, Morad, GIMS",electronic,73,2023-10-06,2023,10,2020s,0.681,0.798,-4.818,0.137,0.434,0.0722,0.00197,0.219,101.005,4,0,10,3.14,High popularity
Tous les mêmes,Stromae,electronic,68,2013-01-01,2013,1,2010s,0.638,0.701,-9.061,0.279,0.646,0.165,0.00219,0.223,109.96,4,0,5,3.52,Medium popularity
Est-ce que tu m'aimes ? - Pilule bleue,GIMS,electronic,74,2015-08-28,2015,8,2010s,0.852,0.779,-3.353,0.212,0.601,0.0651,0.0,0.235,119.892,4,1,2,3.95,High popularity
Solitaire,Werenoi,electronic,68,2022-10-28,2022,10,2020s,0.717,0.753,-8.438,0.0988,0.601,0.0384,0.00258,0.151,117.952,4,0,1,2.44,Medium popularity
Imagine,Carbonne,electronic,74,2024-05-03,2024,5,2020s,0.627,0.788,-9.072,0.232,0.909,0.0751,0.0,0.693,118.093,4,0,0,2.76,High popularity
MANON B,"Tiakola, Ryflo, Oskoow",electronic,69,2024-09-20,2024,9,2020s,0.708,0.872,-7.472,0.0998,0.308,0.176,0.0,0.336,130.081,4,1,10,2.83,Medium popularity
PONA NINI,"Tiakola, Genezio, Prototype",electronic,71,2024-09-20,2024,9,2020s,0.569,0.772,-7.006,0.117,0.525,0.062,0.0,0.235,115.03,4,0,6,4.12,High popularity
MANON B,"Tiakola, Ryflo, Oskoow",electronic,71,2024-08-29,2024,8,2020s,0.709,0.872,-7.472,0.0998,0.309,0.176,0.0,0.336,130.081,4,1,10,2.83,High popularity
Tieduprightnow,Parcels,indie,71,2018-04-27,2018,4,2010s,0.533,0.863,-7.986,0.0794,0.738,0.0484,0.00126,0.291,102.025,4,0,5,4.17,High popularity
Borderline,Tame Impala,indie,79,2020-02-14,2020,2,2020s,0.873,0.621,-3.067,0.0824,0.873,0.0369,9.1e-06,0.0406,97.96,4,0,5,3.96,High popularity
Is It True,Tame Impala,indie,68,2020-02-14,2020,2,2020s,0.664,0.731,-5.474,0.133,0.661,0.0302,0.35,0.00307,118.018,4,1,0,3.99,Medium popularity
Calm Down,Rema,latin,69,2022-02-10,2022,2,2020s,0.781,0.811,-6.333,0.121,0.824,0.0428,0.001,0.376,107.007,4,1,11,3.66,Medium popularity
Fountains (with Tems),"Drake, Tems",latin,68,2021-09-03,2021,9,2020s,0.485,0.843,-8.735,0.107,0.689,0.195,0.0675,0.181,100.053,4,0,10,3.21,Medium popularity
UNAVAILABLE (feat. Musa Keys),"Davido, Musa Keys",latin,69,2023-03-30,2023,3,2020s,0.649,0.788,-9.674,0.12,0.229,0.0532,0.0136,0.253,113.009,4,1,2,2.83,Medium popularity
People,Libianca,latin,76,2022-12-06,2022,12,2020s,0.422,0.573,-7.621,0.102,0.693,0.0678,1.31e-05,0.551,124.357,5,0,10,3.08,High popularity
soso,Omah Lay,latin,74,2022-07-14,2022,7,2020s,0.725,0.711,-8.315,0.11,0.53,0.0941,0.129,0.424,105.016,4,0,3,3.05,High popularity
KANTE (feat. Fave),"Davido, FAVE",latin,69,2023-03-30,2023,3,2020s,0.809,0.724,-5.022,0.0765,0.606,0.0929,0.0,0.182,99.005,4,0,6,3.23,Medium popularity
Barcelona,"Alan Walker, Ina Wroldsen",pop,69,2024-06-13,2024,6,2020s,0.89,0.645,-4.985,0.376,0.421,0.128,9.38e-06,0.259,126.881,4,1,6,3.42,Medium popularity
Fortunate Son,Creedence Clearwater Revival,rock,23,2005-12-14,2005,12,2000s,0.746,0.636,-3.785,0.173,0.432,0.0393,0.29,0.0648,132.31,4,1,0,2.3,Low popularity
Jump - 2015 Remaster,Van Halen,rock,53,2015-03-27,2015,3,2010s,0.835,0.572,-6.219,0.0702,0.795,0.0317,0.000377,0.171,129.981,4,1,0,4.03,Medium popularity
Edge of Seventeen - 2016 Remaster,Stevie Nicks,rock,55,2016-11-04,2016,11,2010s,0.804,0.591,-7.299,0.0818,0.658,0.0454,5.98e-06,0.327,111.457,4,1,0,5.49,Medium popularity
Dream A Little Dream Of Me - Single Version,"Ella Fitzgerald, Louis Armstrong",jazz,64,2007-05-03,2007,5,2000s,0.104,0.443,-17.042,0.191,0.394,0.101,0.0,0.913,76.474,4,1,0,3.09,Medium popularity
Coffee Cold,Galt MacDermot,jazz,62,2000-01-01,2000,1,2000s,0.472,0.685,-9.691,0.224,0.475,0.0298,0.284,0.785,80.487,4,0,9,3.43,Medium popularity
Fly Me To The Moon,"Frank Sinatra, Count Basie",jazz,61,2015-04-17,2015,4,2010s,0.365,0.67,-10.158,0.0575,0.45,0.0566,0.0,0.525,119.347,4,1,0,2.45,Medium popularity
Cheek To Cheek,"Ella Fitzgerald, Louis Armstrong",jazz,60,1997-05-20,1997,5,1990s,0.264,0.663,-14.571,0.1,0.657,0.0914,0.0,0.706,122.482,4,1,0,5.91,Medium popularity
Stompin At The Savoy,Benny Goodman,jazz,55,1990-01-01,1990,1,1990s,0.222,0.525,-11.065,0.051,0.645,0.0373,0.0799,0.836,156.364,4,0,10,3.26,Medium popularity
Alone Together - Rudy Van Gelder Remaster 2006,Kenny Dorham,jazz,54,1992-01-01,1992,1,1990s,0.0619,0.336,-20.494,0.11,0.197,0.0363,0.891,0.985,60.705,4,0,5,3.17,Medium popularity
Song For My Father,Horace Silver,jazz,53,1999-01-01,1999,1,1990s,0.671,0.742,-8.142,0.122,0.591,0.0407,0.00441,0.794,127.359,4,0,5,7.3,Medium popularity
My Romance - Remastered 2006,Gene Ammons,jazz,53,2006-03-21,2006,3,2000s,0.0422,0.519,-10.778,0.124,0.397,0.0537,0.929,0.966,130.436,3,1,1,4.22,Medium popularity
Body and Soul,Coleman Hawkins,jazz,53,1996-05-21,1996,5,1990s,0.113,0.659,-16.756,0.179,0.738,0.0569,0.88,0.976,95.063,4,0,10,3.04,Medium popularity
Journey Into Melody - 2007 Digital Remaster/Rudy Van Gelder Edition,Stanley Turrentine,jazz,52,2007-01-01,2007,1,2000s,0.159,0.505,-11.235,0.212,0.196,0.0336,0.0127,0.946,59.385,4,0,7,4.92,Medium popularity
Where We Used to Live,Esbjörn Svensson Trio,jazz,50,2006-09-22,2006,9,2000s,0.0917,0.517,-18.395,0.108,0.0836,0.0336,0.629,0.876,95.068,4,1,0,4.45,Medium popularity
Ruby My Dear,Roy Hargrove,jazz,49,1994-08-16,1994,8,1990s,0.195,0.412,-10.288,0.106,0.0778,0.0331,0.709,0.9,133.918,4,1,8,6.21,Medium popularity
Giant Steps - 2020 Remaster,John Coltrane,jazz,49,2020-09-18,2020,9,2020s,0.42,0.417,-13.046,0.185,0.517,0.06,0.00111,0.186,147.143,4,0,0,4.8,Medium popularity
Besame Mucho,Dave Brubeck,jazz,49,2001-04-02,2001,4,2000s,0.273,0.517,-17.279,0.979,0.321,0.0627,0.774,0.866,63.423,4,0,10,5.91,Medium popularity
It Ain't Necessarily So,Mary Lou Williams,jazz,49,2016-04-15,2016,4,2010s,0.237,0.477,-17.115,0.0974,0.178,0.0321,0.901,0.947,126.222,3,0,4,4.67,Medium popularity
"The Well-Tempered Clavier, Book 1, BWV 846-869 / Prelude & Fugue in C Major, BWV 846: I. Prelude","Johann Sebastian Bach, Lang Lang",classical,60,2019-03-29,2019,3,2010s,0.126,0.234,-25.427,0.102,0.216,0.0446,0.896,0.989,133.998,4,1,0,2.32,Medium popularity
"The Carnival of the Animals, R. 125: XIII. The Swan (Arr. for Cello and Piano)","Camille Saint-Saëns, Yo-Yo Ma, Kathryn Stott",classical,65,2015-09-18,2015,9,2010s,0.0161,0.169,-31.034,0.0805,0.0573,0.0442,0.86,0.986,128.143,3,0,9,2.9,Medium popularity
"Suite bergamasque, L. 75: III. Clair de lune","Claude Debussy, Alice Sara Ott",classical,65,2018-07-27,2018,7,2010s,0.00501,0.32,-33.366,0.0618,0.0383,0.0455,0.919,0.993,68.947,5,1,1,4.92,Medium popularity
Tales of Hoffmann: Barcarolle,"Jacques Offenbach, Arthur Fiedler, Boston Pops Orchestra",classical,51,2014-06-13,2014,6,2010s,0.256,0.168,-15.549,0.384,0.134,0.0341,0.175,0.932,90.072,4,1,2,3.59,Medium popularity
Mahler: Symphony No. 5 in C-Sharp Minor: IV. Adagietto. Sehr langsam,"Gustav Mahler, Daniel Barenboim, Chicago Symphony Orchestra",classical,55,1998-08-14,1998,8,1990s,0.0523,0.0783,-23.247,0.0806,0.0327,0.0471,0.945,0.896,82.015,4,1,5,9.72,Medium popularity
Rodrigo: Concierto de Aranjuez: II. Adagio,"Joaquín Rodrigo, Thibaut García, Ben Glassberg, Orchestre National Du Capitole De Toulouse",classical,53,2020-10-02,2020,10,2020s,0.098,0.253,-19.878,0.122,0.062,0.0437,0.862,0.93,84.865,4,0,11,10.67,Medium popularity
"Piano Concerto No. 2 in C Minor, Op. 18: 2. Adagio sostenuto","Sergei Rachmaninoff, Valentina Lisitsa, London Symphony Orchestra, Michael Francis",classical,60,2012-01-01,2012,1,2010s,0.0545,0.194,-24.877,0.0551,0.0385,0.0366,0.945,0.983,140.966,4,1,4,10.74,Medium popularity
"Ständchen in D Minor (After Schubert), S. 560","Franz Liszt, Lise de la Salle",classical,53,2011-08-23,2011,8,2010s,0.0142,0.341,-28.293,0.113,0.0384,0.0388,0.921,0.993,76.382,1,1,2,5.96,Medium popularity
"Liebestraum No. 3 in A-Flat Major, S. 541 / 3","Franz Liszt, Lang Lang",classical,60,2011-07-25,2011,7,2010s,0.0292,0.279,-26.804,0.104,0.0338,0.0406,0.902,0.987,136.732,3,1,8,4.89,Medium popularity
Scheherazade: The Tale of the Kalendar Prince,"Nikolai Rimsky-Korsakov, Lars Hjalmar Joakim",classical,57,1999-02-01,1999,2,1990s,0.0639,0.235,-24.404,0.466,0.0781,0.049,0.603,0.962,120.736,3,0,11,3.34,Medium popularity
"Chopin: Nocturne No. 20 in C-Sharp Minor, Op. Posth.","Frédéric Chopin, Mikhail Pletnev",classical,65,2000-01-01,2000,1,2000s,0.0047,0.225,-30.928,0.0722,0.186,0.0509,0.881,0.992,163.665,4,0,1,4.32,Medium popularity
"Piano Concerto No. 3 in C, Op. 26: 1. Andante - Allegro","Sergei Prokofiev, Behzod Abduraimov, Orchestra Sinfonica Nazionale Della RAI, Juraj Valcuha",classical,44,2014-01-01,2014,1,2010s,0.254,0.353,-16.205,0.0843,0.0986,0.0349,0.859,0.948,133.808,4,1,0,9.41,Medium popularity
"Zadok the Priest (Coronation Anthem No. 1, HWV 258)","George Frideric Handel, Trevor Pinnock, The English Concert, Simon Preston, The Choir Of Westminster Abbey",classical,47,1995-01-01,1995,1,1990s,0.178,0.374,-15.758,0.0754,0.148,0.0389,0.0235,0.92,95.839,4,1,1,5.39,Medium popularity
Spring 1 - 2012,"Max Richter, Daniel Hope, Konzerthaus Kammerorchester Berlin, Andre de Ridder",classical,62,2014-01-01,2014,1,2010s,0.341,0.701,-12.26,0.359,0.163,0.0418,0.903,0.499,105.513,3,0,1,2.53,Medium popularity
"Piano Concerto in A Minor, Op. 16: I. Allegro molto moderato - Radio Edit","Edvard Grieg, Alexandra Dariescu, Philharmonia Orchestra, Tianyi Lu",classical,45,2024-07-16,2024,7,2020s,0.0851,0.307,-20.471,0.101,0.0388,0.0399,0.872,0.968,129.103,4,0,9,12.82,Medium popularity
William Tell Overture,"Gioachino Rossini, Arthur Fiedler, Boston Pops Orchestra",classical,47,2014-06-13,2014,6,2010s,0.682,0.323,-10.208,0.127,0.646,0.062,0.647,0.763,169.325,4,1,4,3.07,Medium popularity
"Bizet: Carmen, WD 31: Prélude","Georges Bizet, Michel Plasson, Orchestre National Du Capitole De Toulouse",classical,46,2003-02-25,2003,2,2000s,0.27,0.263,-16.85,0.0562,0.228,0.0348,0.865,0.876,129.095,4,0,2,3.56,Medium popularity
Barber: Adagio for Strings,"Samuel Barber, Sir Simon Rattle, Berliner Philharmoniker",classical,55,2010-01-18,2010,1,2010s,0.0733,0.102,-24.133,0.28,0.0308,0.0488,0.859,0.974,73.954,3,0,10,8.96,Medium popularity
O Magnum Mysterium: O magnum mysterium,"Morten Lauridsen, Chamber Choir Of Europe, Nicol Matt",classical,49,2006-01-01,2006,1,2000s,0.0116,0.0623,-27.893,0.0816,0.0331,0.0567,0.445,0.991,65.057,3,1,2,6.93,Medium popularity
Khachaturian: Spartacus Suite No. 2: I. Adagio of Spartacus and Phrygia,"Aram Khachaturian, London Symphony Orchestra",classical,44,2007-07-02,2007,7,2000s,0.106,0.165,-21.742,0.105,0.0336,0.039,0.782,0.807,105.651,3,1,8,9.87,Medium popularity
Prince Igor (Knyaz Igor): Act II: Polovtsian Dances - Ulyetay na kril'yahk vyetra (Fly away on the wings of the wind) (version for chorus),"Alexander Borodin, Angelina Shvachka, Dmytro Popov, Mykola Koval, Taras Shtonda, Mykola Hobdych, Kiev Chamber Choir, Ukraine National Radio Symphony Orchestra, Theodore Kuchar",classical,45,2005-08-01,2005,8,2000s,0.246,0.292,-14.96,0.107,0.0859,0.0385,0.525,0.922,109.766,4,1,2,10.71,Medium popularity
"Pelléas et Mélisande Suite, Op. 80: III. Sicilienne. Allegretto molto moderato","Gabriel Fauré, Berliner Philharmoniker, Daniel Barenboim",classical,43,2024-08-23,2024,8,2020s,0.0175,0.114,-33.957,0.12,0.0928,0.0434,0.846,0.923,56.479,5,1,3,4.11,Medium popularity
"String Quintet in E Major, G. 275: III. Menuetto","Luigi Boccherini, Orpheus Chamber Orchestra",classical,46,1993-01-01,1993,1,1990s,0.0113,0.466,-34.2,0.0924,0.486,0.0443,0.0257,0.939,111.541,3,1,9,3.4,Medium popularity
Piano Concerto in One Movement: Adagio cantabile,"Florence Beatrice Price, Jeneba Kanneh-Mason, Chineke! Orchestra, Leslie Suganandarajah",classical,43,2023-04-28,2023,4,2020s,0.0287,0.154,-26.958,0.131,0.0386,0.0365,0.896,0.984,76.618,5,1,2,6.19,Medium popularity
"Ravel: Pavane pour une infante défunte, M. 19","Maurice Ravel, Bertrand Chamayou",classical,55,2016-01-15,2016,1,2010s,0.0176,0.491,-26.911,0.0985,0.0901,0.0644,0.927,0.994,125.793,3,0,4,5.78,Medium popularity
"Violin Sonata in A major, FWV 8: IV. Allegretto poco mosso","César Franck, Joshua Bell, Jeremy Denk",classical,48,2012-01-06,2012,1,2010s,0.135,0.25,-18.615,0.0477,0.179,0.0488,0.0349,0.958,94.404,4,1,9,6.07,Medium popularity
"Rhapsody on a Theme of Paganini, Op. 43: Variation No. 18 Andante cantabile","Sergei Rachmaninoff, Daniil Trifonov, Philadelphia Orchestra, Yannick Nézet-Séguin",classical,53,2015-08-28,2015,8,2010s,0.0525,0.205,-23.841,0.103,0.0511,0.0327,0.906,0.98,88.316,4,1,1,2.91,Medium popularity
Spiegel im Spiegel - Version for Violin and Piano,"Arvo Pärt, Vladimir Spivakov, Sergej Bezrodny",classical,47,1999-10-15,1999,10,1990s,0.006,0.176,-42.238,0.105,0.0383,0.0384,3.24e-05,0.899,71.477,3,1,5,10.6,Medium popularity
"Symphony No. 8 in B Minor, D. 759 ""Unfinished"": I. Allegro moderato","Franz Schubert, Wiener Philharmoniker, Josef Krips",classical,38,1997-01-01,1997,1,1990s,0.0354,0.1,-17.211,0.125,0.0426,0.0387,0.865,0.901,73.968,4,0,11,15.1,Low popularity
The Sorcerer's Apprentice,"Paul Dukas, Philharmonia Orchestra",classical,43,1999-01-01,1999,1,1990s,0.206,0.351,-22.657,0.0738,0.0839,0.0597,0.255,0.797,130.415,4,1,1,9.62,Medium popularity
"The Marriage of Figaro Overture, KV 492","Wolfgang Amadeus Mozart, London Philharmonic Orchestra, Alfred Scholz",classical,43,2009-01-01,2009,1,2000s,0.123,0.311,-19.708,0.178,0.203,0.0367,0.898,0.931,141.485,4,1,2,4.34,Medium popularity
"Petite Suite de Concert, Op. 77: III. Un sonnet d'amour","Samuel Coleridge-Taylor, Chineke! Orchestra, Anthony Parnther",classical,44,2022-07-29,2022,7,2020s,0.0251,0.234,-28.627,0.101,0.04,0.0449,0.202,0.937,126.31,4,1,9,3.67,Medium popularity
Back on the Road (feat. Lil Wayne),"Cordae, Lil Wayne",hip-hop,61,2024-11-15,2024,11,2020s,0.674,0.872,-5.831,0.104,0.357,0.251,0.0,0.17,135.975,4,0,2,2.43,Medium popularity
AHHH HA,Lil Durk,hip-hop,56,2022-03-11,2022,3,2020s,0.61,0.676,-9.185,0.191,0.519,0.273,1.73e-06,0.000114,156.005,4,1,1,3.11,Medium popularity
Floridaboiii,Yung Rich Cuban,hip-hop,24,2022-06-03,2022,6,2020s,0.48,0.874,-12.092,0.11,0.563,0.565,0.0,0.033,84.098,4,1,11,2.77,Low popularity
Legend,"Venture Klan, Tacitoak, Li Pierre",hip-hop,21,2024-10-01,2024,10,2020s,0.939,0.504,-7.434,0.41,0.42,0.295,0.0,0.0628,157.916,4,0,1,3.29,Low popularity
Super Gremlin,Kodak Black,hip-hop,66,2022-02-25,2022,2,2020s,0.414,0.825,-6.634,0.357,0.106,0.144,0.0,0.00265,72.993,4,1,2,3.34,Medium popularity
OverSeas,Nosy!,hip-hop,16,2024-09-30,2024,9,2020s,0.569,0.735,-10.35,0.11,0.263,0.0386,0.000163,0.00189,148.014,3,0,9,2.37,Low popularity
U Can't Do That,IZZY MEOCK,hip-hop,19,2024-07-03,2024,7,2020s,0.875,0.586,-5.07,0.474,0.75,0.308,0.0,0.166,181.884,4,0,7,1.6,Low popularity
sharktale,Sopperior,hip-hop,15,2024-11-07,2024,11,2020s,0.883,0.601,-1.627,0.184,0.27,0.092,0.0,0.00088,156.999,4,0,8,2.17,Low popularity
Hawk Em,Pop Smoke,hip-hop,62,2019-07-26,2019,7,2010s,0.607,0.68,-5.523,0.354,0.506,0.222,1.39e-05,0.264,141.992,4,1,2,1.98,Medium popularity
Welcome To Brixton,SR,hip-hop,64,2020-11-27,2020,11,2020s,0.455,0.89,-10.226,0.153,0.897,0.437,0.0,0.158,138.988,4,1,2,3.0,Medium popularity
Japanese Steel - Eerie Remix,Ollie Twist,hip-hop,16,2024-07-16,2024,7,2020s,0.837,0.753,-8.207,0.239,0.479,0.211,0.0,0.0232,95.011,4,1,7,3.56,Low popularity
Christopher Walking,Pop Smoke,hip-hop,55,2020-02-07,2020,2,2020s,0.744,0.772,-5.108,0.066,0.764,0.244,0.0,0.0114,140.99,4,0,6,3.18,Medium popularity
We Getting Money,Sheff G,hip-hop,57,2019-09-27,2019,9,2010s,0.673,0.851,-5.405,0.314,0.776,0.257,0.0,0.0452,120.973,4,1,1,3.03,Medium popularity
Eyes Red,"Lil Durk, Only The Family",hip-hop,47,2023-11-17,2023,11,2020s,0.447,0.709,-10.78,0.189,0.207,0.34,0.0,0.025,125.103,4,0,10,2.43,Medium popularity
maple maple,baba bonet,hip-hop,15,2024-10-16,2024,10,2020s,0.426,0.782,-14.006,0.0822,0.476,0.0687,0.000144,0.307,110.04,4,0,1,2.48,Low popularity
Back in Blood (feat. Lil Durk),"Pooh Shiesty, Lil Durk",hip-hop,67,2021-02-05,2021,2,2020s,0.538,0.759,-8.256,0.126,0.831,0.384,0.0,0.151,146.933,4,0,8,3.07,Medium popularity
Static,2JtheRichest,hip-hop,23,2024-07-12,2024,7,2020s,0.401,0.907,-8.288,0.111,0.173,0.107,0.0,0.00892,130.977,4,0,0,1.96,Low popularity
Plug Walk,Rich The Kid,hip-hop,65,2018-03-30,2018,3,2010s,0.519,0.872,-6.531,0.108,0.154,0.177,0.0,0.203,95.006,4,1,11,2.92,Medium popularity
100 Shots,Young Dolph,hip-hop,65,2017-04-01,2017,4,2010s,0.668,0.798,-5.244,0.0583,0.154,0.25,4.6e-06,0.135,134.006,4,1,8,4.41,Medium popularity
Groupies,"Doode, Teto, Matuê",hip-hop,63,2021-09-28,2021,9,2020s,0.655,0.845,-5.137,0.0974,0.516,0.0612,0.0,0.239,139.955,4,0,5,2.74,Medium popularity
Boulot,"KeBlack, SDM",afrobeats,24,2024-11-22,2024,11,2020s,0.674,0.736,-6.846,0.156,0.482,0.3,0.0,0.352,93.121,3,0,10,2.47,Low popularity
WAHALA (feat. Olamide),"CKay, Olamide",afrobeats,61,2024-04-19,2024,4,2020s,0.566,0.852,-8.8,0.0852,0.54,0.093,0.00951,0.221,96.937,4,0,9,2.85,Medium popularity
Après Minuit (feat. Tiakola),"Wizkid, Tiakola",afrobeats,44,2024-11-22,2024,11,2020s,0.627,0.605,-5.778,0.0964,0.888,0.347,7.75e-05,0.105,96.593,4,0,1,2.95,Medium popularity
Minimum ça,Dr. Yaro,afrobeats,58,2024-08-09,2024,8,2020s,0.732,0.748,-3.688,0.0723,0.967,0.0592,0.0,0.665,115.019,4,0,3,2.5,Medium popularity
Tshwala Bam (feat. S.N.E),"TitoM, Yuppe, Burna Boy, S.N.E",afrobeats,66,2024-05-13,2024,5,2020s,0.552,0.813,-12.066,0.0951,0.517,0.0426,0.00667,0.0639,112.022,4,0,4,3.38,Medium popularity
Satanana (feat. DRE-A),"EBOLOKO, DRE-A",afrobeats,53,2024-08-23,2024,8,2020s,0.622,0.627,-4.663,0.0853,0.575,0.118,0.0,0.639,104.273,4,0,2,2.83,Medium popularity
AZAMAN,Rema,afrobeats,67,2024-07-10,2024,7,2020s,0.897,0.718,-5.701,0.881,0.912,0.164,0.0,0.153,123.138,4,1,1,2.47,Medium popularity
DIS MOI,"DJ Kawest, Joé Dwèt Filé",afrobeats,59,2024-09-20,2024,9,2020s,0.652,0.476,-6.435,0.109,0.619,0.231,0.104,0.185,166.058,4,1,1,3.84,Medium popularity
42,Aya Nakamura,afrobeats,65,2024-06-19,2024,6,2020s,0.631,0.721,-5.743,0.108,0.603,0.264,3.76e-06,0.123,175.946,4,0,1,2.93,Medium popularity
La vie d'un... / Ma préférée,"Dadju, Tayc",afrobeats,57,2024-02-16,2024,2,2020s,0.796,0.463,-6.604,0.204,0.736,0.222,0.0,0.0248,104.925,4,1,5,4.77,Medium popularity
Toma Toma,"Ruger, Tiwa Savage",afrobeats,61,2024-11-15,2024,11,2020s,0.738,0.612,-5.269,0.161,0.954,0.117,1.57e-06,0.517,130.18,4,1,7,2.8,Medium popularity
Presidente,"Gabito Ballesteros, Natanael Cano, Luis R Conriquez, Neton Vega",latin,64,2024-10-21,2024,10,2020s,0.821,0.721,-5.695,0.0934,0.38,0.0355,0.0,0.178,104.044,1,1,11,3.04,Medium popularity
"Fronteamos Porque Podemos (feat. Daddy Yankee, Yandel & Nengo Flow)","De La Ghetto, Yandel, Ñengo Flow, Daddy Yankee",latin,60,2015-08-28,2015,8,2010s,0.626,0.714,-4.655,0.284,0.512,0.423,0.0,0.26,76.625,4,0,5,5.26,Medium popularity
La Bala,Calle 13,latin,48,2010-11-22,2010,11,2010s,0.733,0.474,-6.82,0.0663,0.483,0.192,0.0,0.0447,78.831,4,1,8,4.46,Medium popularity
"Latinoamérica (feat. Totó la Momposina, Susana Baca & Maria Rita)","Calle 13, Totó La Momposina, Susana Baca, Maria Rita",latin,60,2010-11-22,2010,11,2010s,0.805,0.691,-6.81,0.0975,0.866,0.0947,0.0,0.59,142.503,3,0,2,5.02,Medium popularity
Digo Lo Que Pienso,Calle 13,latin,43,2010-11-22,2010,11,2010s,0.817,0.721,-5.271,0.0936,0.777,0.228,0.0,0.153,89.927,4,0,2,4.88,Medium popularity
Adentro,Calle 13,latin,52,2014-02-28,2014,2,2010s,0.808,0.333,-6.476,0.427,0.518,0.26,0.0,0.452,82.15,4,0,4,4.88,Medium popularity
Epílogo,Canserbero,latin,49,2010-01-01,2010,1,2010s,0.836,0.763,-4.989,0.0918,0.514,0.251,0.0,0.151,91.0,4,1,6,7.13,Medium popularity
Clima Tropical,Canserbero,latin,47,2010-01-01,2010,1,2010s,0.794,0.56,-4.28,0.153,0.829,0.282,0.0,0.619,93.325,4,1,0,4.4,Medium popularity
Aceptas,Canserbero,latin,58,2010-01-01,2010,1,2010s,0.805,0.552,-4.511,0.277,0.846,0.27,0.0,0.678,90.945,4,0,5,3.9,Medium popularity
1977,Ana Tijoux,latin,51,2010-04-27,2010,4,2010s,0.685,0.697,-7.215,0.0952,0.578,0.0421,0.000506,0.00388,103.926,4,0,9,3.37,Medium popularity
¿Qué pasa?,Orishas,latin,38,2003-02-28,2003,2,2000s,0.804,0.932,-5.939,0.0649,0.926,0.0811,0.0,0.128,100.979,4,0,2,3.74,Low popularity
Abayarde,Tego Calderón,latin,51,2003-07-01,2003,7,2000s,0.744,0.57,-4.008,0.397,0.638,0.359,0.0134,0.133,87.444,4,1,5,3.38,Medium popularity
La Fokin Moda,Calle 13,latin,36,2007-04-19,2007,4,2000s,0.8,0.646,-5.523,0.052,0.959,0.392,0.0,0.692,87.319,4,1,0,3.44,Low popularity
Rueda De Prensa,Akapellah,latin,11,2014-11-16,2014,11,2010s,0.664,0.742,-6.379,0.0537,0.695,0.353,0.0,0.0393,90.168,4,1,2,5.98,Low popularity
Milki,Akapellah,latin,31,2016-08-23,2016,8,2010s,0.455,0.907,-11.124,0.0978,0.223,0.225,0.0366,0.272,127.966,4,1,3,4.28,Low popularity
La Vida Es Un Freestyle,Akapellah,latin,16,2014-11-16,2014,11,2010s,0.573,0.651,-7.229,0.103,0.369,0.516,0.0,0.0651,88.914,4,1,0,3.59,Low popularity
Fue un Placer,Los Aldeanos,latin,36,2014-12-30,2014,12,2010s,0.484,0.661,-10.982,0.107,0.733,0.523,0.0,0.71,82.741,4,0,4,5.74,Low popularity
Alegria,Tego Calderón,latin,42,2007-08-28,2007,8,2000s,0.674,0.647,-5.037,0.351,0.327,0.223,0.0,0.549,96.69,4,0,4,3.75,Medium popularity
Payaso,"Tego Calderón, Eddie Dee, Voltio",latin,34,2006-08-29,2006,8,2000s,0.62,0.636,-7.064,0.115,0.824,0.416,0.0,0.078,170.598,4,1,7,4.59,Low popularity
Lo Hecho Hecho Esta,"Tego Calderón, Chyno Nyno, Voltio, Pirulo, Ñejo",latin,25,2007-08-28,2007,8,2000s,0.663,0.677,-5.479,0.402,0.687,0.222,3.85e-05,0.282,90.368,4,1,7,4.51,Low popularity
Sakhiyan2.0,"Maninder Buttar, Zahrah S Khan, Tanishk Bagchi",indian,58,2021-08-13,2021,8,2020s,0.715,0.817,-5.13,0.214,0.398,0.0484,0.0,0.183,100.002,4,1,9,2.96,Medium popularity
"Mann Bharryaa 2.0 (From ""Shershaah"")","B Praak, Jaani",indian,67,2021-08-15,2021,8,2020s,0.467,0.428,-4.904,0.135,0.193,0.0327,0.0,0.68,90.831,4,1,2,4.43,Medium popularity
Lut Gaye,"Jubin Nautiyal, Emraan Hashmi",indian,59,2021-03-19,2021,3,2020s,0.785,0.638,-2.612,0.245,0.515,0.044,0.0,0.185,91.101,4,1,10,3.8,Medium popularity
Kabhii Tumhhe,"Javed-Mohsin, Darshan Raval",indian,54,2021-08-16,2021,8,2020s,0.338,0.573,-7.478,0.133,0.451,0.027,4.41e-06,0.864,96.981,4,0,7,3.84,Medium popularity
Not Giving In,Broken Colours,rock,13,2024-03-29,2024,3,2020s,0.907,0.488,-3.715,0.331,0.635,0.0503,0.0,0.00249,141.936,4,1,0,3.55,Low popularity
She Loves You,Reid Anderson,rock,13,2024-11-11,2024,11,2020s,0.173,0.359,-16.974,0.361,0.146,0.0382,0.0,0.924,109.988,4,0,0,3.32,Low popularity
Hazel Hall,Motrik,rock,26,2024-03-20,2024,3,2020s,0.706,0.583,-7.333,0.0557,0.925,0.0334,0.712,0.00558,175.106,5,1,2,4.69,Low popularity
Too Many Songs,Rebecca Aadland,rock,21,2022-06-13,2022,6,2020s,0.302,0.69,-11.244,0.114,0.301,0.0314,2.37e-06,0.263,100.008,4,0,2,4.45,Low popularity
Better Weather,Jay Statham,rock,42,2024-09-13,2024,9,2020s,0.625,0.51,-5.236,0.116,0.486,0.0258,0.0,0.0542,90.032,4,1,8,2.99,Medium popularity
Devil Got You,Madame Kapuscinska,rock,18,2024-10-19,2024,10,2020s,0.288,0.39,-17.086,0.139,0.125,0.0494,0.00233,0.758,129.699,4,0,4,2.31,Low popularity
Just Another Daydream,Jacob Reddy,rock,22,2024-11-01,2024,11,2020s,0.785,0.35,-6.576,0.355,0.719,0.0848,2.76e-05,0.336,95.328,4,0,6,3.0,Low popularity
I Saw You Cry,Feet down Below,rock,24,2024-09-19,2024,9,2020s,0.736,0.721,-5.379,0.251,0.82,0.0536,0.00644,0.17,129.986,4,0,4,4.86,Low popularity
My Girl,Mayflower,rock,28,2024-10-24,2024,10,2020s,0.616,0.445,-8.509,0.111,0.374,0.0335,0.000122,0.0043,102.047,4,1,0,3.29,Low popularity
To Feel The Sun,The Scarlet Goodbye,rock,32,2024-11-01,2024,11,2020s,0.75,0.56,-7.229,0.394,0.666,0.0288,0.00131,0.0112,124.489,4,1,2,3.15,Low popularity
Pieces,The Juice,rock,28,2024-11-01,2024,11,2020s,0.778,0.158,-9.471,0.0923,0.0975,0.0819,1.22e-05,0.000787,194.066,4,1,7,3.69,Low popularity
Waiting,Grimm Jack,rock,31,2024-07-26,2024,7,2020s,0.828,0.58,-4.914,0.0818,0.667,0.0345,0.000471,0.00559,113.016,4,1,2,3.33,Low popularity
Ocean Lights,George Knight,rock,22,2023-11-30,2023,11,2020s,0.517,0.765,-11.079,0.115,0.793,0.0458,0.0188,0.0182,119.991,4,1,7,2.42,Low popularity
I Feel,Beka O,rock,33,2022-08-16,2022,8,2020s,0.647,0.46,-6.652,0.307,0.232,0.0377,0.0236,0.0452,79.885,4,0,7,3.4,Low popularity
V.,DIAMØND SNAKE,rock,30,2024-10-11,2024,10,2020s,0.843,0.203,-6.551,0.23,0.249,0.0455,0.00278,0.000793,172.045,4,0,11,5.59,Low popularity
Starlight,The Lone Monkeys,rock,29,2023-01-27,2023,1,2020s,0.809,0.566,-6.163,0.118,0.292,0.0605,0.000451,0.681,129.985,4,1,0,4.23,Low popularity
Lisztomania,Phoenix,rock,58,2009-05-25,2009,5,2000s,0.789,0.64,-6.691,0.53,0.311,0.0359,0.00388,0.0338,97.539,4,1,0,4.03,Medium popularity
People Watching,Sam Fender,rock,67,2024-11-15,2024,11,2020s,0.908,0.476,-4.569,0.124,0.649,0.068,0.000553,0.00776,161.011,4,1,6,5.19,Medium popularity
Maple Syrup,The Backseat Lovers,rock,67,2019-01-27,2019,1,2010s,0.526,0.543,-9.703,0.0778,0.384,0.0582,0.0533,0.0447,153.0,3,1,2,4.06,Medium popularity
Murder on the Dance Floor - triple j Like A Version,Royel Otis,rock,67,2024-01-29,2024,1,2020s,0.699,0.56,-8.501,0.223,0.512,0.0327,0.0,0.00483,122.942,4,1,4,3.01,Medium popularity
My Type,Saint Motel,rock,66,2014-08-16,2014,8,2010s,0.896,0.595,-2.951,0.0748,0.567,0.047,5.82e-05,0.0641,118.001,4,1,10,3.41,Medium popularity
Helmet,Steve Lacy,rock,66,2022-07-15,2022,7,2020s,0.675,0.612,-6.518,0.217,0.763,0.0231,0.0,0.0994,97.04,4,0,9,3.36,Medium popularity
Alesis,Mk.gee,rock,66,2024-02-09,2024,2,2020s,0.687,0.833,-7.851,0.108,0.418,0.0651,0.00453,0.58,108.075,4,0,11,3.3,Medium popularity
Wet Dream,Wet Leg,rock,66,2022-04-08,2022,4,2020s,0.701,0.721,-5.941,0.234,0.892,0.0306,0.026,0.000927,130.091,3,1,2,2.33,Medium popularity
Lost In Yesterday,Tame Impala,rock,65,2020-02-14,2020,2,2020s,0.84,0.569,-4.123,0.0995,0.749,0.118,0.000118,0.0295,183.059,3,1,1,4.16,Medium popularity
Kyoto,Phoebe Bridgers,rock,64,2020-06-18,2020,6,2020s,0.749,0.6,-6.889,0.0915,0.485,0.0419,0.295,0.0467,131.024,4,1,11,3.08,Medium popularity
Nothing Matters,The Last Dinner Party,rock,64,2023-04-19,2023,4,2020s,0.794,0.576,-5.119,0.154,0.6,0.0366,0.000155,0.0222,101.096,4,1,2,3.03,Medium popularity
Mama's Boy,Dominic Fike,rock,64,2023-06-23,2023,6,2020s,0.354,0.807,-7.554,0.186,0.602,0.0321,0.713,0.15,78.964,4,1,9,2.6,Medium popularity
So Cold,Balu Brigada,rock,63,2024-06-07,2024,6,2020s,0.771,0.658,-6.09,0.0767,0.79,0.072,0.001,0.000893,111.057,4,0,10,3.35,Medium popularity
She Wants To Go Dancing,Mt. Joy,rock,63,2024-10-11,2024,10,2020s,0.663,0.654,-8.913,0.13,0.676,0.0303,0.0557,0.0589,134.924,4,1,1,3.14,Medium popularity
Are You Looking Up,Mk.gee,rock,65,2024-02-09,2024,2,2020s,0.513,0.653,-8.972,0.148,0.844,0.0724,0.693,0.964,153.683,4,1,11,2.77,Medium popularity
Temper Temper,Lime Cordiale,rock,63,2017-10-13,2017,10,2010s,0.565,0.713,-7.8,0.633,0.705,0.0351,3.2e-06,0.0252,130.047,4,0,7,3.48,Medium popularity
Shake It Out,Florence + The Machine,rock,62,2011-01-01,2011,1,2010s,0.804,0.528,-4.168,0.105,0.222,0.0358,0.0,0.0104,107.48,4,1,10,4.63,Medium popularity
Here It Goes Again,OK Go,rock,62,2005-01-01,2005,1,2000s,0.882,0.537,-2.306,0.12,0.81,0.0403,9.06e-05,0.00035,145.73,4,1,0,3.0,Medium popularity
Nack Nostalgia,Royel Otis,rock,60,2024-07-19,2024,7,2020s,0.681,0.642,-5.426,0.0756,0.53,0.0259,0.533,0.119,96.006,4,1,2,3.12,Medium popularity
Don't Take The Money,Bleachers,rock,60,2017-06-02,2017,6,2010s,0.885,0.63,-5.674,0.206,0.289,0.0406,1.37e-06,0.000397,110.072,4,1,1,3.59,Medium popularity
Think Fast (feat. Weezer),"Dominic Fike, Weezer",rock,60,2023-07-07,2023,7,2020s,0.452,0.538,-7.994,0.0635,0.209,0.0462,2.26e-05,0.368,168.102,4,1,2,3.71,Medium popularity
Calling After Me,Wallows,rock,60,2024-03-21,2024,3,2020s,0.797,0.636,-4.644,0.114,0.965,0.0296,4.26e-06,0.00598,139.963,4,1,8,3.13,Medium popularity
"Dance, Baby!",boy pablo,rock,60,2017-05-19,2017,5,2010s,0.601,0.602,-8.521,0.312,0.856,0.0411,0.0046,0.037,122.017,4,1,9,3.3,Medium popularity
help herself,"bbno$, Diamond Pistols",rock,59,2021-01-29,2021,1,2020s,0.851,0.607,-7.754,0.107,0.479,0.0364,0.351,0.623,168.049,4,0,4,3.14,Medium popularity
I Wanna Get Better,Bleachers,rock,60,2014-07-14,2014,7,2010s,0.915,0.446,-6.221,0.218,0.398,0.141,3.87e-05,0.00281,190.013,4,1,9,3.41,Medium popularity
New Gold (feat. Tame Impala and Bootie Brown),"Gorillaz, Tame Impala, Bootie Brown",rock,59,2022-08-31,2022,8,2020s,0.923,0.695,-3.93,0.116,0.551,0.0522,0.0469,0.0425,108.014,3,0,1,3.59,Medium popularity
1901,Phoenix,rock,60,2009-05-25,2009,5,2000s,0.829,0.59,-5.649,0.19,0.704,0.0419,3.99e-05,0.0601,144.099,4,1,0,3.22,Medium popularity
Rawnald Gregory Erickson the Second,STRFKR,rock,58,2008-09-23,2008,9,2000s,0.538,0.9,-7.879,0.287,0.713,0.0343,0.843,0.229,95.508,4,1,7,2.89,Medium popularity
Osmosis,Good Kid,rock,58,2023-04-14,2023,4,2020s,0.954,0.474,-4.348,0.174,0.944,0.0347,1.17e-06,1.21e-05,95.008,4,1,9,2.89,Medium popularity
Look At Us Now (Honeycomb),Daisy Jones & The Six,rock,58,2023-03-02,2023,3,2020s,0.761,0.323,-6.143,0.0827,0.466,0.0479,0.000586,0.00942,141.282,4,1,7,5.54,Medium popularity
Campus,Vampire Weekend,rock,57,2008-01-29,2008,1,2000s,0.704,0.639,-5.818,0.0849,0.645,0.0659,0.0872,0.22,162.983,4,1,7,2.94,Medium popularity
Take A Bite,beabadoobee,rock,58,2024-05-09,2024,5,2020s,0.631,0.537,-6.558,0.325,0.491,0.0263,0.003,0.0453,91.007,4,1,0,2.65,Medium popularity
Banquet,Bloc Party,rock,57,2005-03-22,2005,3,2000s,0.892,0.578,-7.952,0.215,0.892,0.0441,0.0111,0.000139,150.255,4,0,10,3.28,Medium popularity
Anna Sun,WALK THE MOON,rock,57,2012-06-19,2012,6,2010s,0.844,0.472,-6.578,0.24,0.34,0.054,0.0,0.00173,140.034,4,1,10,5.35,Medium popularity
$20,"boygenius, Julien Baker, Phoebe Bridgers, Lucy Dacus",rock,57,2023-03-31,2023,3,2020s,0.627,0.551,-6.9,0.139,0.402,0.0325,0.0637,0.0065,117.992,3,1,7,3.33,Medium popularity
Give Up Baby Go,Peach Pit,rock,56,2022-03-04,2022,3,2020s,0.697,0.683,-6.703,0.0527,0.591,0.025,2.46e-06,0.169,96.729,4,1,9,4.28,Medium popularity
Glum Look,drawn animal,lofi,40,2024-11-10,2024,11,2020s,0.0319,0.5,-23.802,0.0932,0.0599,0.0343,0.913,0.983,79.893,4,1,7,1.95,Medium popularity
on the edge,Zupa Fitz,lofi,53,2024-10-27,2024,10,2020s,0.0908,0.219,-28.23,0.119,0.138,0.0445,0.939,0.989,173.629,4,1,1,2.22,Medium popularity
pink skies,morning green,lofi,53,2024-10-13,2024,10,2020s,0.206,0.639,-17.835,0.236,0.0873,0.0315,0.9,0.758,116.097,4,1,4,1.87,Medium popularity
Eyes Closed,Red Cedar,lofi,39,2024-11-08,2024,11,2020s,0.146,0.27,-22.956,0.111,0.0717,0.0392,0.811,0.781,87.739,4,0,9,2.21,Low popularity
Bottled Message,Coltsfoot,lofi,59,2024-10-04,2024,10,2020s,0.184,0.447,-18.937,0.171,0.152,0.0611,0.924,0.544,152.043,5,1,0,2.0,Medium popularity
Stairs,only jo,lofi,50,2024-10-18,2024,10,2020s,0.292,0.795,-14.013,0.0972,0.237,0.0462,0.834,0.611,146.005,4,1,4,2.4,Medium popularity
late nights,Slowday,lofi,54,2024-10-20,2024,10,2020s,0.19,0.518,-15.36,0.0947,0.038,0.0273,0.936,0.933,93.992,4,1,1,2.62,Medium popularity
Ghost,"Jmss, PØPE",lofi,38,2024-11-14,2024,11,2020s,0.174,0.611,-15.889,0.0775,0.285,0.0478,0.928,0.883,76.997,4,1,8,2.08,Low popularity
Peachy,cloud minor,lofi,48,2024-11-01,2024,11,2020s,0.165,0.869,-17.144,0.116,0.131,0.0812,0.911,0.61,119.976,4,0,5,3.08,Medium popularity
petra's lullaby,sellar,lofi,41,2024-11-10,2024,11,2020s,0.16,0.482,-20.33,0.188,0.0386,0.0895,0.924,0.9,159.989,4,1,10,2.2,Medium popularity
Albaizyn,lorleaf,lofi,51,2024-10-25,2024,10,2020s,0.287,0.652,-14.555,0.104,0.201,0.47,0.906,0.588,80.663,4,0,9,1.65,Medium popularity
Karma With Some Fries,Origami Boy,lofi,51,2024-10-25,2024,10,2020s,0.39,0.594,-15.8,0.114,0.189,0.0328,0.918,0.907,109.886,4,1,3,2.42,Medium popularity
after all,softflow,lofi,39,2024-11-10,2024,11,2020s,0.277,0.638,-18.904,0.0913,0.281,0.0357,0.834,0.741,116.15,5,1,9,2.48,Low popularity
Afterhours,cxlt.,lofi,40,2024-11-15,2024,11,2020s,0.0517,0.581,-26.309,0.0896,0.0506,0.0312,0.953,0.965,125.964,4,1,10,2.53,Medium popularity
Beyond the garden,Dizzy Boy,lofi,48,2024-10-23,2024,10,2020s,0.0516,0.691,-17.195,0.104,0.309,0.071,0.948,0.986,144.085,4,0,11,2.72,Medium popularity
keeping up appearances,Zupa Fitz,lofi,60,2024-10-13,2024,10,2020s,0.136,0.608,-20.155,0.115,0.354,0.0645,0.926,0.882,153.998,3,1,1,2.14,Medium popularity
Lemon Trees,"Louie's Tapes, Lemon Kids",lofi,38,2024-11-15,2024,11,2020s,0.153,0.77,-12.745,0.113,0.265,0.0577,0.259,0.875,130.082,4,0,1,2.03,Low popularity
Walking Home,caens,lofi,42,2024-11-08,2024,11,2020s,0.28,0.415,-12.599,0.0857,0.125,0.0288,0.757,0.764,66.141,4,0,9,2.11,Medium popularity
memory,"HM Surf, sove",lofi,49,2024-10-18,2024,10,2020s,0.111,0.699,-20.595,0.111,0.133,0.0355,0.792,0.906,130.032,4,1,8,2.58,Medium popularity
Hazy,Sihu,lofi,61,2024-09-03,2024,9,2020s,0.124,0.563,-23.386,0.104,0.163,0.0419,0.932,0.948,69.99,4,1,6,2.34,Medium popularity
random thoughts,softclouds,lofi,57,2024-05-19,2024,5,2020s,0.104,0.655,-20.225,0.113,0.192,0.122,0.956,0.944,160.05,4,1,0,2.25,Medium popularity
Eclipse,parrow,lofi,57,2024-09-27,2024,9,2020s,0.114,0.351,-23.924,0.0995,0.034,0.0369,0.935,0.851,102.495,4,0,4,2.4,Medium popularity
Airy Dream,poems,lofi,57,2024-09-27,2024,9,2020s,0.168,0.509,-18.382,0.167,0.239,0.0279,0.519,0.903,96.936,4,0,5,2.16,Medium popularity
Tiger Tales (of the Concrete Jungle),Tigerpalm*Bay,lofi,57,2023-09-22,2023,9,2020s,0.0558,0.603,-16.649,0.311,0.0346,0.0523,0.932,0.969,77.977,4,0,5,3.17,Medium popularity
Island Bounce,Hi Hat Henry,lofi,57,2024-07-17,2024,7,2020s,0.163,0.61,-21.359,0.105,0.0791,0.0366,0.951,0.973,130.122,4,0,9,2.46,Medium popularity
Distance,Strehlow,lofi,56,2024-10-04,2024,10,2020s,0.171,0.802,-14.176,0.101,0.523,0.0463,0.909,0.684,86.032,4,1,2,1.9,Medium popularity
change of heart,slowburn,lofi,56,2024-10-03,2024,10,2020s,0.131,0.679,-16.647,0.112,0.09,0.0892,0.943,0.611,136.039,4,1,5,2.13,Medium popularity
First Things First,Red Cedar,lofi,56,2024-10-11,2024,10,2020s,0.102,0.445,-17.965,0.134,0.108,0.05,0.918,0.931,112.378,4,1,3,2.11,Medium popularity
poseidon,low&slow,lofi,56,2024-01-26,2024,1,2020s,0.323,0.672,-12.005,0.107,0.218,0.474,0.911,0.897,75.989,4,0,1,2.03,Medium popularity
snoozed,lilibu,lofi,55,2024-08-25,2024,8,2020s,0.151,0.5,-22.794,0.698,0.183,0.0305,0.891,0.825,79.993,5,1,2,2.84,Medium popularity
Napwave Nirvana,Dozy Duzzn,lofi,55,2024-07-21,2024,7,2020s,0.148,0.4,-22.677,0.0891,0.121,0.033,0.916,0.932,97.45,1,1,9,2.15,Medium popularity
cocoon,sellar,lofi,55,2024-08-25,2024,8,2020s,0.0616,0.222,-23.261,0.099,0.0393,0.0317,0.935,0.988,54.998,4,1,0,2.48,Medium popularity
Low Battery,jeppa.,lofi,55,2024-10-11,2024,10,2020s,0.0611,0.369,-24.461,0.115,0.0793,0.0407,0.842,0.945,171.707,4,0,6,1.94,Medium popularity
kinda nice,Earium,lofi,55,2024-07-07,2024,7,2020s,0.216,0.581,-21.645,0.112,0.0351,0.0473,0.871,0.861,122.047,4,1,0,2.33,Medium popularity
Midnight Groove,Nova Night,lofi,55,2024-06-30,2024,6,2020s,0.113,0.591,-22.226,0.11,0.122,0.0335,0.883,0.928,137.954,4,1,11,2.32,Medium popularity
Tough Night,Thin Wire,lofi,54,2023-10-31,2023,10,2020s,0.465,0.704,-12.648,0.154,0.755,0.105,0.881,0.916,131.992,4,0,3,1.78,Medium popularity
Lost in the Mail,Dylan Sitts,lofi,54,2024-03-07,2024,3,2020s,0.331,0.761,-8.072,0.12,0.129,0.0443,0.854,0.374,113.978,3,1,0,2.37,Medium popularity
a little sun nap,Kainbeats,lofi,54,2024-09-30,2024,9,2020s,0.0236,0.537,-29.056,0.0794,0.111,0.0288,0.869,0.984,103.938,4,1,10,2.47,Medium popularity
trail running,le gronk,lofi,54,2024-03-15,2024,3,2020s,0.0379,0.538,-22.543,0.0846,0.0422,0.0306,0.911,0.977,61.028,4,1,4,2.69,Medium popularity
fika,mellow fox,lofi,53,2024-10-11,2024,10,2020s,0.0669,0.769,-22.258,0.105,0.231,0.115,0.911,0.913,138.049,4,1,3,1.74,Medium popularity
Melt,eze east,lofi,53,2023-10-01,2023,10,2020s,0.185,0.566,-12.833,0.0856,0.0399,0.0279,0.933,0.98,143.937,4,1,2,2.11,Medium popularity
Multiply,A & C,lofi,53,2023-11-24,2023,11,2020s,0.336,0.795,-10.65,0.11,0.428,0.112,0.934,0.685,75.968,4,0,10,2.1,Medium popularity
After Hours,Gooee,lofi,53,2023-10-13,2023,10,2020s,0.302,0.734,-12.732,0.329,0.557,0.229,0.731,0.384,85.968,4,1,7,2.06,Medium popularity
sunny day dreaming,Twiggy Fiz,lofi,53,2023-12-31,2023,12,2020s,0.301,0.672,-14.327,0.121,0.0882,0.0463,0.938,0.928,138.252,4,1,4,2.91,Medium popularity
omw,Knowmadic,lofi,53,2024-05-17,2024,5,2020s,0.12,0.587,-15.175,0.0945,0.349,0.199,0.924,0.933,80.113,4,1,0,2.2,Medium popularity
pawsitive,misty tapes,lofi,53,2024-05-31,2024,5,2020s,0.16,0.761,-9.414,0.109,0.483,0.0825,0.927,0.799,85.984,4,1,9,2.28,Medium popularity
Flower Kingdom,Mossdeep,lofi,53,2023-10-13,2023,10,2020s,0.143,0.845,-14.408,0.117,0.3,0.146,0.939,0.806,124.007,4,1,0,2.14,Medium popularity
hjortron,bomull,lofi,52,2024-06-11,2024,6,2020s,0.319,0.715,-11.433,0.253,0.404,0.451,0.532,0.73,91.77,4,1,1,2.17,Medium popularity
So Very Much,nora haze,lofi,53,2024-10-04,2024,10,2020s,0.301,0.579,-17.913,0.598,0.289,0.0625,0.897,0.883,160.024,1,0,6,2.09,Medium popularity
Days before,Dino P,lofi,52,2023-02-12,2023,2,2020s,0.0902,0.543,-20.406,0.104,0.205,0.04,0.829,0.975,69.995,4,0,11,2.79,Medium popularity
Friday Dazed,Alek Faith,lofi,52,2023-10-13,2023,10,2020s,0.158,0.73,-13.153,0.103,0.444,0.138,0.939,0.813,70.022,4,1,6,2.21,Medium popularity
shanghai tower,yellofish,lofi,52,2024-02-23,2024,2,2020s,0.13,0.715,-15.415,0.111,0.501,0.112,0.896,0.596,140.095,4,0,1,2.29,Medium popularity
late night walking,Rustique Beats,lofi,52,2023-10-01,2023,10,2020s,0.0581,0.64,-14.81,0.104,0.476,0.0572,0.848,0.76,134.343,4,1,10,2.0,Medium popularity
afternoon walk,herbstreit,lofi,52,2023-12-08,2023,12,2020s,0.0277,0.543,-21.2,0.179,0.0681,0.0284,0.903,0.957,80.021,4,1,11,2.78,Medium popularity
Beam Me Up,Adam Space,lofi,52,2024-09-13,2024,9,2020s,0.267,0.895,-11.247,0.103,0.345,0.0883,0.925,0.668,128.012,4,1,2,2.06,Medium popularity
BAGS,Seame,lofi,52,2024-08-02,2024,8,2020s,0.205,0.675,-16.858,0.112,0.0551,0.0554,0.903,0.718,140.057,4,1,0,2.35,Medium popularity
Indigo,Lazlow,lofi,52,2023-09-22,2023,9,2020s,0.397,0.671,-10.854,0.125,0.251,0.0399,0.928,0.713,160.044,4,0,2,2.24,Medium popularity
Stones,W8lss,lofi,52,2023-10-13,2023,10,2020s,0.285,0.777,-12.81,0.107,0.143,0.0724,0.897,0.754,139.992,4,0,7,2.29,Medium popularity
SoulShower,Bus Topp,lofi,52,2023-11-26,2023,11,2020s,0.0909,0.422,-23.049,0.0989,0.0981,0.0546,0.886,0.871,69.004,4,0,5,3.23,Medium popularity
projection,love_eight,lofi,52,2022-08-12,2022,8,2020s,0.228,0.923,-12.418,0.0987,0.503,0.0634,0.931,0.78,124.98,4,1,7,2.64,Medium popularity
Natural Midst,Illum Noyz,lofi,52,2023-09-08,2023,9,2020s,0.332,0.671,-9.037,0.366,0.51,0.0937,0.904,0.761,89.995,4,0,2,2.68,Medium popularity
Sunflower,Velvet Static,lofi,52,2024-09-27,2024,9,2020s,0.385,0.721,-14.226,0.177,0.378,0.339,0.841,0.88,87.993,4,1,7,2.23,Medium popularity
watercolour,Zoe Reed,lofi,52,2023-12-10,2023,12,2020s,0.048,0.836,-14.768,0.101,0.228,0.051,0.894,0.193,119.954,4,0,2,2.01,Medium popularity
Who's Driving?,Galva-Nice,lofi,51,2023-10-06,2023,10,2020s,0.306,0.645,-7.424,0.192,0.131,0.0287,0.0669,0.786,76.976,4,1,5,2.33,Medium popularity
Paris,Trippy Park,lofi,51,2023-10-13,2023,10,2020s,0.277,0.739,-14.284,0.0921,0.638,0.12,0.893,0.841,84.985,4,1,7,2.07,Medium popularity
Car Ride,Gittiye,lofi,51,2024-03-14,2024,3,2020s,0.32,0.807,-12.699,0.108,0.783,0.0527,0.906,0.349,143.995,4,1,8,2.25,Medium popularity
Flow State,Poof Tricks,lofi,51,2023-11-06,2023,11,2020s,0.3,0.848,-11.023,0.0811,0.292,0.0772,0.915,0.655,94.006,4,0,7,2.64,Medium popularity
happy moggie,louke's beats,lofi,51,2023-11-26,2023,11,2020s,0.115,0.793,-15.647,0.0769,0.0774,0.0798,0.929,0.661,119.992,4,1,4,2.3,Medium popularity
Surf Tiger,ohlos,lofi,51,2023-10-18,2023,10,2020s,0.283,0.396,-14.746,0.113,0.0695,0.0577,0.92,0.901,79.878,4,0,11,3.04,Medium popularity
Forgotten Dreams,Holy Jamie,lofi,51,2024-07-19,2024,7,2020s,0.259,0.676,-14.923,0.098,0.0726,0.0523,0.867,0.664,80.038,4,1,0,2.01,Medium popularity
Sunset Boulevard,Phive O,lofi,51,2023-11-17,2023,11,2020s,0.0657,0.732,-26.149,0.151,0.939,0.121,0.692,0.687,78.071,4,1,9,2.26,Medium popularity
midnight escape,sellar,lofi,51,2024-06-16,2024,6,2020s,0.178,0.502,-18.497,0.174,0.15,0.0489,0.934,0.918,75.004,4,0,2,3.01,Medium popularity
glow,low&slow,lofi,51,2023-11-24,2023,11,2020s,0.347,0.891,-10.08,0.167,0.331,0.0847,0.931,0.941,132.972,4,1,11,2.16,Medium popularity
cashmere,Zatsuma,lofi,51,2023-01-13,2023,1,2020s,0.374,0.871,-13.797,0.114,0.557,0.0951,0.912,0.881,134.962,4,1,2,2.38,Medium popularity
spring is coming,jaackson,lofi,51,2024-02-25,2024,2,2020s,0.249,0.891,-11.559,0.085,0.254,0.0757,0.952,0.976,120.003,4,1,4,3.2,Medium popularity
my own practice,hoodeeny,lofi,51,2024-11-01,2024,11,2020s,0.338,0.564,-14.01,0.132,0.241,0.039,0.904,0.968,134.119,4,1,1,2.21,Medium popularity
Shifting Sands,G:sson,lofi,51,2023-10-06,2023,10,2020s,0.0859,0.896,-16.803,0.109,0.0863,0.426,0.92,0.802,140.209,4,0,3,2.46,Medium popularity
Sunset,"Lotus Beats, Notation",lofi,51,2024-04-08,2024,4,2020s,0.162,0.613,-12.162,0.106,0.376,0.035,0.894,0.83,83.927,4,0,0,2.57,Medium popularity
Hazel Eyes,Loomington,lofi,51,2023-11-24,2023,11,2020s,0.34,0.68,-11.859,0.0956,0.442,0.0535,0.858,0.764,180.031,4,0,9,2.38,Medium popularity
Expected Events,Poof Tricks,lofi,51,2024-10-16,2024,10,2020s,0.271,0.709,-17.212,0.111,0.295,0.0457,0.879,0.933,140.013,4,0,6,2.6,Medium popularity
Vortex,Zeitgeister,lofi,51,2024-08-18,2024,8,2020s,0.0924,0.766,-17.886,0.103,0.237,0.117,0.934,0.897,158.049,4,1,0,2.08,Medium popularity
temporary approved,Oroshi,lofi,51,2024-10-11,2024,10,2020s,0.235,0.804,-14.251,0.107,0.428,0.0485,0.903,0.959,89.999,4,1,0,2.01,Medium popularity
"High five, low-fi",Dusty Kadinsky,lofi,51,2024-03-08,2024,3,2020s,0.249,0.867,-12.371,0.0898,0.728,0.0696,0.913,0.776,84.983,4,0,10,2.14,Medium popularity
letter to amtis,nightnotes,lofi,51,2024-03-08,2024,3,2020s,0.211,0.664,-14.747,0.186,0.181,0.0313,0.844,0.885,94.019,4,1,11,1.58,Medium popularity
Up In The Clouds Again,astra division,lofi,51,2024-07-12,2024,7,2020s,0.206,0.654,-15.25,0.322,0.557,0.117,0.88,0.934,62.942,4,1,10,2.13,Medium popularity
Autumn Stroll,Pi Teddy,lofi,51,2023-10-11,2023,10,2020s,0.187,0.814,-13.354,0.101,0.643,0.291,0.841,0.931,84.891,4,0,1,1.97,Medium popularity
Lush,Cal Credence,lofi,51,2023-09-22,2023,9,2020s,0.108,0.769,-18.875,0.108,0.374,0.0977,0.914,0.877,140.033,4,0,11,2.46,Medium popularity
The City,Audio Phill,lofi,51,2023-11-14,2023,11,2020s,0.253,0.666,-16.196,0.122,0.181,0.119,0.887,0.906,129.971,4,0,0,2.05,Medium popularity
Seasons,M.I Hakone,lofi,51,2023-10-20,2023,10,2020s,0.351,0.804,-10.686,0.107,0.74,0.244,0.888,0.887,76.992,4,0,8,2.07,Medium popularity
the clearing,Zoe Reed,lofi,51,2023-11-19,2023,11,2020s,0.218,0.879,-16.681,0.103,0.663,0.0777,0.79,0.566,129.997,4,1,3,2.48,Medium popularity
Softly Whispering,Convivial,lofi,51,2023-10-20,2023,10,2020s,0.0408,0.643,-17.989,0.0959,0.152,0.039,0.921,0.825,130.014,4,1,5,3.12,Medium popularity
Matcha,"Yawuh, Koralle",lofi,50,2024-04-30,2024,4,2020s,0.379,0.67,-11.249,0.24,0.552,0.0542,0.761,0.596,147.97,4,1,10,2.39,Medium popularity
Sunny Side,ninetytwo.,lofi,50,2024-05-24,2024,5,2020s,0.279,0.759,-10.357,0.158,0.437,0.052,0.799,0.397,88.956,4,0,5,1.98,Medium popularity
New Season,sunala.,lofi,50,2023-11-24,2023,11,2020s,0.134,0.794,-12.686,0.112,0.441,0.0834,0.928,0.924,140.124,4,0,6,2.01,Medium popularity
act n' chill,HPY DAYZ,lofi,50,2024-05-26,2024,5,2020s,0.342,0.685,-9.102,0.168,0.365,0.397,0.703,0.648,160.082,4,0,10,2.2,Medium popularity
starry night,Mathis,lofi,50,2023-11-10,2023,11,2020s,0.424,0.794,-11.044,0.11,0.303,0.169,0.95,0.944,75.233,4,0,1,2.39,Medium popularity
Bar Breeze,Hammocks & Lime,lofi,50,2023-03-10,2023,3,2020s,0.269,0.9,-11.537,0.175,0.614,0.122,0.686,0.508,139.986,4,1,8,2.31,Medium popularity
Winter Artifacts,Carl Borg,lofi,50,2024-02-27,2024,2,2020s,0.21,0.838,-11.881,0.0993,0.609,0.0366,0.945,0.565,123.965,4,1,1,2.66,Medium popularity
park stroll,Fya Playce,lofi,50,2023-12-10,2023,12,2020s,0.264,0.53,-12.377,0.0939,0.0844,0.0389,0.924,0.985,68.003,4,1,8,2.15,Medium popularity
fliff,Zonyo,lofi,50,2023-11-12,2023,11,2020s,0.366,0.789,-9.795,0.0963,0.172,0.129,0.422,0.835,71.008,4,0,9,1.6,Medium popularity
camping trip,Collinsworthy,lofi,50,2024-01-19,2024,1,2020s,0.0455,0.615,-17.469,0.0899,0.038,0.0367,0.921,0.942,71.045,4,1,0,2.66,Medium popularity
imstillfallingfor,ELEWAKA,lofi,50,2024-10-18,2024,10,2020s,0.21,0.594,-15.785,0.134,0.0622,0.0283,0.928,0.887,60.019,4,1,0,3.28,Medium popularity
Incredibly happy,Silk Soul,lofi,50,2023-10-20,2023,10,2020s,0.529,0.685,-10.362,0.16,0.363,0.106,0.89,0.34,79.981,4,1,2,2.65,Medium popularity
rose quartz,Cyan_95,lofi,50,2024-01-12,2024,1,2020s,0.209,0.748,-15.65,0.104,0.316,0.0659,0.89,0.776,139.943,4,1,0,2.08,Medium popularity
Lo-fi Love Letters,Idris Kelly,lofi,50,2023-10-06,2023,10,2020s,0.31,0.431,-12.847,0.104,0.508,0.137,0.893,0.771,241.426,3,1,6,1.99,Medium popularity
Borrowed Car,slowvibe,lofi,50,2024-06-28,2024,6,2020s,0.166,0.607,-19.259,0.0905,0.236,0.0351,0.427,0.723,76.003,4,0,10,2.11,Medium popularity
Flash,Aurora 10,lofi,50,2024-01-23,2024,1,2020s,0.128,0.887,-16.508,0.111,0.651,0.417,0.926,0.801,74.988,4,1,2,2.03,Medium popularity
Marbles,"Maggotts&Becketts, chill.farm",lofi,50,2023-11-03,2023,11,2020s,0.337,0.709,-9.09,0.12,0.288,0.0468,0.916,0.921,128.088,4,0,9,2.19,Medium popularity
fuzzy felt,lilibu,lofi,50,2024-09-22,2024,9,2020s,0.376,0.859,-10.657,0.687,0.17,0.153,0.774,0.608,132.41,4,0,0,2.65,Medium popularity
find whats lost,mutedvibes,lofi,50,2024-11-03,2024,11,2020s,0.11,0.565,-20.446,0.0717,0.0797,0.0293,0.966,0.96,108.157,4,1,1,2.15,Medium popularity
Behind the stars,Slumbering Elk,lofi,50,2023-11-08,2023,11,2020s,0.24,0.551,-19.865,0.389,0.156,0.0387,0.951,0.73,58.031,4,0,11,2.38,Medium popularity
Lazy Locomotive,Cmd q,lofi,50,2023-11-07,2023,11,2020s,0.272,0.5,-15.719,0.253,0.222,0.103,0.945,0.9,93.656,5,1,11,2.01,Medium popularity
Honestly,Blank x Blank,lofi,50,2024-06-28,2024,6,2020s,0.368,0.633,-12.152,0.111,0.08,0.087,0.918,0.795,77.951,4,1,2,2.12,Medium popularity
head in the clouds,drewbee,lofi,50,2024-03-08,2024,3,2020s,0.425,0.659,-9.218,0.112,0.404,0.0333,0.9,0.29,171.982,4,1,2,2.25,Medium popularity
Dance The Night,Analog Bow,lofi,50,2023-11-10,2023,11,2020s,0.304,0.655,-16.901,0.146,0.485,0.0608,0.889,0.942,82.03,4,1,8,2.65,Medium popularity
Heroes Retreat,Conjure kid,lofi,50,2024-02-16,2024,2,2020s,0.356,0.747,-11.361,0.116,0.245,0.0928,0.957,0.91,144.203,4,1,8,2.05,Medium popularity
Donuts,Loomington,lofi,50,2023-10-06,2023,10,2020s,0.362,0.559,-9.471,0.675,0.73,0.719,0.929,0.79,84.801,4,0,0,2.35,Medium popularity
the neighborhood,ninetytwo.,lofi,50,2023-09-29,2023,9,2020s,0.47,0.617,-13.3,0.151,0.427,0.0298,0.526,0.401,75.008,4,0,6,2.16,Medium popularity
Early Birds,"FloFilz, HNNY",lofi,50,2024-06-07,2024,6,2020s,0.325,0.472,-11.39,0.0998,0.151,0.0483,0.915,0.896,82.847,4,0,1,2.37,Medium popularity
The Day Before Yesterday,merīkurisumasu!,lofi,50,2023-10-02,2023,10,2020s,0.198,0.831,-16.467,0.104,0.164,0.337,0.74,0.943,83.983,4,1,0,2.04,Medium popularity
Laundry Tessomancy,Violet Blanca,lofi,50,2024-03-08,2024,3,2020s,0.49,0.582,-8.651,0.103,0.175,0.169,0.905,0.73,132.682,1,0,10,2.02,Medium popularity
Snooze Groove,Dozy Duzzn,lofi,50,2024-08-18,2024,8,2020s,0.0518,0.335,-26.628,0.107,0.299,0.0705,0.936,0.984,111.893,4,0,8,2.07,Medium popularity
devotion,Summer Clarke,lofi,50,2024-03-15,2024,3,2020s,0.335,0.824,-9.877,0.12,0.497,0.0547,0.914,0.905,130.077,4,0,6,2.37,Medium popularity
semi-hollow,Ponzi Skeemz,lofi,50,2024-01-12,2024,1,2020s,0.276,0.691,-11.717,0.111,0.511,0.0388,0.872,0.811,139.971,4,1,6,2.63,Medium popularity
Smoking at Sundown,peerless,lofi,49,2022-11-25,2022,11,2020s,0.378,0.636,-7.764,0.128,0.326,0.122,0.848,0.258,174.068,4,1,7,2.2,Medium popularity
rolling,Collinsworthy,lofi,49,2024-03-01,2024,3,2020s,0.163,0.69,-16.182,0.109,0.31,0.109,0.937,0.932,168.056,4,0,3,2.14,Medium popularity
deep reverie,buggy beats,lofi,49,2024-03-22,2024,3,2020s,0.0929,0.523,-20.861,0.109,0.192,0.092,0.885,0.919,116.163,4,1,0,2.56,Medium popularity
Bareru Rōru,d.w.h,lofi,49,2023-11-10,2023,11,2020s,0.319,0.65,-7.9,0.118,0.404,0.0358,0.916,0.778,75.996,4,0,5,2.63,Medium popularity
pistachios forever,uniqlesse,lofi,49,2024-03-15,2024,3,2020s,0.179,0.827,-12.561,0.106,0.184,0.132,0.887,0.899,160.01,3,1,0,3.05,Medium popularity
Satin Soul,"Ghostnaut, Lunath",lofi,49,2024-08-30,2024,8,2020s,0.21,0.686,-16.079,0.117,0.176,0.0428,0.927,0.912,153.988,4,1,10,2.57,Medium popularity
Con Bajo Fidelidad,The Fly Guy Five,lofi,49,2023-10-13,2023,10,2020s,0.466,0.638,-10.637,0.097,0.312,0.0739,0.909,0.828,168.063,4,0,5,2.18,Medium popularity
Green Coco,Alana Coello,lofi,49,2023-11-03,2023,11,2020s,0.354,0.84,-10.941,0.0999,0.31,0.0545,0.874,0.848,78.044,4,0,11,2.89,Medium popularity
catch me,knock on wood,lofi,49,2023-10-22,2023,10,2020s,0.138,0.633,-17.371,0.106,0.0397,0.0849,0.946,0.958,77.0,3,1,10,2.53,Medium popularity
yo!,H I K E,lofi,49,2023-09-18,2023,9,2020s,0.372,0.574,-15.483,0.0951,0.26,0.206,0.9,0.792,79.992,4,1,10,2.0,Medium popularity
neutron,Cyan_95,lofi,49,2023-10-27,2023,10,2020s,0.274,0.75,-10.486,0.118,0.376,0.0379,0.903,0.698,129.921,4,1,0,2.12,Medium popularity
looking back,nearly monday,lofi,49,2024-03-08,2024,3,2020s,0.329,0.86,-13.455,0.122,0.353,0.0984,0.913,0.795,136.115,4,1,9,2.17,Medium popularity
All downhill from here,Art Vandeley,lofi,49,2023-12-22,2023,12,2020s,0.27,0.661,-12.34,0.108,0.16,0.103,0.897,0.941,75.222,4,0,9,2.18,Medium popularity
con leche,Camden Clown,lofi,49,2024-01-07,2024,1,2020s,0.285,0.753,-12.869,0.105,0.202,0.063,0.927,0.929,77.007,4,0,1,2.98,Medium popularity
The Jam,Audio Phill,lofi,49,2024-02-05,2024,2,2020s,0.226,0.623,-16.244,0.112,0.492,0.308,0.923,0.8,140.046,4,1,0,1.66,Medium popularity
Let's Puddle,Lime Nyorobon,lofi,49,2024-01-12,2024,1,2020s,0.325,0.578,-10.521,0.103,0.229,0.0295,0.93,0.898,69.959,4,1,5,2.2,Medium popularity
piece of cake,"Beats Me, Innit?",lofi,49,2023-11-10,2023,11,2020s,0.338,0.635,-11.807,0.0931,0.366,0.0327,0.927,0.87,78.015,4,1,9,2.37,Medium popularity
luminescence,"steezy prime, luv pug",lofi,49,2024-09-27,2024,9,2020s,0.114,0.592,-26.735,0.0848,0.0378,0.0352,0.926,0.855,114.063,3,0,4,2.53,Medium popularity
Ayways,A & C,lofi,49,2023-10-06,2023,10,2020s,0.235,0.466,-13.283,0.194,0.361,0.0828,0.868,0.905,56.521,4,1,7,1.9,Medium popularity
morning coffee,bearé,lofi,49,2024-03-08,2024,3,2020s,0.244,0.806,-10.219,0.148,0.347,0.0805,0.92,0.671,75.03,4,1,0,2.48,Medium popularity
Slowmotion,Zauvage,lofi,49,2023-11-24,2023,11,2020s,0.351,0.697,-13.939,0.17,0.477,0.286,0.874,0.95,78.396,4,1,0,2.47,Medium popularity
ottos visa,bomull,lofi,49,2023-12-26,2023,12,2020s,0.274,0.807,-12.53,0.0997,0.215,0.0656,0.813,0.793,75.027,4,1,2,2.89,Medium popularity
Their Name Is Jazz,yoranda,lofi,48,2023-09-29,2023,9,2020s,0.445,0.836,-8.829,0.107,0.324,0.345,0.459,0.545,90.182,4,1,5,2.26,Medium popularity
sandwhich beach,Grace Belly,lofi,48,2023-11-03,2023,11,2020s,0.116,0.648,-14.442,0.105,0.488,0.108,0.895,0.969,81.653,4,0,11,2.01,Medium popularity
Inner Peace,Moon Cheese,lofi,48,2023-09-10,2023,9,2020s,0.234,0.622,-15.541,0.12,0.175,0.0393,0.912,0.856,73.943,4,1,10,3.87,Medium popularity
horizon,Lunar Lullaby & yorukaze,lofi,48,2023-10-22,2023,10,2020s,0.291,0.827,-14.533,0.133,0.171,0.0494,0.869,0.604,89.993,3,1,11,1.6,Medium popularity
no way but up,Phresh Milk,lofi,48,2024-02-04,2024,2,2020s,0.41,0.686,-13.681,0.122,0.322,0.0695,0.852,0.843,123.964,4,1,11,1.77,Medium popularity
My Promise,myndstream,lofi,48,2023-12-26,2023,12,2020s,0.133,0.706,-16.205,0.0865,0.491,0.0527,0.852,0.877,138.056,4,1,6,4.03,Medium popularity
Avocades,Breakfast For Brunch,lofi,48,2024-01-19,2024,1,2020s,0.204,0.671,-16.153,0.122,0.358,0.0379,0.931,0.919,62.944,4,1,0,2.19,Medium popularity
Lost Without You,chill.farm,lofi,48,2023-11-10,2023,11,2020s,0.466,0.768,-9.748,0.222,0.454,0.233,0.933,0.95,70.087,4,0,7,2.64,Medium popularity
Memories & Notes,Juliette,lofi,48,2022-10-14,2022,10,2020s,0.294,0.599,-11.432,0.113,0.198,0.0316,0.93,0.926,69.94,4,1,0,1.89,Medium popularity
Watching Walls,"Sleepermane, Dontcry",lofi,48,2024-08-30,2024,8,2020s,0.235,0.569,-19.628,0.129,0.0888,0.0344,0.904,0.724,147.0,4,1,11,2.19,Medium popularity
benice,okayokay,lofi,48,2024-06-28,2024,6,2020s,0.259,0.678,-12.351,0.117,0.186,0.0401,0.838,0.288,80.045,4,1,10,2.37,Medium popularity
favour the brave,Rustique Beats,lofi,48,2023-12-03,2023,12,2020s,0.0401,0.746,-24.322,0.122,0.316,0.0395,0.929,0.977,131.903,4,1,8,2.24,Medium popularity
Ham On Rye,Worn Tape,lofi,48,2023-02-05,2023,2,2020s,0.182,0.589,-14.852,0.124,0.452,0.0347,0.789,0.173,70.043,4,1,0,2.07,Medium popularity
Everything I Need,Stekt,lofi,48,2024-08-23,2024,8,2020s,0.283,0.647,-13.397,0.111,0.288,0.0495,0.879,0.623,160.206,4,1,7,2.58,Medium popularity
Through The Garden,eze east,lofi,48,2023-12-03,2023,12,2020s,0.267,0.574,-19.343,0.0801,0.17,0.0712,0.931,0.983,148.117,4,1,4,2.11,Medium popularity
Wait For Spring,Fya Playce,lofi,48,2023-10-01,2023,10,2020s,0.15,0.375,-20.322,0.105,0.143,0.0316,0.902,0.98,145.704,4,1,1,2.17,Medium popularity
Wistful Silhouettes,"Chill Def, alt.bin.beats",lofi,48,2023-10-13,2023,10,2020s,0.115,0.652,-14.94,0.102,0.49,0.0534,0.914,0.93,85.001,4,0,5,2.28,Medium popularity
Through the Portal,iasilma,lofi,48,2022-12-16,2022,12,2020s,0.265,0.639,-12.847,0.0989,0.135,0.0299,0.835,0.693,74.994,4,1,9,1.92,Medium popularity
big buddha,Max Hayward,lofi,48,2023-12-24,2023,12,2020s,0.197,0.656,-19.201,0.697,0.521,0.0988,0.482,0.834,147.974,1,0,2,2.47,Medium popularity
Our Feelings,Akkoro,lofi,48,2024-10-06,2024,10,2020s,0.172,0.713,-16.529,0.119,0.112,0.0488,0.963,0.982,124.058,4,0,3,2.34,Medium popularity
Do not forget,Perry Goldfish,lofi,48,2024-05-24,2024,5,2020s,0.245,0.908,-14.348,0.0987,0.519,0.113,0.824,0.177,130.08,4,0,11,2.89,Medium popularity
Beauty,W8lss,lofi,48,2023-09-29,2023,9,2020s,0.427,0.79,-15.717,0.0978,0.292,0.058,0.911,0.751,129.996,4,1,5,1.86,Medium popularity
ting,_tag,lofi,48,2022-12-16,2022,12,2020s,0.0962,0.798,-21.004,0.111,0.31,0.0671,0.806,0.515,139.943,4,0,9,2.3,Medium popularity
poolside,May-Flowa,lofi,48,2023-11-26,2023,11,2020s,0.233,0.548,-17.125,0.112,0.338,0.0632,0.913,0.9,64.993,4,1,10,1.98,Medium popularity
blue bird,"Slipp, Nick's chill factory",lofi,48,2023-09-22,2023,9,2020s,0.391,0.366,-11.479,0.147,0.487,0.137,0.921,0.915,168.572,3,0,6,2.25,Medium popularity
Garden Suitcase,hello low,lofi,48,2024-01-26,2024,1,2020s,0.246,0.717,-13.742,0.105,0.838,0.0759,0.91,0.664,79.018,4,1,1,2.53,Medium popularity
Autumn Briefs,Dasunny,lofi,48,2023-12-01,2023,12,2020s,0.301,0.741,-11.255,0.101,0.604,0.0601,0.907,0.91,78.87,4,1,11,2.42,Medium popularity
traffic,Lunar Lullaby & yorukaze,lofi,48,2023-09-24,2023,9,2020s,0.454,0.824,-11.809,0.0957,0.49,0.0682,0.903,0.277,80.03,4,1,2,1.65,Medium popularity
fastback ride,Nitta' Gritta',lofi,48,2023-11-24,2023,11,2020s,0.379,0.624,-7.806,0.113,0.336,0.0288,0.842,0.899,72.996,4,1,5,2.83,Medium popularity
One more for the road,Attic Dizzt,lofi,48,2023-10-20,2023,10,2020s,0.316,0.52,-16.799,0.155,0.377,0.0331,0.928,0.297,80.148,4,0,3,2.5,Medium popularity
Preciso,Tom Doolie,lofi,48,2023-07-21,2023,7,2020s,0.298,0.623,-14.003,0.112,0.443,0.0616,0.895,0.857,75.086,4,1,10,1.74,Medium popularity
Tea,Osian Lewis,lofi,48,2024-03-01,2024,3,2020s,0.434,0.8,-13.331,0.103,0.0889,0.0485,0.939,0.823,136.003,4,1,0,2.18,Medium popularity
less-than-flattering,Slow Bounce,lofi,48,2023-10-13,2023,10,2020s,0.253,0.733,-12.311,0.112,0.317,0.036,0.928,0.861,74.077,4,0,11,2.13,Medium popularity
Mister you forgot your hat,Meryl Street,lofi,48,2023-11-03,2023,11,2020s,0.565,0.802,-8.553,0.0961,0.252,0.0471,0.944,0.473,135.82,4,1,1,2.4,Medium popularity
Laurel Canyon,cuttingwood,lofi,48,2023-01-27,2023,1,2020s,0.457,0.54,-10.636,0.119,0.345,0.131,0.626,0.607,78.552,4,0,2,2.4,Medium popularity
Hidden Cataract,Carl Borg,lofi,47,2024-06-21,2024,6,2020s,0.253,0.559,-15.53,0.103,0.373,0.102,0.857,0.683,130.389,4,0,1,3.1,Medium popularity
until we meet again,LVTA,lofi,47,2023-12-01,2023,12,2020s,0.331,0.559,-12.731,0.105,0.375,0.107,0.902,0.64,74.996,3,1,9,2.1,Medium popularity
Peaceful Ghost,"Salvador, Nick's chill factory",lofi,47,2023-09-15,2023,9,2020s,0.302,0.536,-13.458,0.116,0.261,0.0329,0.899,0.807,78.005,4,1,5,2.36,Medium popularity
fruta verde,Mirá,lofi,47,2023-09-29,2023,9,2020s,0.687,0.828,-9.679,0.111,0.734,0.34,0.000296,0.0713,81.955,4,1,8,1.86,Medium popularity
saveme.,"Dpsht, tenkousei.",lofi,47,2024-08-29,2024,8,2020s,0.244,0.757,-13.135,0.106,0.6,0.0488,0.898,0.929,103.307,4,1,6,1.86,Medium popularity
Dad's Typewriter Feels,Looper Boy,lofi,47,2024-07-09,2024,7,2020s,0.135,0.751,-15.65,0.108,0.595,0.0516,0.692,0.888,80.008,4,0,0,2.8,Medium popularity
Meltdown,Arlos,lofi,47,2023-10-09,2023,10,2020s,0.142,0.561,-19.32,0.0967,0.37,0.154,0.9,0.869,84.931,4,1,0,3.41,Medium popularity
The Way To Eden,louke's beats,lofi,47,2023-11-12,2023,11,2020s,0.13,0.657,-13.182,0.0847,0.321,0.0502,0.341,0.204,79.993,4,1,9,1.78,Medium popularity
Arboreous,"Bogomolove, Senn",lofi,47,2024-08-23,2024,8,2020s,0.177,0.639,-18.161,0.0895,0.275,0.096,0.502,0.918,144.299,4,1,7,1.99,Medium popularity
Adamant,Kuma,lofi,47,2024-01-12,2024,1,2020s,0.466,0.683,-10.24,0.158,0.504,0.165,0.865,0.754,160.02,4,0,6,2.25,Medium popularity
Hokkaido Breeze,Furry Beats,lofi,47,2023-10-13,2023,10,2020s,0.383,0.328,-10.595,0.174,0.433,0.0588,0.935,0.988,80.314,4,0,5,2.34,Medium popularity
fantasize,bdazzled.,lofi,47,2023-03-17,2023,3,2020s,0.292,0.551,-14.685,0.156,0.647,0.0465,0.859,0.646,79.239,4,0,5,2.44,Medium popularity
Humble Thoughts,Somebody's Son,lofi,47,2022-12-16,2022,12,2020s,0.395,0.715,-13.155,0.123,0.204,0.0607,0.928,0.851,80.028,4,1,2,1.49,Medium popularity
Piano Roll,Vancgroover,lofi,47,2023-10-31,2023,10,2020s,0.473,0.857,-6.791,0.107,0.84,0.233,0.421,0.631,89.945,4,0,10,2.09,Medium popularity
Walk in the Park,NogEgg,lofi,47,2023-09-29,2023,9,2020s,0.207,0.784,-11.038,0.245,0.373,0.37,0.007,0.0222,90.005,4,1,1,2.13,Medium popularity
King of the Road,George Claymon,country,25,2022-04-20,2022,4,2020s,0.405,0.686,-9.472,0.105,0.672,0.0389,0.0,0.611,118.245,4,1,11,2.35,Low popularity
Ring of Fire,Johnny Cash,country,58,2002-02-12,2002,2,2000s,0.518,0.661,-8.004,0.431,0.676,0.0269,0.000158,0.267,104.565,4,1,7,2.6,Medium popularity
Always on My Mind,Jason Morrigan,country,39,2022-06-20,2022,6,2020s,0.421,0.62,-9.987,0.199,0.378,0.0257,4.64e-06,0.712,73.645,4,1,2,3.34,Low popularity
Crazy,Jess Sharon,country,35,2016-06-20,2016,6,2010s,0.404,0.537,-11.153,0.281,0.346,0.0272,0.000233,0.534,70.986,4,1,10,2.63,Low popularity
"Take Me Home, Country Roads (Original Version) [Remastered]",John Denver,country,33,2010-12-13,2010,12,2010s,0.445,0.455,-6.996,0.116,0.664,0.0264,0.0,0.663,81.953,4,1,9,3.16,Low popularity
"Forever and Ever, Amen",Randy Travis,country,54,2010-09-24,2010,9,2010s,0.68,0.701,-8.492,0.159,0.704,0.0264,1.51e-05,0.303,90.607,4,1,2,3.54,Medium popularity
Lay Down Sally,Monica Lopez,country,34,2014-06-20,2014,6,2010s,0.688,0.601,-7.871,0.11,0.785,0.0707,0.00103,0.474,165.002,4,1,2,3.62,Low popularity
"Please Help Me, I'm Falling",Hank Locklin,country,44,2003-03-03,2003,3,2000s,0.336,0.552,-10.712,0.324,0.553,0.0311,0.0,0.828,105.479,4,1,7,2.36,Medium popularity
Can’t Wait For You,Mary J. Blige,soul,39,2024-11-15,2024,11,2020s,0.717,0.702,-5.165,0.111,0.491,0.0889,1.88e-05,0.0607,91.068,4,1,0,3.52,Low popularity
Timeless,"Byron Juane, Kenyon Dixon",soul,32,2024-03-29,2024,3,2020s,0.538,0.579,-6.942,0.0876,0.369,0.131,0.0,0.582,115.011,4,1,7,3.42,Low popularity
DO 4 LOVE,Snoh Aalegra,soul,66,2021-10-29,2021,10,2020s,0.142,0.367,-12.717,0.107,0.1,0.0319,0.00367,0.913,69.827,4,0,6,3.16,Medium popularity
Anyways,Elmiene,soul,48,2024-10-21,2024,10,2020s,0.364,0.365,-11.528,0.104,0.184,0.046,0.000753,0.834,123.872,3,1,8,2.95,Medium popularity
When I'm in Your Arms,Cleo Sol,soul,64,2020-03-27,2020,3,2020s,0.462,0.596,-10.605,0.112,0.655,0.0589,0.0581,0.476,173.866,4,1,0,5.59,Medium popularity
Out My Hair,Mack Keane,soul,39,2024-10-25,2024,10,2020s,0.462,0.717,-9.542,0.0673,0.803,0.132,0.000155,0.19,173.978,4,1,5,3.01,Low popularity
YA YA,Beyoncé,soul,63,2024-03-29,2024,3,2020s,0.904,0.617,-5.371,0.507,0.764,0.341,0.0,0.317,151.926,4,1,11,4.58,Medium popularity
Glad You Came,Mario,soul,52,2024-11-08,2024,11,2020s,0.782,0.613,-7.498,0.0992,0.511,0.0601,0.000112,0.369,79.979,4,1,0,2.43,Medium popularity
Good & Plenty,"Alex Isley, Masego, Jack Dine",soul,63,2020-07-17,2020,7,2020s,0.619,0.658,-7.316,0.0951,0.354,0.0772,0.0667,0.788,136.077,4,0,9,3.41,Medium popularity
somebody new,Mac Ayres,soul,46,2024-11-08,2024,11,2020s,0.188,0.449,-13.996,0.326,0.151,0.0434,3.24e-06,0.983,75.085,4,0,6,4.45,Medium popularity
Go Baby,Cleo Sol,soul,63,2023-09-15,2023,9,2020s,0.176,0.574,-10.924,0.119,0.497,0.213,0.437,0.928,78.929,4,0,8,3.94,Medium popularity
alone,Tiana Major9,soul,44,2024-11-11,2024,11,2020s,0.574,0.525,-8.071,0.114,0.472,0.171,0.000167,0.146,140.592,4,0,5,3.1,Medium popularity
Fear When You Fly,Cleo Sol,soul,61,2024-11-01,2024,11,2020s,0.184,0.451,-16.144,0.0978,0.21,0.0397,0.0414,0.554,146.701,4,0,4,3.67,Medium popularity
In Limbo,"Pale Jay, Ironsides",soul,59,2024-04-02,2024,4,2020s,0.44,0.236,-9.163,0.249,0.38,0.0299,0.573,0.767,98.615,3,1,8,3.26,Medium popularity
HiYA,Ray Lozano,soul,47,2024-11-07,2024,11,2020s,0.627,0.701,-7.141,0.211,0.749,0.0864,0.103,0.453,139.915,4,0,7,2.97,Medium popularity
God Gave Me Feet For Dancing (feat. Yazmin Lacey),"Ezra Collective, Yazmin Lacey",soul,58,2024-06-18,2024,6,2020s,0.662,0.669,-9.433,0.0942,0.469,0.0594,0.0215,0.49,118.009,4,0,7,3.99,Medium popularity
Free Fallin',Amaria,soul,48,2024-10-11,2024,10,2020s,0.233,0.724,-14.119,0.0919,0.384,0.153,0.0279,0.513,154.026,4,1,0,2.3,Medium popularity
Messy,Olivia Dean,soul,57,2023-06-30,2023,6,2020s,0.447,0.609,-10.852,0.0907,0.444,0.0317,0.0453,0.813,145.886,4,1,9,3.72,Medium popularity
I USED TO (feat. Baby Rose),"Leon Thomas, Baby Rose",soul,53,2024-09-27,2024,9,2020s,0.57,0.606,-8.876,0.221,0.663,0.122,4.8e-06,0.454,89.726,4,0,5,3.47,Medium popularity
Made For Me (with Mariah Carey),"Muni Long, Mariah Carey",soul,56,2024-05-21,2024,5,2020s,0.481,0.675,-6.315,0.0964,0.078,0.0336,0.0,0.141,119.783,4,0,7,3.15,Medium popularity
All I Want Is You,"October London, Boney James",soul,45,2024-10-11,2024,10,2020s,0.645,0.65,-7.073,0.0954,0.598,0.201,8.41e-06,0.248,83.025,4,0,10,3.32,Medium popularity
DESERT EAGLE,Beyoncé,soul,56,2024-03-29,2024,3,2020s,0.489,0.691,-8.461,0.328,0.662,0.0539,1.61e-06,0.645,85.032,4,1,0,1.21,Medium popularity
SOS (Sex on Sight) (feat. USHER),"Victoria Monét, USHER",soul,55,2024-08-27,2024,8,2020s,0.47,0.641,-8.889,0.139,0.425,0.0376,0.0317,0.219,128.047,4,1,6,4.42,Medium popularity
Promises,Cleo Sol,soul,59,2021-08-20,2021,8,2020s,0.266,0.797,-13.758,0.0969,0.683,0.0415,0.0368,0.289,92.011,4,1,1,4.41,Medium popularity
Sweet Little Rainbows,Allen Stone,soul,34,2024-10-25,2024,10,2020s,0.624,0.518,-3.469,0.0612,0.705,0.317,1.38e-06,0.361,175.94,4,1,1,3.73,Low popularity
Smoke,Ari Lennox,soul,50,2024-10-18,2024,10,2020s,0.814,0.688,-4.614,0.274,0.761,0.0452,0.0,0.0196,107.094,4,1,8,3.05,Medium popularity
Light Work,Elmiene,soul,56,2024-08-19,2024,8,2020s,0.76,0.582,-6.079,0.605,0.543,0.126,2.09e-06,0.218,87.934,4,0,7,3.62,Medium popularity
You Ain't The Only One,Mary J. Blige,soul,47,2024-10-18,2024,10,2020s,0.693,0.714,-4.955,0.18,0.586,0.266,0.0,0.0417,91.973,4,0,10,2.8,Medium popularity
Fight for Love,SAULT,soul,55,2022-11-11,2022,11,2020s,0.411,0.836,-9.084,0.0913,0.845,0.0325,0.382,0.42,90.876,4,0,6,4.96,Medium popularity
Space,Mario,soul,44,2024-09-27,2024,9,2020s,0.496,0.703,-8.948,0.292,0.418,0.216,6.73e-05,0.107,172.008,4,1,10,3.81,Medium popularity
Waiting on the Right Time,Thee Sacred Souls,soul,47,2024-09-10,2024,9,2020s,0.566,0.551,-8.303,0.124,0.722,0.0421,2.45e-05,0.177,137.521,4,1,4,3.66,Medium popularity
Celebrate,"Jordan Rakei, STUTS",soul,54,2024-11-08,2024,11,2020s,0.381,0.605,-8.369,0.0844,0.132,0.115,0.0,0.575,82.939,4,1,0,3.72,Medium popularity
Anyone In Love,Jalen Ngonda,soul,53,2024-09-26,2024,9,2020s,0.539,0.537,-6.772,0.293,0.548,0.0256,7.45e-05,0.277,76.796,4,0,4,3.12,Medium popularity
Crystal Tears,Elmiene,soul,54,2024-03-13,2024,3,2020s,0.418,0.688,-10.023,0.121,0.338,0.037,0.000873,0.67,129.959,4,0,5,3.99,Medium popularity
Simply Beautiful,Maxwell,soul,49,2024-08-02,2024,8,2020s,0.45,0.595,-9.878,0.14,0.483,0.04,0.0167,0.75,132.951,4,0,9,4.3,Medium popularity
That's You,Lucky Daye,soul,54,2023-11-01,2023,11,2020s,0.488,0.626,-7.416,0.0668,0.554,0.0431,0.0,0.429,64.942,4,1,2,4.18,Medium popularity
Something We Can Make Love To,"Eric Benét, Tamar Braxton",soul,44,2024-06-28,2024,6,2020s,0.575,0.441,-6.092,0.208,0.291,0.128,0.0,0.305,189.935,4,0,4,3.52,Medium popularity
That's What I Love,Leon Bridges,soul,54,2024-09-27,2024,9,2020s,0.527,0.619,-10.313,0.0977,0.692,0.0331,0.008,0.388,142.056,4,0,7,3.77,Medium popularity
All I Want Is You [Feat. October London],"Boney James, October London",soul,45,2024-07-19,2024,7,2020s,0.622,0.627,-7.954,0.127,0.656,0.247,7.8e-06,0.474,83.043,4,0,10,3.34,Medium popularity
Don't Sleep (feat. Thundercat),"Victoria Monét, Thundercat",soul,53,2024-10-04,2024,10,2020s,0.658,0.719,-7.517,0.139,0.362,0.103,0.0484,0.475,85.984,4,1,11,3.81,Medium popularity
MoveOn,"NxWorries, Anderson .Paak, Knxwledge",soul,49,2024-06-14,2024,6,2020s,0.626,0.565,-14.123,0.11,0.833,0.043,0.536,0.632,159.94,4,0,11,2.8,Medium popularity
2 Much,Qendresa,soul,53,2024-02-22,2024,2,2020s,0.388,0.752,-8.251,0.1,0.534,0.0803,0.00988,0.311,80.018,3,0,5,3.33,Medium popularity
Bend,Wizkid,afrobeats,46,2024-11-22,2024,11,2020s,0.816,0.809,-6.056,0.0798,0.788,0.0509,0.00566,0.0181,113.053,4,1,0,2.55,Medium popularity
Bad Vibes (feat. Seyi Vibez),"Ayra Starr, Seyi Vibez",afrobeats,59,2024-05-09,2024,5,2020s,0.672,0.694,-5.527,0.277,0.804,0.127,0.0,0.307,96.003,4,0,1,2.81,Medium popularity
Higher,Burna Boy,afrobeats,63,2024-06-27,2024,6,2020s,0.512,0.784,-8.694,0.312,0.842,0.0944,0.000334,0.0951,116.945,4,1,0,2.29,Medium popularity
Lomo Lomo,"KiDi, Black Sherif",afrobeats,61,2024-07-30,2024,7,2020s,0.588,0.819,-7.52,0.113,0.705,0.0455,8.47e-05,0.558,111.006,4,0,6,2.92,Medium popularity
Saint Tropez,"Juls, Victony",afrobeats,51,2024-10-25,2024,10,2020s,0.414,0.847,-10.959,0.11,0.465,0.153,0.0,0.243,111.99,4,0,10,2.43,Medium popularity
Favourite Girl (with Rema),"Darkoo, Rema",afrobeats,61,2024-08-08,2024,8,2020s,0.812,0.455,-3.455,0.199,0.823,0.211,0.0,0.372,100.049,4,1,8,3.07,Medium popularity
Marhaba,Kizz Daniel,afrobeats,65,2024-09-25,2024,9,2020s,0.765,0.598,-4.93,0.0225,0.844,0.323,0.0,0.275,84.978,4,0,5,2.4,Medium popularity
everyday,Fireboy DML,afrobeats,61,2024-05-02,2024,5,2020s,0.657,0.887,-5.784,0.106,0.932,0.0908,0.000363,0.153,100.104,4,1,9,2.77,Medium popularity
Asylum,Olivetheboy,afrobeats,62,2024-03-01,2024,3,2020s,0.592,0.824,-7.599,0.121,0.754,0.0448,0.0617,0.674,108.081,4,0,0,3.04,Medium popularity
新時代 - ウタ from ONE PIECE FILM RED,Ado,j-pop,58,2022-06-08,2022,6,2020s,0.986,0.494,-2.262,0.334,0.421,0.243,4.41e-06,0.0505,175.003,4,1,7,3.8,Medium popularity
SPECIALZ,King Gnu,j-pop,65,2023-11-29,2023,11,2020s,0.886,0.56,-4.588,0.355,0.601,0.0657,0.0,0.0593,117.064,4,0,6,3.9,Medium popularity
廻廻奇譚,Eve,j-pop,53,2020-12-23,2020,12,2020s,0.91,0.585,-3.703,0.19,0.602,0.0917,0.0,0.0138,92.591,4,0,5,3.69,Medium popularity
ミックスナッツ,OFFICIAL HIGE DANDISM,j-pop,57,2022-04-15,2022,4,2020s,0.918,0.542,-5.074,0.259,0.784,0.0937,0.0,0.0101,150.094,4,1,6,3.56,Medium popularity
One Last Kiss,Hikaru Utada,j-pop,59,2021-03-09,2021,3,2020s,0.54,0.592,-11.249,0.0965,0.354,0.0587,0.00187,0.692,111.955,4,0,8,4.2,Medium popularity
炎,LiSA,j-pop,59,2020-10-12,2020,10,2020s,0.685,0.477,-4.554,0.277,0.308,0.0325,0.0,0.105,152.04,4,1,2,4.58,Medium popularity
すずめ,"RADWIMPS, Toaka",j-pop,49,2022-09-30,2022,9,2020s,0.415,0.571,-6.572,0.187,0.342,0.0305,0.0,0.615,78.025,4,0,2,3.94,Medium popularity
青春コンプレックス,結束バンド,j-pop,55,2022-10-09,2022,10,2020s,0.939,0.37,-2.056,0.148,0.463,0.12,2.14e-06,0.00165,190.066,4,0,7,3.42,Medium popularity
トウキョウ・シャンディ・ランデヴ,"MAISONdes, 花譜, ツミキ",j-pop,55,2022-10-21,2022,10,2020s,0.973,0.734,-1.789,0.0718,0.91,0.0754,0.000548,0.0435,137.024,4,0,6,3.08,Medium popularity
オレンジ,SPYAIR,j-pop,65,2024-02-14,2024,2,2020s,0.878,0.402,-4.367,0.173,0.358,0.0846,0.0,0.000242,100.267,4,1,2,3.92,Medium popularity
花になって - Be a flower,Ryokuoushoku Shakai,j-pop,67,2023-10-29,2023,10,2020s,0.953,0.569,-2.018,0.071,0.477,0.109,5.78e-06,0.166,96.047,3,0,10,3.32,Medium popularity
LOST IN PARADISE,"ALI, AKLO",j-pop,64,2020-10-10,2020,10,2020s,0.904,0.648,-4.565,0.0629,0.728,0.0786,2.07e-06,0.0961,121.994,4,0,6,5.47,Medium popularity
Symphony Of Destruction,Megadeth,metal,64,1992-07-14,1992,7,1990s,0.889,0.61,-5.452,0.0657,0.506,0.0585,0.0865,0.000794,139.903,4,0,4,4.11,Medium popularity
Down with the Sickness,Disturbed,metal,60,2010-03-22,2010,3,2010s,0.896,0.649,-2.704,0.102,0.924,0.056,1.19e-05,0.000319,90.009,4,0,10,4.65,Medium popularity
Hellraiser - 30th Anniversary Edition,"Ozzy Osbourne, Lemmy, Motörhead",metal,54,2021-09-13,2021,9,2020s,0.934,0.624,-3.229,0.106,0.411,0.0436,2.67e-05,0.00232,96.038,4,1,4,4.93,Medium popularity
Holy Wars...The Punishment Due - 2004 Remix,Megadeth,metal,65,1990-10-04,1990,10,1990s,0.985,0.325,-3.941,0.351,0.221,0.151,0.107,0.00177,125.307,4,1,11,6.54,Medium popularity
Roots Bloody Roots,Sepultura,metal,63,1996-02-20,1996,2,1990s,0.874,0.428,-6.664,0.311,0.261,0.128,0.0419,0.000337,119.708,4,0,4,3.54,Medium popularity
Painkiller,Judas Priest,metal,64,1990-09-26,1990,9,1990s,0.987,0.435,-4.667,0.268,0.1,0.16,0.0879,0.000195,103.162,4,0,1,6.1,Medium popularity
Pull Me Under,Dream Theater,metal,60,1992-06-30,1992,6,1990s,0.941,0.532,-9.025,0.15,0.278,0.0465,0.0527,0.000579,102.198,4,1,9,8.23,Medium popularity
Wait and Bleed,Slipknot,metal,65,2009-09-09,2009,9,2000s,0.996,0.382,-4.119,0.417,0.327,0.104,0.0,0.00208,93.345,4,1,7,2.46,Medium popularity
War Eternal,Arch Enemy,metal,57,2014-06-10,2014,6,2010s,0.98,0.445,-4.369,0.129,0.285,0.0731,0.163,2.45e-05,155.045,4,0,5,4.27,Medium popularity
Raise Your Horns,Amon Amarth,metal,35,2016-03-25,2016,3,2010s,0.876,0.46,-5.39,0.151,0.499,0.045,0.798,6.85e-05,164.992,3,1,5,4.4,Low popularity
19,Dan Whitlam,hip-hop,40,2024-11-13,2024,11,2020s,0.63,0.732,-7.896,0.0996,0.47,0.232,5.52e-05,0.502,97.972,4,1,0,3.43,Medium popularity
Non Stop Action,"Ki!, Al Agami",hip-hop,15,2024-11-08,2024,11,2020s,0.869,0.33,-9.003,0.138,0.457,0.325,0.000557,0.0831,169.972,4,0,11,5.36,Low popularity
Keep It Alive,"Alias Molombo, Skee",hip-hop,29,2024-11-08,2024,11,2020s,0.789,0.743,-7.14,0.314,0.663,0.27,0.0,0.123,92.998,4,1,7,2.42,Low popularity
LAST NIGHT WAS LOVELY,STRIPE,hip-hop,18,2024-11-14,2024,11,2020s,0.8,0.786,-4.603,0.117,0.734,0.0971,0.00023,0.456,108.013,4,1,6,2.48,Low popularity
Words of Wisdom,Aastn,hip-hop,19,2024-11-01,2024,11,2020s,0.671,0.667,-8.867,0.113,0.463,0.279,0.0,0.358,84.902,4,0,10,3.58,Low popularity
breathe,Earl Hondo,hip-hop,14,2024-11-13,2024,11,2020s,0.675,0.665,-10.243,0.331,0.517,0.1,0.0,0.262,179.97,4,0,6,2.91,Low popularity
2 BOLD,Jomega,hip-hop,11,2024-11-01,2024,11,2020s,0.649,0.861,-3.713,0.0989,0.673,0.0988,0.00013,0.0867,105.969,4,1,8,2.13,Low popularity
Worldwide,"MC Random, Mista Ed",hip-hop,22,2024-10-04,2024,10,2020s,0.71,0.816,-5.303,0.059,0.614,0.154,0.000132,0.0257,94.044,4,0,1,3.49,Low popularity
GOSSIP,Killloane,hip-hop,23,2024-11-01,2024,11,2020s,0.669,0.941,-8.756,0.0959,0.589,0.366,2e-05,0.0399,128.034,4,0,4,1.25,Low popularity
Talk Show,Humble Francis,hip-hop,20,2024-11-08,2024,11,2020s,0.367,0.921,-8.324,0.0902,0.512,0.184,0.676,0.0907,140.04,4,1,1,3.28,Low popularity
Hoopty,The ART MuZeum,hip-hop,13,2024-06-18,2024,6,2020s,0.71,0.611,-7.933,0.123,0.552,0.369,0.0,0.457,85.931,4,1,7,2.92,Low popularity
Caesar,Inventor Ace,hip-hop,30,2024-10-11,2024,10,2020s,0.663,0.927,-7.546,0.0674,0.621,0.278,0.000335,0.0253,129.987,4,1,2,2.22,Low popularity
Back in 09,Voodoo Benji,hip-hop,12,2024-11-07,2024,11,2020s,0.65,0.862,-8.732,0.0932,0.95,0.341,0.0,0.602,139.938,4,0,11,3.02,Low popularity
Don't You Cry,ROC,hip-hop,19,2024-11-08,2024,11,2020s,0.721,0.468,-7.155,0.304,0.811,0.41,0.0,0.35,173.048,4,0,4,2.64,Low popularity
NEW CHOP,Malone the Chemist,hip-hop,14,2024-11-08,2024,11,2020s,0.743,0.591,-6.769,0.242,0.603,0.305,3.15e-06,0.0231,149.917,4,0,7,3.47,Low popularity
BIG DEAL,Pink Jagg,hip-hop,17,2024-08-30,2024,8,2020s,0.595,0.815,-8.061,0.0735,0.566,0.175,0.064,0.438,94.006,4,0,9,2.97,Low popularity
"Wifey, Shordy, Bae",G DUBS,hip-hop,18,2024-11-07,2024,11,2020s,0.639,0.563,-9.439,0.0874,0.528,0.356,0.0,0.0814,102.342,5,1,0,2.54,Low popularity
I Can See Clearly Now,Jimmy Cliff,reggae,58,1995-08-10,1995,8,1990s,0.618,0.81,-10.581,0.0296,0.804,0.0382,0.000254,0.0139,120.063,4,1,7,3.25,Medium popularity
Here I Come,Barrington Levy,reggae,56,2012-12-14,2012,12,2010s,0.663,0.586,-6.547,0.198,0.693,0.0825,0.0,0.161,170.743,4,0,4,3.62,Medium popularity
True To Myself,Ziggy Marley,reggae,51,2007-12-28,2007,12,2000s,0.553,0.881,-7.376,0.0639,0.835,0.0487,0.0,0.075,99.022,4,1,1,3.75,Medium popularity
Stone Love,Pepper,reggae,58,2002-03-26,2002,3,2000s,0.478,0.837,-5.861,0.0569,0.81,0.0627,0.00129,0.0571,78.746,4,0,6,4.25,Medium popularity
All My Loving,Prince Buster,reggae,51,2016-04-01,2016,4,2010s,0.439,0.771,-5.835,0.13,0.892,0.1,0.000452,0.974,157.436,4,0,0,1.83,Medium popularity
If I Ruled the World (Imagine That) (feat. Lauryn Hill),"Nas, Ms. Lauryn Hill",hip-hop,67,1996-07-02,1996,7,1990s,0.564,0.879,-7.682,0.0519,0.523,0.247,9.43e-06,0.0474,93.908,4,0,10,4.71,Medium popularity
93 'Til Infinity,Souls Of Mischief,hip-hop,67,1993-02-13,1993,2,1990s,0.672,0.59,-11.792,0.147,0.688,0.412,1.04e-06,0.125,206.247,4,1,1,4.77,Medium popularity
Ms. Fat Booty,Mos Def,hip-hop,67,1999-10-12,1999,10,1990s,0.589,0.782,-4.827,0.164,0.869,0.189,0.0,0.148,90.438,4,1,1,3.73,Medium popularity
Intergalactic - Remastered 2009,Beastie Boys,hip-hop,66,1998-07-14,1998,7,1990s,0.864,0.734,-6.119,0.246,0.47,0.303,9.85e-06,0.022,105.932,4,1,2,3.86,Medium popularity
Keep Their Heads Ringin',Dr. Dre,hip-hop,66,1995-03-07,1995,3,1990s,0.737,0.671,-5.131,0.0596,0.197,0.108,0.00344,0.0338,90.519,4,1,0,5.17,Medium popularity
Big Pimpin',"JAY-Z, UGK",hip-hop,66,1999-12-28,1999,12,1990s,0.814,0.88,-6.307,0.0584,0.942,0.14,0.00672,0.168,138.083,4,0,11,4.72,Medium popularity
Jump,Kris Kross,hip-hop,65,1992-03-17,1992,3,1990s,0.745,0.749,-10.625,0.333,0.481,0.164,0.00403,0.000501,101.972,4,1,2,3.25,Medium popularity
Electric Relaxation,A Tribe Called Quest,hip-hop,65,1999-10-26,1999,10,1990s,0.534,0.866,-9.201,0.0929,0.841,0.229,0.266,0.184,98.243,4,1,11,3.77,Medium popularity
Tha Crossroads,Bone Thugs-N-Harmony,hip-hop,65,1995-07-25,1995,7,1990s,0.509,0.679,-7.31,0.438,0.534,0.0617,0.0,0.0856,144.29,4,1,4,3.73,Medium popularity
Full Clip,Gang Starr,hip-hop,64,1999-07-13,1999,7,1990s,0.745,0.875,-5.878,0.287,0.75,0.269,2.4e-06,0.0227,95.203,4,1,1,3.62,Medium popularity
Who Shot Ya? - 2005 Remaster,The Notorious B.I.G.,hip-hop,64,1994-09-13,1994,9,1990s,0.682,0.831,-5.697,0.494,0.6,0.238,0.0,0.256,91.771,4,1,7,5.32,Medium popularity
This D.J.,"Warren G, O.G.L.B.",hip-hop,64,1994-06-07,1994,6,1990s,0.443,0.804,-10.268,0.112,0.58,0.134,0.0225,0.0312,92.035,4,0,6,3.38,Medium popularity
Twinz (feat. Fat Joe),"Big Pun, Fat Joe",hip-hop,64,1998-04-28,1998,4,1990s,0.763,0.634,-7.216,0.237,0.519,0.323,3.4e-06,0.32,94.981,4,1,0,3.8,Medium popularity
Protect Ya Neck,Wu-Tang Clan,hip-hop,64,1993-11-09,1993,11,1990s,0.509,0.822,-12.31,0.771,0.823,0.415,7.26e-06,0.0353,102.007,4,0,8,4.85,Medium popularity
I Get Around,"2Pac, Digital Underground",hip-hop,66,1993-02-16,1993,2,1990s,0.416,0.846,-13.767,0.238,0.645,0.118,9.34e-06,0.156,96.188,4,0,10,4.32,Medium popularity
Hard Knock Life (Ghetto Anthem),JAY-Z,hip-hop,64,1998-11-29,1998,11,1990s,0.679,0.884,-5.857,0.0289,0.591,0.282,0.00209,0.0957,76.993,4,0,10,3.97,Medium popularity
Nas Is Like,Nas,hip-hop,64,1999-04-06,1999,4,1990s,0.845,0.634,-5.058,0.0598,0.929,0.352,5.29e-06,0.00602,94.0,4,0,11,3.95,Medium popularity
"Burning Heart - From ""Rocky IV"" Soundtrack",Survivor,rock,65,1993-01-01,1993,1,1990s,0.609,0.652,-9.684,0.0573,0.646,0.028,8.79e-06,0.298,98.125,4,0,9,3.84,Medium popularity
Oh qu'elle est belle,"Jul, DYSTINCT",hip-hop,66,2024-01-19,2024,1,2020s,0.501,0.619,-8.228,0.113,0.623,0.174,0.000808,0.662,97.419,3,0,7,3.67,Medium popularity
Faut pas,"PLK, Jul",hip-hop,67,2024-02-01,2024,2,2020s,0.668,0.814,-6.474,0.152,0.716,0.299,0.0,0.0248,135.979,4,1,11,2.32,Medium popularity
Ailleurs,Josman,hip-hop,62,2023-10-28,2023,10,2020s,0.593,0.738,-8.461,0.11,0.477,0.28,0.0,0.357,72.494,4,0,10,2.76,Medium popularity
barcelona92,"Green Montana, SDM",hip-hop,64,2024-04-04,2024,4,2020s,0.53,0.727,-9.169,0.101,0.444,0.309,0.000392,0.434,122.949,4,0,0,2.87,Medium popularity
Step,T-Koor,hip-hop,55,2024-08-07,2024,8,2020s,0.722,0.637,-8.651,0.115,0.39,0.0995,0.0,0.126,115.592,4,0,6,2.32,Medium popularity
Sensations,Jul,hip-hop,44,2023-12-08,2023,12,2020s,0.56,0.888,-7.0,0.114,0.859,0.0449,2.24e-06,0.475,139.971,4,0,8,4.36,Medium popularity
NOTRE DAME,"Gazo, Tiakola",hip-hop,60,2023-12-01,2023,12,2020s,0.668,0.605,-7.03,0.165,0.567,0.0817,0.0,0.203,147.078,4,0,10,3.61,Medium popularity
CARTIER,"Gazo, Tiakola",hip-hop,64,2023-12-01,2023,12,2020s,0.678,0.735,-5.395,0.0936,0.708,0.0959,3.97e-05,0.575,145.9,4,1,6,3.82,Medium popularity
LOCO,"GIMS, Lossa",hip-hop,58,2024-01-25,2024,1,2020s,0.661,0.776,-5.663,0.143,0.963,0.0534,6.7e-06,0.481,122.058,4,0,6,2.69,Medium popularity
777,RST,hip-hop,45,2024-09-13,2024,9,2020s,0.408,0.777,-10.604,0.105,0.346,0.0601,0.0113,0.0527,102.029,4,1,1,2.85,Medium popularity
Merco Benz,Key Largo,hip-hop,37,2020-07-09,2020,7,2020s,0.404,0.92,-7.815,0.0869,0.523,0.468,7.84e-06,0.232,106.933,4,0,2,2.39,Low popularity
Aller sans retour,"Zola, Koba LaD",hip-hop,45,2023-12-08,2023,12,2020s,0.723,0.579,-5.598,0.0829,0.623,0.278,1.67e-05,0.263,182.912,3,1,6,2.94,Medium popularity
J'fais plaisir à la zone,"Jul, SDM",hip-hop,51,2023-12-07,2023,12,2020s,0.73,0.781,-6.663,0.133,0.581,0.144,0.0,0.0186,133.021,4,0,11,3.05,Medium popularity
ON DÉGAINE,Guy2Bezbar,hip-hop,49,2023-11-17,2023,11,2020s,0.791,0.804,-3.398,0.113,0.422,0.0804,0.0,0.214,118.652,4,1,1,1.96,Medium popularity
Amer,"Le U, Akim Beats",hip-hop,27,2024-07-25,2024,7,2020s,0.564,0.807,-8.764,0.126,0.595,0.11,0.0,0.133,102.009,4,0,0,2.36,Low popularity
Chaque matin,"Key Largo, LEDG",hip-hop,38,2018-01-24,2018,1,2010s,0.531,0.924,-5.954,0.114,0.532,0.453,0.0,0.142,122.03,4,1,3,4.2,Low popularity
LOYAL,La Fève,hip-hop,41,2023-11-23,2023,11,2020s,0.5,0.638,-10.852,0.159,0.336,0.102,2.16e-06,0.478,147.065,4,1,0,3.8,Medium popularity
intensément,AMO,hip-hop,25,2024-10-04,2024,10,2020s,0.572,0.578,-10.928,0.108,0.328,0.103,6.91e-05,0.329,75.903,4,0,5,2.26,Low popularity
Les Flammes,Josman,hip-hop,51,2023-10-28,2023,10,2020s,0.584,0.795,-6.726,0.0801,0.686,0.316,0.0,0.239,143.951,4,0,2,3.22,Medium popularity
HELLO (feat. JEY BROWNIE & Josman),"Guy2Bezbar, JEY BROWNIE, Josman",hip-hop,45,2023-11-17,2023,11,2020s,0.676,0.772,-7.145,0.175,0.459,0.146,2.11e-06,0.258,129.914,4,0,8,3.11,Medium popularity
VIBES,Favé,hip-hop,60,2023-10-13,2023,10,2020s,0.7,0.871,-5.93,0.102,0.543,0.206,4.21e-05,0.079,94.054,4,1,2,2.24,Medium popularity
Magot,"Werenoi, SCH",hip-hop,46,2023-09-21,2023,9,2020s,0.747,0.534,-6.412,0.21,0.523,0.315,0.0,0.231,98.229,3,0,1,3.27,Medium popularity
Gaza,"Un jour de paix, PNL",hip-hop,51,2023-12-09,2023,12,2020s,0.817,0.509,-6.211,0.339,0.139,0.058,0.233,0.363,117.88,4,1,5,4.55,Medium popularity
Hot Mess,aespa,k-pop,62,2024-07-03,2024,7,2020s,0.602,0.709,-5.054,0.312,0.844,0.273,6.3e-05,0.12,159.971,4,1,7,3.24,Medium popularity
Boom Boom Bass,RIIZE,k-pop,63,2024-06-17,2024,6,2020s,0.759,0.811,-4.24,0.145,0.83,0.0535,9.24e-06,0.0197,117.005,4,0,5,2.55,Medium popularity
Cosmic,Red Velvet,k-pop,61,2024-06-24,2024,6,2020s,0.568,0.72,-4.483,0.164,0.634,0.051,0.0,0.0323,105.964,4,1,1,3.76,Medium popularity
Give Me That - Korean Version,WayV,k-pop,50,2024-06-03,2024,6,2020s,0.879,0.546,-4.583,0.166,0.6,0.348,0.0,0.0296,105.036,4,0,2,2.94,Medium popularity
KING KONG,TREASURE,k-pop,54,2024-05-28,2024,5,2020s,0.831,0.765,-5.1,0.324,0.778,0.0476,0.0,0.024,120.007,4,0,5,3.27,Medium popularity
Siren,RIIZE,k-pop,49,2024-06-17,2024,6,2020s,0.828,0.807,-2.928,0.143,0.672,0.0628,7.91e-06,0.00101,104.978,4,1,1,2.47,Medium popularity
NANA,Yung Caza,latin,25,2024-11-08,2024,11,2020s,0.693,0.573,-6.22,0.196,0.837,0.321,0.00424,0.609,150.85,5,1,6,2.87,Low popularity
felices los 3,Auggie Velarde,latin,20,2024-10-08,2024,10,2020s,0.635,0.801,-5.716,0.088,0.286,0.0359,0.000489,0.282,119.037,4,1,7,2.55,Low popularity
No es Cierto - Versión Acústica,caoba,latin,18,2024-07-05,2024,7,2020s,0.268,0.458,-7.547,0.105,0.335,0.0386,0.0,0.806,179.277,4,1,2,2.44,Low popularity
Loto,"Sunny Laurent, 93bustdown, Scottie",latin,22,2024-04-04,2024,4,2020s,0.41,0.698,-11.064,0.11,0.189,0.24,0.0,0.0222,144.206,4,1,2,2.67,Low popularity
¿Puedo parar un instante?,Afroboy,latin,12,2023-12-01,2023,12,2020s,0.538,0.452,-12.384,0.118,0.318,0.251,0.0105,0.362,87.166,5,0,5,1.75,Low popularity
NO HAGO MUSIC PA PEGARME,Chill Vif,latin,13,2023-06-02,2023,6,2020s,0.338,0.656,-14.456,0.583,0.49,0.358,0.0,0.571,121.957,4,0,2,2.16,Low popularity
Gracias por Todo,RAFIK,latin,39,2024-08-16,2024,8,2020s,0.59,0.713,-6.314,0.191,0.494,0.0823,5.47e-05,0.604,82.983,4,0,1,2.6,Low popularity
5 Senti 2,Cupido,latin,35,2019-02-14,2019,2,2010s,0.501,0.683,-8.294,0.184,0.234,0.051,6.83e-06,0.76,135.204,4,1,0,2.87,Low popularity
U Know,Cupido,latin,38,2019-02-14,2019,2,2010s,0.571,0.699,-7.955,0.431,0.38,0.0447,0.0,0.278,124.915,4,0,4,3.28,Low popularity
No Sabes Mentir,Cupido,latin,42,2019-02-14,2019,2,2010s,0.876,0.784,-5.155,0.125,0.517,0.0329,0.0231,0.032,122.96,4,0,5,4.47,Medium popularity
Autoestima,Cupido,latin,39,2019-02-14,2019,2,2010s,0.453,0.79,-10.816,0.0996,0.591,0.0992,0.0,0.785,148.139,4,0,5,2.97,Low popularity
Be Honest,"Denilson, WMC",latin,12,2021-06-04,2021,6,2020s,0.528,0.842,-10.577,0.0481,0.476,0.0845,0.00346,0.157,105.972,4,1,5,2.32,Low popularity
Me Gusta,Gretch'N,latin,12,2023-11-03,2023,11,2020s,0.828,0.75,-4.453,0.0647,0.91,0.101,0.0,0.382,173.876,4,0,10,2.88,Low popularity
High,FL,latin,19,2024-08-23,2024,8,2020s,0.521,0.872,-7.14,0.0799,0.736,0.0837,0.00706,0.385,97.981,4,0,6,2.02,Low popularity
Dame,Felix Rovitto,latin,22,2024-04-19,2024,4,2020s,0.782,0.698,-6.726,0.0686,0.881,0.278,0.00467,0.194,189.901,4,0,10,2.26,Low popularity
Both Ways,WMC,latin,13,2022-07-15,2022,7,2020s,0.449,0.667,-11.041,0.0953,0.386,0.22,0.0432,0.407,199.905,4,0,6,2.79,Low popularity
Te Quiodio,Pol Granch,latin,33,2019-08-23,2019,8,2010s,0.546,0.487,-7.729,0.125,0.446,0.209,0.0,0.134,83.006,4,1,7,2.52,Low popularity
22:23,Don Patricio,latin,32,2019-12-23,2019,12,2010s,0.821,0.772,-4.889,0.0888,0.55,0.326,0.000231,0.036,175.818,4,0,6,3.36,Low popularity
Ya No Te Hago Falta,Sen Senra,latin,61,2019-11-29,2019,11,2010s,0.311,0.56,-8.508,0.0706,0.452,0.038,6.02e-05,0.934,180.05,4,1,9,2.69,Medium popularity
Por Ti,"Lucía Fernanda, Rocco S",latin,28,2020-03-27,2020,3,2020s,0.535,0.76,-8.255,0.0904,0.501,0.043,1.02e-05,0.65,139.871,4,1,0,2.7,Low popularity
Ojos de Serpiente,DORA,latin,32,2020-03-06,2020,3,2020s,0.272,0.597,-12.422,0.153,0.341,0.112,0.0,0.707,126.83,4,0,2,2.85,Low popularity
Dolores,Choclock,latin,26,2019-11-29,2019,11,2010s,0.415,0.836,-6.559,0.123,0.131,0.424,0.000523,0.0575,169.999,4,1,7,3.51,Low popularity
llueve,"Natalia Lacunza, mori",latin,31,2020-03-12,2020,3,2020s,0.413,0.46,-10.717,0.116,0.128,0.186,1.8e-06,0.776,84.999,4,1,0,3.28,Low popularity
untitled2,mori,latin,19,2019-06-09,2019,6,2010s,0.146,0.697,-18.848,0.137,0.432,0.042,0.00353,0.957,105.081,4,0,4,2.59,Low popularity
todo lo que hago cuando no estás,mori,latin,24,2020-03-06,2020,3,2020s,0.337,0.669,-11.434,0.123,0.297,0.0416,0.0119,0.821,120.03,4,1,7,3.24,Low popularity
licor y hielos,Kiddie Gang,latin,22,2020-02-12,2020,2,2020s,0.584,0.674,-9.355,0.207,0.098,0.449,0.229,0.363,106.66,3,1,1,2.64,Low popularity
309,Nsqk,latin,57,2020-01-31,2020,1,2020s,0.308,0.366,-11.427,0.0932,0.0999,0.0382,2.23e-05,0.247,118.915,4,1,4,3.57,Medium popularity
En Verano,Gabriela Richardson,latin,22,2019-07-26,2019,7,2010s,0.737,0.612,-6.246,0.101,0.532,0.284,0.0244,0.763,171.924,4,1,1,2.51,Low popularity
Cacería,Yarea,latin,19,2020-04-03,2020,4,2020s,0.585,0.775,-10.405,0.213,0.446,0.261,0.307,0.509,113.312,5,1,9,2.76,Low popularity
vanish,"$kyhook, mori",latin,25,2020-04-24,2020,4,2020s,0.35,0.456,-12.743,0.0838,0.233,0.0388,0.024,0.665,161.747,4,1,1,3.9,Low popularity
I Had a Dream,LANE,latin,15,2020-02-21,2020,2,2020s,0.655,0.691,-5.854,0.243,0.187,0.0703,3.83e-06,0.339,100.002,4,0,9,3.24,Low popularity
Por Si Apareces,Alice Wonder,latin,31,2020-04-24,2020,4,2020s,0.408,0.48,-10.184,0.0977,0.474,0.0497,0.0,0.648,119.43,5,0,7,4.56,Low popularity
Barcelona,"Pajaro Sunrise, Yuri Méndez",latin,44,2020-04-24,2020,4,2020s,0.304,0.889,-11.076,0.109,0.619,0.23,0.324,0.714,82.939,4,0,9,2.58,Medium popularity
Nunca Estoy,C. Tangana,latin,50,2020-04-23,2020,4,2020s,0.377,0.917,-5.132,0.298,0.398,0.161,0.00367,0.474,134.994,4,1,2,2.7,Medium popularity
Your Face,"Evol December, Duccbod",latin,22,2018-12-20,2018,12,2010s,0.656,0.554,-9.489,0.0878,0.438,0.5,0.0,0.766,131.372,4,0,7,5.21,Low popularity
Ojitos de Md,Axel Fiks,latin,47,2020-02-14,2020,2,2020s,0.357,0.764,-12.364,0.107,0.552,0.139,0.0,0.648,130.0,4,1,4,2.28,Medium popularity
Dos X Tres (Demo),"Sebastián Cortés, Roy Borland",latin,40,2019-09-23,2019,9,2010s,0.312,0.655,-13.075,0.147,0.454,0.246,0.305,0.54,103.195,4,0,6,2.52,Medium popularity
La Playa,Myke Towers,latin,63,2019-04-09,2019,4,2010s,0.683,0.796,-2.754,0.107,0.353,0.15,0.0,0.108,140.108,4,0,10,3.46,Medium popularity
5AM,Volver,latin,33,2020-02-28,2020,2,2020s,0.539,0.698,-7.3,0.122,0.213,0.0386,2.61e-05,0.414,120.071,4,1,0,3.61,Low popularity
Estoy que muerdo,Santi Pidal,latin,21,2020-01-27,2020,1,2020s,0.665,0.846,-9.437,0.0818,0.568,0.209,0.000665,0.12,100.05,4,1,0,2.43,Low popularity
No Sentir Nada,Marem Ladson,latin,21,2020-02-28,2020,2,2020s,0.567,0.635,-6.436,0.0898,0.439,0.0575,0.0153,0.756,103.049,4,0,6,3.74,Low popularity
Lejos de Mi,FLORIAN,latin,12,2020-04-10,2020,4,2020s,0.257,0.666,-10.862,0.103,0.337,0.0562,0.000263,0.229,70.01,4,1,5,3.74,Low popularity
Girasoles De Van Gogh,Cometta,latin,27,2020-05-07,2020,5,2020s,0.483,0.662,-10.701,0.482,0.492,0.133,0.00224,0.235,160.078,4,0,1,3.52,Low popularity
Como habla una mujer (feat. C. Tangana),"Paula Cendejas, C. Tangana",latin,48,2020-06-18,2020,6,2020s,0.766,0.667,-4.907,0.208,0.496,0.156,2.85e-05,0.389,179.945,4,0,11,3.45,Medium popularity
Antes de Morirme (Remix),GA,latin,23,2019-04-17,2019,4,2010s,0.775,0.66,-6.499,0.0915,0.372,0.311,0.000501,0.0549,195.812,4,0,8,4.08,Low popularity
no estás,daniel sabater,latin,27,2020-08-07,2020,8,2020s,0.33,0.861,-9.442,0.13,0.582,0.055,0.000157,0.601,119.003,4,1,6,2.74,Low popularity
Mal,"SAG, Lvtin Mvfia",latin,43,2020-06-05,2020,6,2020s,0.706,0.687,-5.4,0.11,0.758,0.276,0.172,0.0229,188.006,4,0,6,3.24,Medium popularity
Borracho,Sebastián Cortés,latin,30,2020-05-15,2020,5,2020s,0.548,0.84,-8.856,0.362,0.654,0.0773,0.0,0.107,93.014,4,1,5,3.19,Low popularity
Chiquillo,OjosPielCanela,latin,26,2019-11-28,2019,11,2010s,0.413,0.703,-13.929,0.352,0.5,0.122,0.0133,0.601,81.026,4,0,4,3.89,Low popularity
Trihte,Kimberley Tell,latin,26,2020-01-20,2020,1,2020s,0.438,0.802,-10.924,0.0687,0.263,0.0546,0.0143,0.314,139.963,4,1,0,3.8,Low popularity
Aguaceros,Vale,latin,18,2019-12-22,2019,12,2010s,0.449,0.611,-11.27,0.149,0.414,0.0338,0.000561,0.292,90.031,4,0,11,3.64,Low popularity
Barcelona,Frank Yates,latin,15,2019-08-02,2019,8,2010s,0.319,0.414,-13.505,0.349,0.377,0.0734,0.0,0.441,195.48,4,1,5,4.11,Low popularity
cómo quieres que me enfade,"daniel sabater, ROJAZ",latin,34,2020-04-16,2020,4,2020s,0.329,0.596,-8.283,0.0754,0.284,0.0501,0.0,0.577,180.005,3,1,9,2.67,Low popularity
Sueño (con Pablo Alborán),"Beret, Pablo Alborán",latin,54,2019-10-25,2019,10,2010s,0.613,0.667,-5.604,0.174,0.54,0.0412,0.0,0.372,105.064,4,0,8,3.09,Medium popularity
Islas Desiertas,Casero,latin,25,2020-03-19,2020,3,2020s,0.304,0.596,-13.116,0.127,0.0548,0.0341,0.237,0.00904,141.904,4,0,0,3.93,Low popularity
Ya,"Flavio, daniel sabater",latin,36,2020-10-30,2020,10,2020s,0.599,0.544,-7.942,0.365,0.656,0.204,1.23e-05,0.565,133.957,4,1,6,3.3,Low popularity
Nada Y Nadie,Sen Senra,latin,51,2020-05-06,2020,5,2020s,0.182,0.715,-13.393,0.301,0.393,0.0507,5.92e-05,0.73,128.009,3,0,5,3.4,Medium popularity
Me mata,Beret,latin,37,2019-10-25,2019,10,2010s,0.846,0.733,-3.692,0.0947,0.961,0.0662,0.0,0.309,176.009,4,1,7,2.96,Low popularity
Todo me sabe a poco,Alizzz,latin,28,2020-09-16,2020,9,2020s,0.554,0.779,-6.141,0.0965,0.397,0.0479,0.114,0.348,110.037,4,1,5,2.88,Low popularity
Oh Keira,Miren,latin,16,2019-08-21,2019,8,2010s,0.263,0.572,-9.056,0.123,0.289,0.0336,0.000189,0.882,68.056,3,0,1,2.24,Low popularity
Todo contigo,Yoly Saa,latin,36,2019-11-22,2019,11,2010s,0.507,0.852,-7.744,0.32,0.498,0.0692,4.99e-06,0.353,109.996,4,1,11,3.33,Low popularity
Mi Condena,"Vic Mirallas, MARO",latin,38,2020-06-19,2020,6,2020s,0.621,0.834,-6.63,0.184,0.723,0.402,0.000686,0.334,153.939,4,0,11,2.87,Low popularity
3weeks,mori,latin,19,2020-06-05,2020,6,2020s,0.328,0.637,-12.426,0.0927,0.2,0.0419,4.79e-05,0.79,110.015,4,0,9,2.91,Low popularity
Daiwal,"Marc Seguí, Xavibo",latin,33,2020-05-29,2020,5,2020s,0.476,0.802,-10.064,0.295,0.644,0.0563,0.0,0.292,97.945,4,1,9,2.89,Low popularity
This City Remix (con Camilo),"Sam Fischer, Camilo",latin,39,2020-05-28,2020,5,2020s,0.316,0.49,-8.089,0.0985,0.575,0.0669,0.0,0.765,147.96,4,1,11,3.28,Low popularity
Al Margen de Ojalá,Andrés Iwasaki,latin,26,2020-03-13,2020,3,2020s,0.417,0.61,-10.344,0.102,0.25,0.0451,0.127,0.348,122.976,4,0,4,5.44,Low popularity
corazón mármol,Alice Wonder,latin,21,2020-05-29,2020,5,2020s,0.495,0.484,-7.898,0.109,0.351,0.0462,0.0,0.573,152.967,3,0,5,3.85,Low popularity
No Te Debí Besar,"C. Tangana, Paloma Mami",latin,63,2019-09-12,2019,9,2010s,0.684,0.672,-5.682,0.183,0.62,0.316,0.0261,0.125,75.233,3,0,9,3.05,Medium popularity
Ritmo Desconocido,"Dan García, Sergio Mayer Mori",latin,20,2019-08-30,2019,8,2010s,0.644,0.7,-10.832,0.113,0.296,0.036,0.0124,0.231,115.001,4,0,8,5.3,Low popularity
Culpable,DEVA,latin,17,2020-11-13,2020,11,2020s,0.777,0.592,-8.631,0.106,0.109,0.256,2.08e-06,0.00868,196.076,4,0,6,3.64,Low popularity
Dimelo,Sofi de la Torre,latin,14,2019-10-18,2019,10,2010s,0.459,0.736,-10.097,0.111,0.459,0.0576,0.0,0.663,123.942,4,1,0,2.86,Low popularity
a otro lado,Natalia Lacunza,latin,42,2020-03-12,2020,3,2020s,0.3,0.741,-10.506,0.135,0.427,0.397,0.0,0.463,119.711,5,0,7,3.05,Medium popularity
Comerte Entera,"C. Tangana, Toquinho",latin,36,2021-01-14,2021,1,2020s,0.399,0.801,-7.296,0.239,0.359,0.107,1.5e-06,0.529,124.049,4,0,2,2.91,Low popularity
La Luna,Kora,latin,40,2021-01-14,2021,1,2020s,0.408,0.856,-11.207,0.271,0.542,0.0401,0.0759,0.874,104.975,4,0,9,2.48,Medium popularity
Mañana,"Xadi, Nina Cobham",latin,35,2020-10-29,2020,10,2020s,0.451,0.62,-9.896,0.101,0.313,0.157,0.0,0.887,99.795,4,0,3,2.87,Low popularity
La Luz - A COLORS SHOW,María José Llergo,latin,40,2020-11-16,2020,11,2020s,0.357,0.722,-10.487,0.0863,0.641,0.0996,0.155,0.814,149.895,4,0,9,3.19,Medium popularity
Verdadero,Marc Seguí,latin,28,2021-01-26,2021,1,2020s,0.456,0.735,-7.484,0.12,0.454,0.114,0.0,0.44,80.03,4,0,1,2.93,Low popularity
Mp3,Mario Puglia,latin,30,2020-06-26,2020,6,2020s,0.704,0.615,-6.255,0.422,0.484,0.0455,4.14e-05,0.405,87.941,4,1,4,3.02,Low popularity
Párteme La Cara,"C. Tangana, Ed Maverick",latin,63,2021-02-26,2021,2,2020s,0.296,0.761,-10.22,0.134,0.579,0.0484,0.000492,0.551,127.938,4,1,0,2.8,Medium popularity
menta,"daniel sabater, KICKBOMBO",latin,17,2021-03-05,2021,3,2020s,0.564,0.726,-9.121,0.121,0.519,0.141,0.0,0.479,144.96,4,1,0,2.59,Low popularity
Ebai,Marc Seguí,latin,29,2021-03-05,2021,3,2020s,0.557,0.702,-6.73,0.143,0.622,0.0287,0.000398,0.132,118.014,4,1,1,3.04,Low popularity
Don't Wanna Lie,LANE,latin,27,2020-07-09,2020,7,2020s,0.482,0.458,-8.626,0.0756,0.128,0.0538,0.0057,0.262,104.39,4,0,6,2.55,Low popularity
EGO,Bad Milk,latin,31,2021-01-28,2021,1,2020s,0.399,0.833,-4.876,0.139,0.788,0.0621,0.0,0.821,130.003,4,1,4,3.52,Low popularity
Arizona,"Lojay, Olamide",arabic,47,2023-11-24,2023,11,2020s,0.682,0.867,-4.423,0.0402,0.475,0.0438,2.47e-06,0.111,111.99,4,1,2,2.33,Medium popularity
Born Fi Dis,Balloranking,arabic,47,2023-11-20,2023,11,2020s,0.32,0.717,-13.804,0.0704,0.719,0.288,0.0,0.574,101.951,4,1,6,2.51,Medium popularity
Sakara,Zinoleesky,arabic,43,2023-12-15,2023,12,2020s,0.63,0.721,-5.716,0.135,0.819,0.275,0.0143,0.204,103.529,4,1,8,2.58,Medium popularity
Canada - Remix,"Magnito, Olamide, Wizzy Flon",arabic,43,2023-10-11,2023,10,2020s,0.869,0.85,-4.794,0.0841,0.848,0.0576,0.000327,0.486,111.997,4,0,10,2.86,Medium popularity
Sunny Ade,Zinoleesky,arabic,55,2024-01-05,2024,1,2020s,0.773,0.849,-6.921,0.244,0.172,0.168,0.000134,0.188,116.168,4,0,4,2.28,Medium popularity
My Brother,Bella Shmurda,arabic,47,2023-10-06,2023,10,2020s,0.415,0.552,-9.028,0.141,0.653,0.412,8.14e-06,0.8,133.741,5,1,5,2.64,Medium popularity
Disconnect,Young Jonn,arabic,51,2023-11-17,2023,11,2020s,0.699,0.757,-8.152,0.0815,0.493,0.254,2.36e-06,0.0478,111.885,4,0,2,2.29,Medium popularity
Account Balance,"Mohbad, Zlatan",arabic,45,2023-06-30,2023,6,2020s,0.769,0.863,-4.452,0.118,0.864,0.362,0.0,0.559,123.026,4,1,5,2.55,Medium popularity
Shazam,Seyi Vibez,arabic,36,2023-12-08,2023,12,2020s,0.61,0.464,-6.638,0.203,0.862,0.211,0.000164,0.414,184.421,4,1,9,2.73,Low popularity
Id.Me,Rybeena,arabic,57,2023-10-13,2023,10,2020s,0.62,0.604,-6.799,0.297,0.58,0.177,4.87e-05,0.633,98.253,4,1,0,2.82,Medium popularity
Never Ever,Shallipopi,arabic,51,2023-11-10,2023,11,2020s,0.538,0.727,-5.85,0.106,0.371,0.427,3.26e-06,0.478,66.691,5,0,6,2.4,Medium popularity
Man of The Year,Seyi Vibez,arabic,58,2023-06-23,2023,6,2020s,0.61,0.669,-7.075,0.163,0.416,0.0976,0.0,0.236,110.017,4,1,10,2.4,Medium popularity
Lowkey!,Mayorkun,arabic,45,2023-10-12,2023,10,2020s,0.783,0.734,-8.696,0.146,0.634,0.0344,4.95e-05,0.115,112.055,4,0,1,3.56,Medium popularity
Popo,Zerrydl,arabic,56,2023-12-15,2023,12,2020s,0.685,0.716,-5.407,0.224,0.791,0.169,0.0,0.312,114.002,4,1,1,2.56,Medium popularity
10 Bottles,Zlatan,arabic,50,2023-11-23,2023,11,2020s,0.864,0.719,-3.935,0.0947,0.794,0.274,0.009,0.233,77.328,3,1,11,2.98,Medium popularity
NO SLEEP $$$ (feat. Young Jonn),"Blaqbonez, Young Jonn",arabic,55,2023-10-27,2023,10,2020s,0.782,0.533,-5.56,0.188,0.7,0.273,0.0,0.432,152.493,5,0,0,3.12,Medium popularity
Sabi,Mohbad,arabic,49,2023-06-30,2023,6,2020s,0.541,0.771,-4.938,0.253,0.415,0.256,0.000497,0.71,101.011,4,1,9,2.31,Medium popularity
Go Hard,Young Jonn,arabic,46,2023-11-17,2023,11,2020s,0.794,0.814,-6.198,0.122,0.649,0.0472,1.55e-06,0.24,115.963,4,1,0,2.55,Medium popularity
Different Pattern,Seyi Vibez,arabic,50,2023-12-08,2023,12,2020s,0.799,0.691,-6.873,0.295,0.972,0.0657,0.0,0.576,107.987,4,0,9,2.06,Medium popularity
Blessing,Mohbad,arabic,49,2023-06-30,2023,6,2020s,0.572,0.743,-6.091,0.257,0.179,0.078,0.011,0.171,102.938,4,1,1,2.46,Medium popularity
Karma,Seyi Vibez,arabic,57,2023-06-23,2023,6,2020s,0.585,0.482,-5.157,0.293,0.524,0.171,0.0,0.359,107.85,4,1,10,2.58,Medium popularity
Beast & Peace,Mohbad,arabic,49,2023-06-30,2023,6,2020s,0.657,0.594,-10.708,0.107,0.452,0.264,0.00317,0.551,172.164,4,0,1,2.42,Medium popularity
PARIWO,"Mohbad, Bella Shmurda",arabic,51,2023-06-30,2023,6,2020s,0.849,0.577,-4.087,0.236,0.679,0.322,0.00561,0.306,101.136,4,0,7,2.01,Medium popularity
DND,Bella Shmurda,arabic,39,2023-07-07,2023,7,2020s,0.752,0.524,-7.493,0.345,0.806,0.132,0.00487,0.334,120.059,4,1,2,2.8,Low popularity
Hat-trick,Seyi Vibez,arabic,49,2023-06-08,2023,6,2020s,0.614,0.633,-7.413,0.749,0.665,0.231,0.0,0.484,115.424,4,1,8,2.68,Medium popularity
Dejavu,Seyi Vibez,arabic,53,2023-06-08,2023,6,2020s,0.546,0.722,-10.318,0.134,0.717,0.374,0.0,0.297,109.998,4,1,1,2.68,Medium popularity
Wet on Me,"Shallipopi, Zerrydl",arabic,47,2023-11-10,2023,11,2020s,0.675,0.959,-5.677,0.0498,0.63,0.0709,0.0,0.0358,114.995,4,1,1,2.3,Medium popularity
NDI IKE,"Falz, Flavour, ODUMODUBLVCK",arabic,48,2023-08-09,2023,8,2020s,0.801,0.736,-8.706,0.374,0.686,0.102,6.84e-06,0.178,104.846,3,0,9,2.59,Medium popularity
Cana,Seyi Vibez,arabic,46,2023-12-08,2023,12,2020s,0.714,0.545,-6.77,0.106,0.816,0.145,0.000371,0.285,132.839,5,1,8,2.33,Medium popularity
Shkran Lak,BhadBoi OML,arabic,53,2023-08-31,2023,8,2020s,0.564,0.676,-7.501,0.126,0.301,0.255,0.00128,0.246,95.487,4,1,3,3.07,Medium popularity
Today,Seyi Vibez,arabic,38,2023-12-08,2023,12,2020s,0.673,0.751,-8.762,0.111,0.0906,0.0442,5.49e-05,0.024,113.977,4,1,0,2.62,Low popularity
La Pio Pio,Mohbad,arabic,47,2023-06-30,2023,6,2020s,0.685,0.877,-5.099,0.135,0.748,0.0852,0.00125,0.358,116.016,4,1,2,2.43,Medium popularity
BAD TILL ETERNITY (feat. Zlatan),"Blaqbonez, Zlatan",arabic,39,2023-10-27,2023,10,2020s,0.584,0.631,-3.63,0.0964,0.764,0.435,0.0,0.279,89.752,4,0,11,2.89,Low popularity
Hushpuppi,Seyi Vibez,arabic,51,2023-06-23,2023,6,2020s,0.803,0.597,-6.688,0.334,0.522,0.0699,0.0,0.527,114.422,4,1,7,2.71,Medium popularity
Realize,"Balloranking, Seyi Vibez",arabic,54,2022-12-08,2022,12,2020s,0.49,0.663,-14.074,0.193,0.582,0.294,1.52e-06,0.61,100.385,4,1,11,2.92,Medium popularity
Suddenly (feat. Young Jonn),"Seyi Vibez, Young Jonn",arabic,47,2023-06-08,2023,6,2020s,0.713,0.579,-5.778,0.111,0.681,0.109,3.31e-05,0.306,117.974,4,0,7,2.15,Medium popularity
Apala Interlude,Seyi Vibez,arabic,32,2023-12-08,2023,12,2020s,0.755,0.616,-7.791,0.122,0.92,0.142,9.17e-06,0.224,108.563,4,1,2,2.04,Low popularity
Street Jam,Olamide,arabic,39,2023-08-08,2023,8,2020s,0.811,0.752,-6.185,0.454,0.563,0.385,0.0,0.369,99.699,4,1,0,2.13,Low popularity
Oganigwe,"Zlatan, ODUMODUBLVCK, Jeriq",arabic,45,2023-04-28,2023,4,2020s,0.735,0.496,-6.279,0.12,0.642,0.33,0.000121,0.702,200.611,5,0,4,2.97,Medium popularity
+234,Seyi Vibez,arabic,45,2022-11-02,2022,11,2020s,0.691,0.714,-5.873,0.29,0.684,0.118,1.42e-05,0.347,112.0,4,1,9,2.22,Medium popularity
M.A.D (feat. MohBad),"Zoro Swagbag, Mohbad",arabic,42,2023-10-27,2023,10,2020s,0.809,0.872,-5.572,0.15,0.823,0.0835,5.76e-05,0.532,119.986,4,0,11,2.18,Medium popularity
A1 (Feeling Disorder),Zinoleesky,arabic,47,2023-06-04,2023,6,2020s,0.774,0.677,-5.804,0.108,0.756,0.503,0.0,0.452,143.972,3,0,7,2.09,Medium popularity
Mukulu,"Olamide, Rema",arabic,43,2023-08-08,2023,8,2020s,0.765,0.634,-8.112,0.153,0.433,0.192,0.0,0.635,105.249,4,0,1,3.79,Medium popularity
Kun Faya Kun (Be and it is),Seyi Vibez,arabic,48,2022-12-09,2022,12,2020s,0.881,0.735,-4.494,0.752,0.708,0.1,3.72e-05,0.416,117.039,4,1,8,2.91,Medium popularity
What's Up My G,Asake,arabic,54,2023-06-15,2023,6,2020s,0.681,0.744,-8.966,0.0821,0.755,0.164,0.0,0.338,114.029,4,1,1,2.84,Medium popularity
Sharpally,Young Jonn,arabic,49,2023-07-21,2023,7,2020s,0.702,0.707,-7.029,0.195,0.606,0.26,0.0,0.655,118.779,4,1,8,2.72,Medium popularity
For the Gods,Seyi Vibez,arabic,44,2023-06-08,2023,6,2020s,0.684,0.751,-5.573,0.427,0.566,0.117,0.0,0.382,115.015,4,1,2,2.96,Medium popularity
I Believe,Asake,arabic,54,2023-06-15,2023,6,2020s,0.706,0.572,-9.019,0.113,0.158,0.117,0.0122,0.0379,114.004,4,1,2,2.42,Medium popularity
Try,T.I BLAZE,arabic,54,2022-02-16,2022,2,2020s,0.596,0.587,-5.658,0.0881,0.803,0.267,0.229,0.721,147.893,5,0,1,2.23,Medium popularity
Backside,Mohbad,arabic,50,2021-12-10,2021,12,2020s,0.706,0.804,-6.953,0.139,0.569,0.133,0.000658,0.134,123.036,4,1,7,2.39,Medium popularity
Sweet Tea (Aduke),Bnxn,arabic,54,2023-10-04,2023,10,2020s,0.496,0.688,-9.28,0.191,0.423,0.131,0.291,0.0708,96.914,4,1,9,2.49,Medium popularity
NO MORE CONDITION,"Rexxie, Zinoleesky",arabic,43,2023-03-09,2023,3,2020s,0.738,0.83,-7.491,0.151,0.366,0.0729,0.000112,0.126,113.024,4,1,9,2.9,Medium popularity
Ara (Gen Gen Tin),Bella Shmurda,arabic,41,2023-03-10,2023,3,2020s,0.683,0.808,-7.963,0.187,0.768,0.184,0.0111,0.295,120.023,4,0,6,2.43,Medium popularity
Ask About Me,Mohbad,arabic,52,2023-06-30,2023,6,2020s,0.692,0.738,-8.753,0.0453,0.834,0.0713,0.00936,0.119,111.972,4,0,5,2.93,Medium popularity
Ebelebe (feat. Wizkid),"Wande Coal, Wizkid",arabic,54,2023-05-17,2023,5,2020s,0.873,0.762,-4.532,0.122,0.453,0.176,0.0,0.0245,92.001,4,0,11,3.5,Medium popularity
New Born Fela,Bella Shmurda,arabic,40,2022-10-26,2022,10,2020s,0.56,0.801,-6.292,0.186,0.464,0.209,0.0,0.318,104.033,4,0,6,2.16,Medium popularity
For Daddy,Mayorkun,arabic,42,2023-04-27,2023,4,2020s,0.813,0.738,-5.876,0.104,0.744,0.0409,0.00305,0.423,116.015,4,0,7,2.55,Medium popularity
PRAY,Bnxn,arabic,60,2023-10-04,2023,10,2020s,0.594,0.782,-6.337,0.137,0.681,0.0414,0.48,0.157,116.027,4,1,1,2.97,Medium popularity
Shina Peters,"Reminisce, Mohbad",arabic,27,2023-10-27,2023,10,2020s,0.622,0.583,-7.911,0.0822,0.646,0.204,3.98e-05,0.416,159.863,5,1,0,2.77,Low popularity
Last Time,"Zinoleesky, Omah Lay",arabic,54,2022-12-23,2022,12,2020s,0.644,0.778,-5.542,0.117,0.47,0.323,0.000115,0.0625,142.724,5,1,0,2.56,Medium popularity
Currency,"Young Jonn, Olamide",arabic,50,2023-02-08,2023,2,2020s,0.694,0.772,-9.426,0.143,0.529,0.12,0.0147,0.562,97.117,4,1,0,2.97,Medium popularity
Feeling Funny,"Lil Kesh, Young Jonn",arabic,41,2023-07-06,2023,7,2020s,0.815,0.84,-7.429,0.15,0.652,0.126,0.0033,0.285,121.01,4,1,11,3.31,Medium popularity
Traboski,Bnxn,arabic,52,2022-11-24,2022,11,2020s,0.556,0.798,-8.985,0.163,0.901,0.0471,8.31e-06,0.364,113.994,4,0,2,2.6,Medium popularity
Popori,"T.I BLAZE, Balloranking",arabic,38,2023-08-04,2023,8,2020s,0.613,0.843,-6.01,0.128,0.405,0.316,1.06e-05,0.527,116.029,4,1,1,2.25,Low popularity
Remember,Asake,arabic,67,2023-06-15,2023,6,2020s,0.675,0.755,-6.973,0.117,0.783,0.0918,1.41e-06,0.512,112.049,4,1,10,3.04,Medium popularity
Right Energy,Bnxn,arabic,42,2023-10-04,2023,10,2020s,0.719,0.884,-3.811,0.23,0.379,0.141,0.000573,0.188,101.053,4,0,5,2.58,Medium popularity
Great Guy,Asake,arabic,52,2023-06-15,2023,6,2020s,0.654,0.78,-9.628,0.136,0.281,0.115,2.08e-06,0.269,114.02,4,0,2,3.09,Medium popularity
Do I,Phyno,arabic,42,2023-08-31,2023,8,2020s,0.784,0.858,-8.31,0.0987,0.728,0.0813,0.000141,0.791,112.986,4,1,9,2.58,Medium popularity
Call of Duty,Zinoleesky,arabic,45,2022-12-23,2022,12,2020s,0.84,0.893,-4.608,0.119,0.812,0.171,1.57e-06,0.161,116.05,4,0,11,2.41,Medium popularity
Billion Bucks,Balloranking,arabic,36,2023-09-08,2023,9,2020s,0.57,0.869,-7.997,0.083,0.467,0.123,0.00671,0.36,115.002,4,1,11,1.95,Low popularity
Kilometer,Bnxn,arabic,41,2021-10-27,2021,10,2020s,0.853,0.888,-5.585,0.0739,0.628,0.0575,0.0244,0.35,118.992,4,0,5,3.31,Medium popularity
Rocking,Zinoleesky,arabic,35,2022-12-23,2022,12,2020s,0.741,0.916,-6.88,0.246,0.892,0.0836,3.06e-06,0.00667,114.018,4,0,10,2.77,Low popularity
For Days,Bnxn,arabic,51,2022-03-30,2022,3,2020s,0.615,0.807,-4.278,0.0834,0.736,0.214,0.00493,0.245,98.052,4,0,1,2.74,Medium popularity
Bad Since '97,Bnxn,arabic,47,2022-08-24,2022,8,2020s,0.827,0.765,-7.905,0.0757,0.659,0.0723,0.0,0.217,98.468,4,0,9,2.25,Medium popularity
Come Alive,"Olamide, Bnxn",arabic,42,2023-08-08,2023,8,2020s,0.57,0.529,-7.491,0.148,0.734,0.392,7.33e-06,0.347,70.069,3,0,6,3.34,Medium popularity
Mogbe,Asake,arabic,57,2023-06-15,2023,6,2020s,0.778,0.849,-7.097,0.129,0.71,0.0397,0.00016,0.401,114.021,4,0,0,2.98,Medium popularity
NSV,"Bella Shmurda, Tiwa Savage",arabic,44,2023-05-12,2023,5,2020s,0.631,0.85,-7.171,0.0914,0.843,0.215,4.28e-06,0.492,111.997,4,1,6,3.14,Medium popularity
Many Things,Zinoleesky,arabic,56,2023-04-21,2023,4,2020s,0.654,0.581,-5.87,0.301,0.687,0.285,2e-05,0.345,124.387,5,1,11,2.8,Medium popularity
Personal,Zinoleesky,arabic,49,2022-12-23,2022,12,2020s,0.542,0.736,-7.362,0.101,0.766,0.215,0.0,0.452,109.956,4,0,2,2.39,Medium popularity
Many Roads,"Zinoleesky, Ayra Starr",arabic,43,2022-12-23,2022,12,2020s,0.656,0.701,-6.368,0.248,0.615,0.0881,1.57e-06,0.178,114.831,4,1,2,2.59,Medium popularity
Body,Naira Marley,arabic,40,2023-05-10,2023,5,2020s,0.733,0.909,-4.351,0.0811,0.653,0.0622,0.108,0.159,116.073,4,1,7,2.11,Medium popularity
Gbese,"Majeeed, Tiwa Savage",arabic,44,2023-09-06,2023,9,2020s,0.656,0.766,-6.849,0.155,0.637,0.0474,0.0,0.0449,111.995,4,1,10,2.72,Medium popularity
Yan Yan Yan,Zinoleesky,arabic,40,2022-12-23,2022,12,2020s,0.711,0.773,-9.268,0.0782,0.693,0.0856,0.00255,0.0328,113.03,4,1,6,2.2,Medium popularity
Odinaka,Zinoleesky,arabic,40,2022-12-23,2022,12,2020s,0.656,0.623,-6.494,0.105,0.475,0.113,0.00165,0.553,118.093,4,0,9,2.99,Medium popularity
Modupe,"Bnxn, Olamide",arabic,45,2022-08-24,2022,8,2020s,0.558,0.671,-9.063,0.143,0.798,0.284,0.0,0.566,107.055,5,0,9,3.9,Medium popularity
Don Perignon,"Balloranking, Shallipopi",arabic,25,2023-11-19,2023,11,2020s,0.521,0.864,-10.926,0.0744,0.377,0.0955,0.0,0.146,113.064,4,0,5,2.16,Low popularity
7AM in Lekki,BhadBoi OML,arabic,50,2023-08-31,2023,8,2020s,0.582,0.713,-5.031,0.159,0.479,0.0748,3.47e-05,0.262,156.117,4,0,1,3.5,Medium popularity
Enough,BhadBoi OML,arabic,42,2023-08-31,2023,8,2020s,0.711,0.732,-6.513,0.0405,0.363,0.0869,0.00238,0.12,136.027,4,0,4,2.85,Medium popularity
Party Don't Stop,Bnxn,arabic,38,2023-10-04,2023,10,2020s,0.596,0.704,-8.827,0.151,0.36,0.274,0.00446,0.551,152.894,4,0,9,2.72,Low popularity
On The Road (feat. Meek Mill & Lil Baby),"Post Malone, Meek Mill, Lil Baby",arabic,64,2019-09-06,2019,9,2010s,0.737,0.441,-5.053,0.102,0.22,0.11,0.0,0.059,112.93,5,1,7,3.64,Medium popularity
Trap [Feat. Lil Baby],"SAINt JHN, Lil Baby",arabic,59,2019-08-22,2019,8,2010s,0.84,0.791,-2.887,0.193,0.353,0.0427,0.0,0.0839,116.991,4,1,0,3.08,Medium popularity
Gbona,"Meeza, Zinoleesky",arabic,30,2023-06-02,2023,6,2020s,0.874,0.862,-2.758,0.447,0.506,0.0619,0.0285,0.114,114.973,4,0,1,2.6,Low popularity
Vanessa,"Albertmp3, Jusjay, Zinoleesky",arabic,21,2019-06-28,2019,6,2010s,0.837,0.547,-5.68,0.0696,0.925,0.416,3.05e-05,0.342,205.067,4,0,9,3.08,Low popularity
Jaiye Foreign,"Tiwa Savage, Zinoleesky",arabic,40,2022-08-10,2022,8,2020s,0.816,0.82,-6.29,0.0541,0.861,0.077,7.81e-05,0.0216,108.98,4,0,5,3.17,Medium popularity
Like Dat,"Lil Frosh, Zinoleesky",arabic,34,2022-02-01,2022,2,2020s,0.876,0.942,-4.965,0.0266,0.749,0.0542,0.0127,0.0954,115.972,4,0,4,2.23,Low popularity
Cityboiz,"Feranbanks, Zinoleesky",arabic,37,2023-02-17,2023,2,2020s,0.786,0.856,-6.284,0.119,0.968,0.056,1.28e-05,0.0712,115.01,4,1,1,2.98,Low popularity
o'dun,"Naira Marley, Zinoleesky",arabic,41,2022-05-30,2022,5,2020s,0.83,0.784,-5.656,0.0713,0.868,0.0496,0.152,0.29,114.0,4,0,7,2.58,Medium popularity
Romeo Must Die (RMD),"Ruger, Bnxn",arabic,51,2024-02-29,2024,2,2020s,0.658,0.827,-6.364,0.144,0.551,0.0603,7e-05,0.299,104.972,4,0,6,2.67,Medium popularity
The Life I Chose,Adekunle Gold,arabic,44,2024-02-21,2024,2,2020s,0.786,0.685,-6.747,0.474,0.772,0.198,0.0,0.724,113.59,4,0,7,2.41,Medium popularity
Only Me,Asake,arabic,54,2024-01-12,2024,1,2020s,0.711,0.814,-8.186,0.0941,0.805,0.109,3.08e-06,0.496,116.037,4,1,7,2.66,Medium popularity
JELO,"Pheelz, Young Jonn",arabic,55,2023-08-31,2023,8,2020s,0.675,0.734,-7.013,0.0584,0.755,0.107,0.0,0.00552,113.949,4,0,6,2.42,Medium popularity
Realize (feat. taves),"Bnxn, taves",arabic,41,2023-10-04,2023,10,2020s,0.576,0.59,-6.53,0.0876,0.694,0.108,0.0,0.465,81.964,4,0,1,2.23,Medium popularity
My Life,Bnxn,arabic,42,2023-10-04,2023,10,2020s,0.677,0.459,-4.717,0.0797,0.311,0.415,0.00351,0.208,86.875,4,0,7,3.01,Medium popularity
Pop Sermon,"Dope Caesar, FAVE, Ajebo Hustlers",arabic,40,2023-10-04,2023,10,2020s,0.649,0.68,-6.751,0.159,0.689,0.266,0.0,0.0574,94.83,4,0,10,2.49,Medium popularity
Lever,"Vusic, Zinoleesky",arabic,41,2024-02-29,2024,2,2020s,0.411,0.627,-6.09,0.101,0.732,0.386,0.0,0.517,145.99,3,0,1,2.49,Medium popularity
Big Big Things (feat. Kizz Daniel & Seyi Vibez),"Young Jonn, Kizz Daniel, Seyi Vibez",arabic,49,2024-02-23,2024,2,2020s,0.686,0.492,-6.97,0.137,0.392,0.14,0.0,0.28,109.802,4,0,5,3.01,Medium popularity
turned your back,Gunna,arabic,64,2023-06-16,2023,6,2020s,0.649,0.519,-5.502,0.104,0.541,0.112,0.0,0.486,106.379,5,1,6,4.05,Medium popularity
Do I - Remix,"Phyno, Burna Boy",arabic,55,2023-12-19,2023,12,2020s,0.825,0.847,-7.042,0.151,0.726,0.106,0.000175,0.74,113.019,4,0,6,2.3,Medium popularity
Back On,"Quality Control, Lil Baby",arabic,56,2019-08-16,2019,8,2010s,0.754,0.529,-3.457,0.198,0.212,0.325,0.0,0.0129,175.041,4,0,10,2.42,Medium popularity
Detox,Lil Baby,arabic,53,2022-09-02,2022,9,2020s,0.503,0.845,-7.021,0.116,0.416,0.334,0.0,0.027,147.031,4,1,1,2.69,Medium popularity
Death Ain't Easy,Lil Durk,arabic,42,2020-12-24,2020,12,2020s,0.547,0.765,-9.959,0.118,0.531,0.339,0.0,0.0425,90.024,4,1,1,3.2,Medium popularity
Mukulu,Bnxn,arabic,41,2023-10-04,2023,10,2020s,0.43,0.841,-6.006,0.101,0.67,0.205,0.000712,0.698,99.933,4,1,7,2.72,Medium popularity
Efejoku,Lil Kesh,arabic,21,2015-07-28,2015,7,2010s,0.96,0.633,-2.045,0.0641,0.842,0.232,1.4e-06,0.508,96.707,3,0,4,4.09,Low popularity
Backdoor,Lil Durk,arabic,49,2021-01-29,2021,1,2020s,0.551,0.713,-7.593,0.294,0.237,0.29,3.66e-06,0.107,82.637,4,0,4,3.33,Medium popularity
Rebellious,Lil Durk,arabic,42,2019-08-02,2019,8,2010s,0.783,0.58,-4.551,0.0763,0.598,0.284,0.0,0.0267,160.153,4,0,5,2.99,Medium popularity
HIGHEST IN THE ROOM (feat. ROSALÍA & Lil Baby) - REMIX,"Travis Scott, ROSALÍA, Lil Baby",arabic,61,2019-12-27,2019,12,2010s,0.491,0.559,-6.406,0.0992,0.114,0.0346,0.0,0.0567,153.131,4,0,2,4.08,Medium popularity
Basquiat,Asake,arabic,61,2023-06-15,2023,6,2020s,0.767,0.825,-7.893,0.0914,0.857,0.0418,4.6e-06,0.547,115.957,4,1,5,2.24,Medium popularity
Metro,"Hotkeed, Yo X",arabic,34,2023-12-30,2023,12,2020s,0.917,0.87,-4.819,0.176,0.786,0.0604,0.00289,0.103,120.065,4,0,3,2.17,Low popularity
New Religion,"Olamide, Asake",arabic,54,2023-08-08,2023,8,2020s,0.401,0.843,-12.868,0.164,0.893,0.3,1.01e-05,0.294,114.068,4,1,1,2.56,Medium popularity
Mamba (With Bella Shmurda & Seyi Vibez),"larrylanes, Bella Shmurda, Seyi Vibez",arabic,42,2024-02-08,2024,2,2020s,0.764,0.654,-6.005,0.621,0.885,0.0349,0.0,0.157,116.121,4,1,5,2.45,Medium popularity
Pidgin & English,Bnxn,arabic,63,2023-10-04,2023,10,2020s,0.5,0.569,-4.482,0.148,0.118,0.239,0.0,0.183,116.058,5,0,6,3.64,Medium popularity
My Friend,Bella Shmurda,arabic,41,2022-01-27,2022,1,2020s,0.815,0.639,-6.221,0.0736,0.622,0.223,0.0,0.189,114.451,4,1,0,3.06,Medium popularity
Happiness (feat. Asake & Gunna),"Sarz, Asake, Gunna",arabic,66,2023-12-07,2023,12,2020s,0.744,0.806,-5.377,0.104,0.765,0.0392,0.395,0.187,104.991,4,0,10,2.91,Medium popularity
Twe Twe,Kizz Daniel,arabic,45,2023-12-11,2023,12,2020s,0.838,0.501,-8.959,0.115,0.829,0.165,6.3e-06,0.533,95.013,3,0,0,2.42,Medium popularity
Wahala,Naira Marley,arabic,45,2023-12-29,2023,12,2020s,0.742,0.941,-6.68,0.085,0.425,0.0756,0.00227,0.0117,114.012,4,1,2,2.67,Medium popularity
Majo,"Dj 4kerty, Bella Shmurda",arabic,29,2021-03-26,2021,3,2020s,0.834,0.529,-4.578,0.274,0.69,0.417,0.0,0.103,99.981,4,0,11,2.76,Low popularity
IDK (feat. Zlatan),"Wizkid, Zlatan",arabic,60,2023-12-21,2023,12,2020s,0.747,0.584,-4.726,0.149,0.798,0.258,0.0013,0.105,98.111,4,0,10,3.01,Medium popularity
Ololufe (feat. Wande Coal),"Wizkid, Wande Coal",arabic,54,2023-12-21,2023,12,2020s,0.831,0.841,-5.64,0.0708,0.584,0.0409,0.00137,0.0864,111.016,4,0,9,3.5,Medium popularity
Diamonds,Wizkid,arabic,56,2023-12-21,2023,12,2020s,0.788,0.759,-4.776,0.0644,0.743,0.095,3.67e-05,0.0485,100.029,4,1,1,2.49,Medium popularity
Energy,Wizkid,arabic,49,2023-12-21,2023,12,2020s,0.568,0.749,-4.627,0.191,0.569,0.169,0.00114,0.546,109.951,4,0,11,3.02,Medium popularity
Bad To Me,Wizkid,arabic,57,2022-11-11,2022,11,2020s,0.814,0.859,-4.568,0.0959,0.91,0.0469,0.0113,0.0638,110.042,4,0,10,2.98,Medium popularity
Many Ways (feat. Wizkid),"Bnxn, Wizkid",arabic,55,2022-08-24,2022,8,2020s,0.526,0.773,-11.858,0.169,0.813,0.0809,0.00297,0.579,99.989,4,0,5,3.79,Medium popularity
Loju (feat. Wizkid),"SPINALL, Wizkid",arabic,45,2023-06-30,2023,6,2020s,0.778,0.579,-4.949,0.142,0.917,0.0887,0.0205,0.0522,114.843,4,0,11,2.9,Medium popularity
7 DAYS,Ayo Maff,arabic,62,2024-01-26,2024,1,2020s,0.381,0.741,-11.531,0.149,0.625,0.339,0.0,0.64,140.015,4,1,2,2.57,Medium popularity
STREET ANTHEM,Ayo Maff,arabic,48,2024-01-26,2024,1,2020s,0.538,0.833,-10.94,0.18,0.119,0.0398,0.000282,0.472,115.039,4,0,11,2.19,Medium popularity
Egwu,"Chike, Mohbad",arabic,58,2023-12-15,2023,12,2020s,0.722,0.878,-6.917,0.141,0.57,0.0473,0.00311,0.366,117.967,4,1,9,2.27,Medium popularity
Husk,Men I Trust,pop,61,2024-09-10,2024,9,2020s,0.695,0.727,-10.961,0.0714,0.672,0.0382,0.957,0.407,128.983,4,1,10,3.41,Medium popularity
Sexy to Someone,Clairo,pop,64,2024-05-23,2024,5,2020s,0.545,0.716,-6.949,0.101,0.82,0.0329,0.00344,0.338,98.232,4,0,0,3.46,Medium popularity
I Said What I Said,The Softies,pop,38,2024-08-23,2024,8,2020s,0.239,0.435,-10.863,0.127,0.184,0.0263,0.0671,0.99,84.845,4,1,7,2.39,Low popularity
magic 8 ball,"Cavetown, Frankie Cosmos",pop,50,2024-10-10,2024,10,2020s,0.453,0.596,-9.536,0.0546,0.343,0.026,2.16e-06,0.845,104.976,4,1,9,2.97,Medium popularity
What’s This About (La La La La),Kate Bollinger,pop,36,2024-07-30,2024,7,2020s,0.678,0.688,-9.999,0.669,0.805,0.0392,0.0133,0.174,117.987,4,1,9,2.18,Low popularity
time waits,Glitter Party,pop,44,2023-04-30,2023,4,2020s,0.762,0.508,-8.775,0.107,0.516,0.0585,0.591,0.00132,90.02,4,1,4,3.33,Medium popularity
Skin,Dijon,pop,58,2018-04-19,2018,4,2010s,0.616,0.674,-3.471,0.331,0.551,0.0272,2.1e-06,0.512,94.934,4,1,7,3.84,Medium popularity
magic,strongboi,pop,45,2024-04-12,2024,4,2020s,0.446,0.645,-6.057,0.0947,0.576,0.033,0.000132,0.479,177.711,4,1,2,4.22,Medium popularity
Tired Boy,Sunday (1994),pop,27,2024-02-23,2024,2,2020s,0.506,0.415,-7.291,0.105,0.296,0.0282,0.000255,0.133,173.923,4,1,2,4.51,Low popularity
dirty dancer,Orion Sun,pop,65,2022-02-08,2022,2,2020s,0.525,0.702,-5.028,0.119,0.515,0.0313,0.0667,0.376,113.856,4,0,7,2.83,Medium popularity
apart of me,Takayoshi,pop,67,2023-01-06,2023,1,2020s,0.762,0.669,-12.308,0.151,0.876,0.0364,0.842,0.0663,139.974,4,0,5,1.27,Medium popularity
The Dress,Dijon,pop,64,2021-11-05,2021,11,2020s,0.531,0.747,-5.99,0.192,0.785,0.0477,1.8e-06,0.266,88.009,4,1,8,3.08,Medium popularity
Morning Sex,Ralph Castelli,pop,63,2019-06-07,2019,6,2010s,0.353,0.81,-9.536,0.082,0.731,0.0437,0.000104,0.0473,124.991,4,1,6,2.92,Medium popularity
bad,wave to earth,pop,64,2023-04-20,2023,4,2020s,0.551,0.562,-8.879,0.164,0.386,0.0318,0.113,0.705,135.808,4,1,2,4.39,Medium popularity
Room For You,"grentperez, Lyn Lapid",pop,62,2024-07-26,2024,7,2020s,0.394,0.759,-7.399,0.124,0.501,0.0636,0.00168,0.843,129.931,4,0,6,3.06,Medium popularity
Care For You,The Marías,pop,60,2020-10-16,2020,10,2020s,0.413,0.879,-9.161,0.318,0.869,0.0575,0.221,0.816,109.988,4,0,1,2.6,Medium popularity
Radio,Freak Slug,pop,60,2020-09-15,2020,9,2020s,0.528,0.693,-8.468,0.114,0.597,0.0259,0.846,0.699,107.949,4,1,1,3.19,Medium popularity
Golden Light,STRFKR,pop,60,2013-02-19,2013,2,2010s,0.669,0.573,-11.436,0.321,0.159,0.0332,0.806,0.521,96.982,4,0,8,4.72,Medium popularity
Heaven,Clairo,pop,59,2018-09-07,2018,9,2010s,0.262,0.733,-13.766,0.105,0.444,0.028,4.79e-06,0.224,135.497,3,1,0,3.9,Medium popularity
Call Me Up,daydreamers,pop,56,2024-04-04,2024,4,2020s,0.71,0.721,-7.946,0.354,0.684,0.036,0.045,0.343,99.995,4,1,9,2.69,Medium popularity
Cool with You,Her's,pop,56,2017-05-12,2017,5,2010s,0.62,0.534,-6.775,0.296,0.547,0.0504,0.000736,0.0124,106.986,4,1,0,6.26,Medium popularity
Frankenstein,Claire Rosinkranz,pop,56,2021-05-14,2021,5,2020s,0.745,0.826,-6.091,0.178,0.883,0.141,1.32e-05,0.13,119.92,4,1,2,3.37,Medium popularity
Bedroom,Litany,pop,55,2017-06-07,2017,6,2010s,0.454,0.7,-8.15,0.162,0.62,0.0943,0.0,0.0372,184.956,4,1,6,3.11,Medium popularity
Flook,Hector Gachan,pop,55,2017-12-01,2017,12,2010s,0.508,0.701,-11.643,0.413,0.21,0.0284,0.796,0.732,109.363,4,1,1,1.47,Medium popularity
Creep,Radiohead,rock,27,1993-02-22,1993,2,1990s,0.43,0.515,-9.935,0.129,0.104,0.0369,0.000141,0.0102,91.841,4,1,7,3.98,Low popularity
Zombie,The Cranberries,rock,24,2021-05-25,2021,5,2020s,0.738,0.252,-5.326,0.375,0.256,0.0446,0.000497,0.0145,165.187,4,1,7,5.12,Low popularity
Back for More,Hurricane on Saturn,rock,47,2023-02-24,2023,2,2020s,0.742,0.679,-7.863,0.0791,0.552,0.029,0.0,0.036,125.052,4,0,2,3.37,Medium popularity
Smells Like Teen Spirit - Remastered 2021,Nirvana,rock,53,2021-11-12,2021,11,2020s,0.918,0.489,-4.502,0.0908,0.691,0.0554,7.64e-05,3.53e-05,116.731,4,1,1,5.01,Medium popularity
Bitter Sweet Symphony,The Verve,rock,24,1997-09-29,1997,9,1990s,0.911,0.362,-5.966,0.466,0.498,0.049,0.0,0.0336,171.112,4,1,9,5.95,Low popularity
Here Without You,3 Doors Down,rock,50,2002-01-01,2002,1,2000s,0.545,0.556,-6.768,0.124,0.193,0.0255,0.0,0.0635,143.991,4,0,10,3.98,Medium popularity
Monsters,"Hurricane on Saturn, Deuce",rock,46,2022-08-15,2022,8,2020s,0.894,0.571,-4.561,0.123,0.452,0.0696,6.15e-06,0.0441,75.005,4,0,0,4.35,Medium popularity
The Reason,Hoobastank,rock,27,2004-04-27,2004,4,2000s,0.659,0.474,-4.667,0.154,0.075,0.0292,0.0,0.0125,82.957,4,1,4,3.88,Low popularity
Losing My Religion,R.E.M.,rock,19,1991-03-12,1991,3,1990s,0.852,0.664,-4.996,0.1,0.807,0.029,0.0,0.174,125.632,4,0,9,4.47,Low popularity
Rescue Light,Hurricane on Saturn,rock,44,2024-01-27,2024,1,2020s,0.943,0.428,-4.129,0.814,0.605,0.0798,0.0,0.00162,152.041,4,1,0,3.33,Medium popularity
Heathens,Twenty One Pilots,rock,33,2023-07-28,2023,7,2020s,0.396,0.732,-9.348,0.105,0.548,0.0286,3.54e-05,0.0841,90.025,4,0,4,3.27,Low popularity
YOUtopia,Bring Me The Horizon,rock,65,2024-05-24,2024,5,2020s,0.931,0.283,-2.986,0.428,0.35,0.165,0.0,0.00317,176.082,4,1,9,4.04,Medium popularity
Perfect Soul,Spiritbox,rock,54,2024-11-17,2024,11,2020s,0.966,0.359,-3.9,0.198,0.289,0.0994,0.0337,1.56e-05,103.744,4,0,10,3.99,Medium popularity
Hell You Call A Dream,The Warning,rock,57,2024-06-28,2024,6,2020s,0.873,0.459,-4.121,0.194,0.563,0.0735,0.0,0.00272,94.878,4,1,8,2.93,Medium popularity
Dystopia,ONE OK ROCK,rock,59,2024-10-25,2024,10,2020s,0.861,0.461,-3.381,0.114,0.7,0.0988,0.0,0.00322,178.119,4,1,9,3.16,Medium popularity
Will You Love Me When I’m Dead,Amira Elfeky,rock,58,2024-10-23,2024,10,2020s,0.784,0.335,-4.161,0.333,0.333,0.0534,0.00147,0.014,110.029,5,0,6,3.23,Medium popularity
TAKE ME IN,blink-182,rock,59,2024-09-06,2024,9,2020s,0.775,0.39,-3.358,0.0965,0.214,0.0288,0.0,0.0073,160.08,4,1,1,3.66,Medium popularity
the garden,unpeople,rock,45,2024-10-15,2024,10,2020s,0.881,0.474,-3.578,0.489,0.402,0.091,0.000195,0.000165,166.07,4,1,1,3.4,Medium popularity
Pitch Black,The Amazons,rock,49,2024-11-06,2024,11,2020s,0.921,0.391,-4.159,0.0703,0.271,0.0526,2.59e-06,0.0286,157.946,4,0,0,4.42,Medium popularity
Jerkin',Amyl and The Sniffers,rock,55,2024-10-25,2024,10,2020s,0.958,0.528,-2.4,0.135,0.587,0.0573,0.0,0.00299,144.453,4,1,11,2.14,Medium popularity
HURT,Dead Poet Society,rock,53,2024-01-26,2024,1,2020s,0.922,0.537,-3.8,0.252,0.775,0.0785,0.0,0.00141,160.046,4,0,11,3.57,Medium popularity
Metaverse,Cage The Elephant,rock,50,2024-05-17,2024,5,2020s,0.904,0.477,-4.074,0.068,0.688,0.0377,1.86e-06,1.52e-05,143.929,4,1,9,2.24,Medium popularity
Sad In Carolina,Dexter and The Moonrocks,rock,17,2024-05-01,2024,5,2020s,0.835,0.454,-4.642,0.154,0.299,0.0464,5.71e-06,0.000732,153.087,4,0,1,3.18,Low popularity
Your House,Inhaler,rock,61,2024-10-29,2024,10,2020s,0.749,0.479,-5.858,0.113,0.575,0.0527,1.15e-05,0.00453,122.057,4,0,11,3.79,Medium popularity
Takes One To Know One,The Beaches,rock,55,2024-07-12,2024,7,2020s,0.837,0.455,-2.589,0.191,0.537,0.0435,4.57e-06,0.00291,75.038,4,0,2,2.8,Medium popularity
"Always, Everytime",The Wrecks,rock,54,2024-10-04,2024,10,2020s,0.898,0.599,-3.265,0.0802,0.763,0.0855,2.08e-06,0.000772,147.989,4,1,7,2.86,Medium popularity
You Got Me Searching,Jack White,rock,51,2024-11-15,2024,11,2020s,0.891,0.504,-5.072,0.0962,0.495,0.0628,0.00571,0.0473,131.698,4,1,7,3.64,Medium popularity
Showbiz,Palaye Royale,rock,48,2024-06-26,2024,6,2020s,0.834,0.563,-5.549,0.336,0.38,0.0367,5.03e-05,0.0304,116.03,4,0,2,2.76,Medium popularity
Detroit,Badflower,rock,50,2024-07-26,2024,7,2020s,0.892,0.566,-4.979,0.316,0.367,0.0354,0.0,0.000538,133.028,4,1,0,3.53,Medium popularity
Fuse,House of Protection,rock,47,2024-09-13,2024,9,2020s,0.987,0.513,-4.08,0.217,0.357,0.324,0.0302,0.0034,109.989,4,1,0,3.19,Medium popularity
The Rumbling (Attack on Titan),"Ryuven, Ner Leva",metal,44,2022-03-09,2022,3,2020s,0.832,0.5,-4.229,0.0829,0.593,0.0513,0.000216,0.0191,145.091,4,1,8,1.58,Medium popularity
Holiday,Green Day,punk,61,2017-11-17,2017,11,2010s,0.89,0.552,-3.409,0.888,0.716,0.0342,0.0,0.000143,146.525,4,1,8,3.88,Medium popularity
That's What You Get,Paramore,punk,66,2007-06-11,2007,6,2000s,0.831,0.528,-3.607,0.141,0.632,0.0429,0.0,9.43e-05,131.094,3,1,8,3.67,Medium popularity
When You're Gone,Avril Lavigne,punk,67,2007-04-17,2007,4,2000s,0.719,0.457,-3.921,0.228,0.168,0.0323,0.0,0.191,142.034,4,0,4,4.01,Medium popularity
I'd Do Anything,Simple Plan,punk,61,2002-03-19,2002,3,2000s,0.917,0.395,-6.86,0.261,0.563,0.133,0.0,0.00143,169.088,4,1,8,3.29,Medium popularity
Addicted,Simple Plan,punk,59,2002-03-19,2002,3,2000s,0.751,0.522,-5.46,0.158,0.605,0.0435,2.22e-06,0.000491,139.51,3,1,1,3.87,Medium popularity
The Reason,Hoobastank,punk,23,2003-12-09,2003,12,2000s,0.671,0.474,-4.649,0.159,0.0682,0.0289,0.0,0.0129,82.94,4,1,4,3.88,Low popularity
It Ends Tonight,The All-American Rejects,punk,57,2005-01-01,2005,1,2000s,0.636,0.454,-4.731,0.154,0.313,0.0273,0.0,0.00228,87.89,4,1,0,4.08,Medium popularity
My Immortal - Band Version,Evanescence,punk,57,2003-03-04,2003,3,2000s,0.34,0.367,-7.877,0.0868,0.0704,0.0306,1.56e-05,0.755,149.788,4,1,9,4.56,Medium popularity
Move Along,The All-American Rejects,punk,67,2005-01-01,2005,1,2000s,0.916,0.518,-3.858,0.291,0.646,0.0454,0.0,0.000148,109.864,4,1,3,3.98,Medium popularity
Young Forever,"JAY-Z, Mr Hudson",blues,63,2009-09-08,2009,9,2000s,0.69,0.637,-3.214,0.211,0.103,0.0693,0.0,0.417,140.329,4,0,9,4.23,Medium popularity
(Everything I Do) I Do It For You,Bryan Adams,blues,62,1991-09-24,1991,9,1990s,0.365,0.526,-12.605,0.0618,0.254,0.028,1.37e-05,0.0775,131.251,4,1,1,6.57,Medium popularity
Bad (feat. Rihanna) - Remix,"Wale, Rihanna",blues,64,2013-06-25,2013,6,2010s,0.702,0.807,-6.594,0.111,0.447,0.0748,0.0,0.307,114.038,4,0,6,3.98,Medium popularity
All By Myself,Céline Dion,blues,67,1996-03-11,1996,3,1990s,0.325,0.344,-10.005,0.0686,0.0775,0.0287,0.0223,0.35,118.515,4,0,11,5.21,Medium popularity
I'll Make Love To You,Boyz II Men,blues,59,1994-01-01,1994,1,1990s,0.501,0.567,-8.038,0.0986,0.201,0.0241,0.0,0.0994,142.595,3,1,2,3.95,Medium popularity
I Wanna Know,Joe,blues,66,2000-04-18,2000,4,2000s,0.487,0.725,-5.959,0.431,0.599,0.0368,1.09e-05,0.26,136.086,4,0,8,4.94,Medium popularity
"Beauty and the Beast - from the Soundtrack ""Beauty and the Beast""","Céline Dion, Peabo Bryson",blues,64,1992-03-30,1992,3,1990s,0.4,0.463,-9.999,0.131,0.121,0.0308,2.46e-05,0.643,77.314,4,0,6,4.15,Medium popularity
Swear It Again - Radio Edit,Westlife,blues,65,1999-11-01,1999,11,1990s,0.532,0.626,-7.205,0.122,0.33,0.0275,0.0,0.296,130.071,4,1,9,4.14,Medium popularity
Heal the World,Michael Jackson,blues,67,1991-11-13,1991,11,1990s,0.485,0.545,-8.045,0.104,0.101,0.0485,1.8e-06,0.537,80.948,4,1,9,6.41,Medium popularity
Flying Without Wings,Westlife,blues,61,1999-11-01,1999,11,1990s,0.488,0.457,-7.964,0.154,0.283,0.0301,0.0,0.326,72.517,4,1,8,3.6,Medium popularity
Speechless,Michael Jackson,blues,47,2001-10-29,2001,10,2000s,0.37,0.459,-8.041,0.234,0.118,0.0471,0.0,0.565,133.907,4,0,7,3.31,Medium popularity
I Love You,Céline Dion,blues,65,1996-03-11,1996,3,1990s,0.496,0.438,-7.905,0.225,0.257,0.0262,0.0,0.436,176.984,3,0,1,5.5,Medium popularity
Endless Love (with Mariah Carey),"Luther Vandross, Mariah Carey",blues,61,1994-09-20,1994,9,1990s,0.477,0.413,-7.748,0.122,0.241,0.0264,2.39e-06,0.747,95.958,4,1,10,4.33,Medium popularity
Dead And Gone,"T.I., Justin Timberlake",blues,67,2008-09-07,2008,9,2000s,0.746,0.713,-4.99,0.601,0.47,0.259,0.0,0.0402,135.021,4,1,0,5.0,Medium popularity
Have You Ever Been In Love,Céline Dion,blues,49,2002-03-22,2002,3,2000s,0.432,0.464,-7.024,0.141,0.11,0.0312,0.0,0.611,137.482,4,1,6,4.14,Medium popularity
"Rain, Tax (It's Inevitable)",Céline Dion,blues,37,2002-03-22,2002,3,2000s,0.753,0.698,-4.819,0.061,0.509,0.0731,0.0,0.165,88.992,4,0,4,3.43,Low popularity
A New Day Has Come,Céline Dion,blues,55,2002-03-22,2002,3,2000s,0.333,0.436,-9.869,0.187,0.0609,0.0354,9.61e-06,0.722,119.483,3,1,6,5.7,Medium popularity
I Was Here,Beyoncé,blues,53,2011-06-24,2011,6,2010s,0.627,0.525,-6.59,0.0927,0.235,0.0335,0.0,0.431,111.026,3,1,7,3.99,Medium popularity
Do It To Me,Lionel Richie,blues,30,1997-01-01,1997,1,1990s,0.579,0.686,-8.412,0.0965,0.578,0.0272,7.43e-05,0.131,91.506,4,1,0,6.03,Low popularity
So Sick,Ne-Yo,blues,58,2006-01-01,2006,1,2000s,0.572,0.572,-8.324,0.191,0.61,0.3,0.0,0.254,94.897,4,1,6,3.45,Medium popularity
Bartender (feat. Akon),"T-Pain, Akon",blues,19,2007-06-05,2007,6,2000s,0.394,0.675,-8.539,0.214,0.405,0.133,0.0,0.0611,104.987,4,1,8,3.98,Low popularity
5 O'Clock (feat. Lily Allen & Wiz Khalifa),"T-Pain, Lily Allen, Wiz Khalifa",blues,56,2011-12-06,2011,12,2010s,0.742,0.523,-5.495,0.102,0.353,0.227,0.0,0.0697,83.066,4,0,7,4.69,Medium popularity
"Me, Myself and I",Beyoncé,blues,59,2003-06-24,2003,6,2000s,0.458,0.75,-9.092,0.137,0.536,0.0803,3.25e-05,0.226,83.61,4,1,1,5.02,Medium popularity
They're Red Hot - SA.2627-1,Robert Johnson,blues,24,2011-04-22,2011,4,2010s,0.244,0.73,-14.235,0.0879,0.734,0.369,0.0,0.913,114.782,4,1,0,2.98,Low popularity
Nobody Knows You When You're Down and Out,Big Joe Williams,blues,19,2011-05-03,2011,5,2010s,0.379,0.662,-17.301,0.816,0.365,0.0724,0.018,0.879,118.013,4,0,1,3.55,Low popularity
Black Betty,Lead Belly,blues,34,1994-09-20,1994,9,1990s,0.122,0.715,-14.933,0.18,0.577,0.409,0.0,0.534,103.979,4,1,11,1.88,Low popularity
Devil Got My Woman - 1994 Remastered,Skip James,blues,18,1994-01-01,1994,1,1990s,0.234,0.472,-13.459,0.23,0.324,0.0331,0.0071,0.981,85.809,4,0,4,2.99,Low popularity
Crow Jane,Skip James,blues,25,2005-03-22,2005,3,2000s,0.331,0.444,-15.307,0.0695,0.876,0.225,0.00253,0.931,81.155,4,0,11,2.39,Low popularity
Cypress Grove Blues,"Skip James, Jack Owens",blues,21,2017-01-24,2017,1,2010s,0.121,0.599,-18.501,0.0933,0.568,0.0583,0.0419,0.992,102.598,4,1,7,3.15,Low popularity
Statesboro Blues,Blind Willie McTell,blues,31,2005-08-30,2005,8,2000s,0.267,0.573,-9.051,0.106,0.437,0.0547,0.000388,0.973,90.522,4,1,6,2.55,Low popularity
Death Letter Blues,Son House,blues,36,1992-06-18,1992,6,1990s,0.288,0.803,-15.418,0.0833,0.865,0.0629,0.0593,0.865,115.685,4,0,7,4.32,Low popularity
Preachin' Blues,Son House,blues,18,2021-12-15,2021,12,2020s,0.349,0.595,-7.902,0.103,0.231,0.153,2.97e-06,0.797,172.417,4,1,8,5.27,Low popularity
Good Morning Little Schoolgirl,Mississippi Fred McDowell,blues,28,1994-01-01,1994,1,1990s,0.433,0.502,-14.619,0.167,0.566,0.0339,0.002,0.668,103.467,4,0,8,3.36,Low popularity
Empire State Express,Son House,blues,22,2022-01-19,2022,1,2020s,0.416,0.664,-8.34,0.0787,0.649,0.0398,1.07e-05,0.815,99.727,4,1,0,4.51,Low popularity
Hard To Handle,The Black Crowes,rock,67,1990-02-13,1990,2,1990s,0.79,0.599,-3.58,0.312,0.961,0.043,0.00181,0.00257,103.783,4,1,4,3.13,Medium popularity
Black Betty,Ram Jam,rock,62,1990-02-27,1990,2,1990s,0.865,0.465,-9.573,0.0769,0.677,0.098,0.00135,0.018,117.528,4,0,11,3.96,Medium popularity
Hold On Loosely,38 Special,rock,52,2000-01-01,2000,1,2000s,0.706,0.55,-5.552,0.0853,0.822,0.0304,6.36e-05,0.00692,127.24,4,1,9,4.66,Medium popularity
Ain't Much Left of Me,Blackberry Smoke,rock,45,2012-08-14,2012,8,2010s,0.797,0.231,-4.699,0.255,0.336,0.0489,1.4e-06,0.129,153.514,4,1,7,4.98,Medium popularity
Pretty Little Lie,Blackberry Smoke,rock,42,2012-08-14,2012,8,2010s,0.798,0.553,-4.102,0.375,0.397,0.0306,0.0,0.00714,119.984,4,1,7,3.58,Medium popularity
Don't Misunderstand Me,Rossington Collins Band,rock,41,2003-01-01,2003,1,2000s,0.552,0.604,-9.458,0.139,0.757,0.0343,0.0262,0.22,124.917,4,1,0,3.94,Medium popularity
Georgia,Vance Joy,folk,67,2014-08-05,2014,8,2010s,0.659,0.388,-7.372,0.0943,0.401,0.0308,0.000315,0.312,143.554,4,1,11,3.84,Medium popularity
Second Chances,Gregory Alan Isakov,folk,62,2013-07-09,2013,7,2010s,0.325,0.381,-9.972,0.113,0.208,0.0305,0.0925,0.947,154.198,3,1,4,3.82,Medium popularity
Even the Darkness Has Arms,The Barr Brothers,folk,56,2014-10-06,2014,10,2010s,0.652,0.509,-13.103,0.29,0.742,0.0431,0.143,0.809,101.243,4,1,11,3.84,Medium popularity
Vagabond,Caamp,folk,67,2016-03-08,2016,3,2010s,0.399,0.571,-11.92,0.0926,0.612,0.0364,0.0146,0.766,141.932,4,1,4,2.16,Medium popularity
All We Ever Knew,The Head And The Heart,folk,60,2016-09-09,2016,9,2010s,0.724,0.487,-5.905,0.213,0.546,0.0289,1.03e-05,0.00224,102.03,4,1,0,3.76,Medium popularity
And It's Still Alright,Nathaniel Rateliff,folk,59,2020-02-14,2020,2,2020s,0.492,0.521,-9.127,0.118,0.301,0.0297,0.619,0.689,77.585,4,1,3,3.93,Medium popularity
Paul Revere (with Gregory Alan Isakov),"Noah Kahan, Gregory Alan Isakov",folk,60,2024-02-09,2024,2,2020s,0.363,0.672,-10.368,0.113,0.385,0.033,5.14e-06,0.617,107.953,4,1,2,3.56,Medium popularity
The Railroad,"Goodnight, Texas",folk,55,2012-10-02,2012,10,2010s,0.423,0.681,-12.002,0.0925,0.439,0.0253,0.512,0.627,91.044,4,1,0,4.17,Medium popularity
Providence,Poor Man's Poison,folk,64,2014-01-28,2014,1,2010s,0.519,0.5,-9.661,0.0759,0.875,0.0464,1.16e-05,0.179,105.101,4,0,4,3.06,Medium popularity
Old Ties and Companions,Watchhouse,folk,64,2015-05-05,2015,5,2010s,0.368,0.657,-9.978,0.109,0.522,0.0281,0.00293,0.884,116.221,4,1,7,3.15,Medium popularity
Didn't Leave Nobody But The Baby,"Emmylou Harris, Alison Krauss, Gillian Welch",folk,50,2000-12-05,2000,12,2000s,0.105,0.653,-16.511,0.114,0.231,0.0454,0.0,0.951,52.946,4,0,10,1.96,Medium popularity
Fraulein (feat. Tyler Childers),"Colter Wall, Tyler Childers",folk,65,2017-05-12,2017,5,2010s,0.124,0.473,-13.245,0.126,0.476,0.0339,3.49e-05,0.942,139.584,4,1,7,2.38,Medium popularity
從未見過的海 (Netflix 影集《影后》序曲),告五人,mandopop,54,2024-11-08,2024,11,2020s,0.723,0.301,-6.808,0.0851,0.359,0.286,0.000303,0.399,77.143,1,1,2,5.03,Medium popularity
這麼多年 - 電影《我想和你在一起》插曲,陳華,mandopop,59,2024-06-07,2024,6,2020s,0.423,0.529,-7.368,0.154,0.223,0.0293,0.0,0.838,129.511,4,1,3,4.2,Medium popularity
介质,"Nicky Lee, 郑润泽",mandopop,49,2024-11-08,2024,11,2020s,0.471,0.539,-9.082,0.1,0.271,0.0415,0.0,0.77,135.996,4,1,4,4.06,Medium popularity
想念你想我,Eric Chou,mandopop,57,2024-11-15,2024,11,2020s,0.482,0.463,-5.676,0.256,0.416,0.0265,0.0,0.655,139.842,4,1,9,4.01,Medium popularity
運轉人生 - 影集《華麗計程車行》插曲,邱軍,mandopop,63,2024-02-23,2024,2,2020s,0.579,0.532,-5.021,0.323,0.362,0.03,0.0,0.466,131.92,3,1,0,3.47,Medium popularity
有天會再相見,DIOR 大穎,mandopop,58,2024-09-02,2024,9,2020s,0.253,0.531,-9.189,0.174,0.255,0.0367,0.0,0.847,130.006,4,1,3,4.59,Medium popularity
星期五晚上,Energy,mandopop,50,2024-05-02,2024,5,2020s,0.858,0.704,-4.348,0.0998,0.608,0.103,0.0,0.0162,127.981,4,1,1,3.64,Medium popularity
不愛就不愛,艾薇,mandopop,48,2024-11-02,2024,11,2020s,0.573,0.496,-7.125,0.107,0.122,0.0629,4.97e-06,0.232,169.933,4,0,5,3.3,Medium popularity
Hey Girl - Netflix影集《影后》片尾曲,小男孩樂團,mandopop,48,2024-11-15,2024,11,2020s,0.758,0.636,-4.034,0.0678,0.586,0.0379,0.0,0.16,90.949,4,1,7,3.85,Medium popularity
Hold On,"高爾宣 OSN, Patrick Brasca",mandopop,63,2024-06-14,2024,6,2020s,0.671,0.592,-5.054,0.318,0.207,0.0393,0.0,0.0152,76.037,4,1,9,3.0,Medium popularity
月亮,芒果醬 Mango Jump,mandopop,53,2024-09-17,2024,9,2020s,0.35,0.436,-7.237,0.438,0.317,0.0348,0.0,0.725,180.059,3,1,4,4.29,Medium popularity
最后一页 - Live,"王赫野, 姚晓棠",mandopop,59,2024-04-26,2024,4,2020s,0.367,0.448,-9.595,0.177,0.356,0.032,0.0,0.691,137.9,4,1,4,4.67,Medium popularity
我對你的愛沒有盡頭,蕭秉治,mandopop,46,2024-11-07,2024,11,2020s,0.68,0.41,-3.901,0.116,0.252,0.0339,0.0,0.496,144.201,4,1,0,4.17,Medium popularity
泡沫,"李浩瑋 Howard Lee, Patrick Brasca",mandopop,46,2024-11-15,2024,11,2020s,0.68,0.601,-5.456,0.271,0.775,0.0943,0.0,0.181,100.008,4,1,9,3.04,Medium popularity
初戀,Samantha Lam,cantopop,19,2000-07-24,2000,7,2000s,0.577,0.651,-10.557,0.0714,0.587,0.0373,1.81e-05,0.671,130.368,4,0,1,3.8,Low popularity
愛情陷阱,Alan Tam,cantopop,29,2008-01-01,2008,1,2000s,0.773,0.676,-8.344,0.0831,0.764,0.0453,0.0,0.267,149.715,4,1,0,3.85,Low popularity
朋友 - 電影「龍兄虎弟」歌曲,Alan Tam,cantopop,28,2008-01-01,2008,1,2000s,0.375,0.662,-10.601,0.169,0.28,0.0275,0.0,0.779,109.462,4,1,7,4.75,Low popularity
一生中最愛 - 電影《雙城故事》歌曲,Alan Tam,cantopop,32,2008-01-01,2008,1,2000s,0.2,0.65,-14.531,0.131,0.18,0.0373,5.29e-05,0.845,125.939,4,1,3,4.35,Low popularity
雨夜的浪漫,Alan Tam,cantopop,11,2014-01-01,2014,1,2010s,0.404,0.488,-7.598,0.0963,0.176,0.0266,0.0,0.693,139.757,4,0,4,4.3,Low popularity
夜機,Priscilla Chan,cantopop,15,2011-01-01,2011,1,2010s,0.384,0.308,-12.652,0.172,0.226,0.032,0.0,0.744,144.798,4,0,4,4.54,Low popularity
難得有情人,Shirley Kwan,cantopop,14,2013-01-01,2013,1,2010s,0.599,0.719,-6.037,0.148,0.367,0.0219,0.000631,0.249,97.549,4,0,4,3.7,Low popularity
多情,Vivian Lai,cantopop,27,2001-01-01,2001,1,2000s,0.45,0.616,-11.201,0.103,0.368,0.0401,0.0,0.772,128.022,4,1,10,4.16,Low popularity
一人有一個夢想,Vivian Lai,cantopop,39,2001-01-01,2001,1,2000s,0.43,0.619,-9.716,0.207,0.379,0.0304,0.0,0.716,160.0,4,1,4,3.83,Low popularity
傾斜,"Sandy Lam, Wong Kei Wah",cantopop,28,1990-08-28,1990,8,1990s,0.893,0.764,-5.858,0.0336,0.977,0.0385,0.00487,0.0381,114.058,4,1,7,4.36,Low popularity
放縱,Sandy Lam,cantopop,20,2011-04-04,2011,4,2010s,0.489,0.489,-6.625,0.214,0.243,0.0279,6.49e-06,0.542,77.956,4,0,7,4.67,Low popularity
灰色,Sandy Lam,cantopop,31,2009-04-06,2009,4,2000s,0.744,0.843,-7.675,0.0877,0.962,0.0343,7.13e-06,0.293,125.986,4,0,9,4.01,Low popularity
SMILE AGAIN 瑪莉亞,Jacky Cheung,cantopop,18,2013-01-01,2013,1,2010s,0.363,0.482,-10.612,0.0594,0.202,0.03,1.91e-05,0.806,78.565,4,0,7,4.99,Low popularity
Amour,Jacky Cheung,cantopop,32,2013-01-01,2013,1,2010s,0.4,0.513,-12.346,0.0918,0.193,0.0326,3.84e-06,0.383,144.692,4,1,9,4.38,Low popularity
月半彎,Jacky Cheung,cantopop,39,2013-01-01,2013,1,2010s,0.335,0.565,-14.849,0.0821,0.322,0.0294,2.04e-05,0.6,88.267,4,1,5,3.83,Low popularity
情已逝,Jacky Cheung,cantopop,38,2013-01-01,2013,1,2010s,0.358,0.419,-13.989,0.0942,0.392,0.0456,5.08e-05,0.713,181.78,4,0,0,4.75,Low popularity
輕撫妳的臉,Jacky Cheung,cantopop,25,2013-01-01,2013,1,2010s,0.238,0.5,-13.304,0.119,0.158,0.0533,0.0,0.769,142.425,4,1,7,3.49,Low popularity
絲絲記憶 - 電影「錯點鴛鴦」主題曲,Jacky Cheung,cantopop,18,2013-01-01,2013,1,2010s,0.374,0.565,-12.424,0.151,0.199,0.0312,0.0,0.712,130.241,4,1,10,3.13,Low popularity
可不可以,Andy Lau,cantopop,22,2006-01-01,2006,1,2000s,0.376,0.537,-14.871,0.106,0.332,0.0353,9.55e-06,0.687,70.101,4,1,6,4.71,Low popularity
情人知己,Sally Yeh,cantopop,24,2004-12-02,2004,12,2000s,0.462,0.443,-5.205,0.111,0.239,0.0329,0.0,0.662,120.999,4,1,8,4.53,Low popularity
女人的弱點,Sally Yeh,cantopop,23,2004-12-02,2004,12,2000s,0.745,0.617,-5.378,0.0764,0.498,0.027,0.0,0.396,134.172,4,1,9,5.78,Low popularity
阿信的故事,Sally Yeh,cantopop,15,2004-12-02,2004,12,2000s,0.422,0.584,-5.869,0.0868,0.19,0.0295,0.00316,0.742,74.683,4,1,9,3.6,Low popularity
零時十分,Sally Yeh,cantopop,21,2004-12-02,2004,12,2000s,0.342,0.234,-8.566,0.124,0.268,0.0354,0.000379,0.826,181.047,4,1,0,3.36,Low popularity
海闊天空,Beyond,cantopop,18,1992-07-31,1992,7,1990s,0.311,0.311,-11.516,0.195,0.369,0.0323,0.0,0.69,76.951,4,1,5,3.99,Low popularity
我是憤怒,Beyond,cantopop,34,1992-07-31,1992,7,1990s,0.892,0.499,-5.172,0.0996,0.457,0.0694,5.84e-05,0.0048,152.98,4,0,11,4.2,Low popularity
情人,Beyond,cantopop,17,1992-07-31,1992,7,1990s,0.445,0.543,-8.137,0.0586,0.152,0.0277,1.3e-05,0.375,143.998,4,1,0,5.28,Low popularity
早班火車,Beyond,cantopop,27,1992-07-31,1992,7,1990s,0.539,0.217,-12.261,0.0658,0.312,0.0402,3.69e-05,0.0903,89.129,4,1,2,5.86,Low popularity
Aa Vasant Rajni,Meghdeep Bose,indian,20,2023-02-18,2023,2,2020s,0.559,0.674,-6.354,0.194,0.683,0.0303,0.000139,0.849,120.055,3,1,9,4.83,Low popularity
Akeli Dar Lage,"Abhijit Pohankar, Ramakant Gaikwad, Samarth Desai, Amit Mishra",indian,20,2023-10-06,2023,10,2020s,0.552,0.422,-8.347,0.116,0.236,0.036,0.217,0.661,139.892,3,1,6,4.08,Low popularity
Mangal Din,"Abby V, Ricky Kej, Sivaangi Krishnakumar",indian,20,2023-11-24,2023,11,2020s,0.612,0.375,-9.085,0.48,0.445,0.132,7.71e-06,0.179,170.021,4,1,5,4.58,Low popularity
Najariya LoFi Cake Mix,"Madhubanti Bagchi, Shashwat Sachdev",indian,20,2024-02-19,2024,2,2020s,0.372,0.326,-12.065,0.25,0.242,0.268,0.46,0.296,198.004,4,1,8,2.62,Low popularity
Jaa Kaga,"Abby V, Ricky Kej, Benny Dayal",indian,23,2023-10-20,2023,10,2020s,0.609,0.674,-9.329,0.105,0.113,0.0476,1.17e-06,0.267,110.016,4,1,1,5.17,Low popularity
Garaj Garaj Jugalbandi,"Shankar-Ehsaan-Loy, Farid Hasan, Mohammed Aman",indian,36,2020-07-27,2020,7,2020s,0.779,0.269,-5.135,0.0892,0.384,0.0519,1.73e-06,0.0463,150.04,3,1,2,5.52,Low popularity
Garjat Aayi Re - Miyan Malhaar - Teentaal,"Jazim Sharma, Kumar Sharma, Kathak Rockers",indian,19,2023-06-01,2023,6,2020s,0.86,0.385,-7.159,0.295,0.737,0.114,2.83e-05,0.714,103.146,4,1,7,6.0,Low popularity
Black Effect,"Jordan Sandhu, Mehar Vaani, Desi Crew",indian,29,2022-01-07,2022,1,2020s,0.739,0.679,-5.319,0.231,0.755,0.161,0.0,0.14,146.046,4,0,4,2.93,Low popularity
Majha Block,Prem Dhillon,indian,49,2020-11-20,2020,11,2020s,0.659,0.783,-7.871,0.354,0.803,0.313,0.0,0.265,154.956,4,0,4,4.15,Medium popularity
Peg Te Bhangra,"Sharry Mann, Mista Baaz",indian,32,2024-06-21,2024,6,2020s,0.92,0.792,-4.023,0.224,0.968,0.219,0.0,0.403,167.895,4,0,9,2.96,Low popularity
8 Raflaan (feat. Gurlez Akhtar),"Mankirt Aulakh, Gurlez Akhtar",indian,53,2021-03-23,2021,3,2020s,0.845,0.771,-2.194,0.313,0.62,0.201,0.0,0.69,92.0,4,0,5,1.92,Medium popularity
Killa,"Dilpreet Dhillon, Sultaan, Desi Crew",indian,51,2024-08-20,2024,8,2020s,0.838,0.682,-5.84,0.265,0.835,0.317,0.0,0.0555,173.712,4,0,1,3.63,Medium popularity
Munda Inj Da Nahi,"Surjit Bhullar, Mista Baaz",indian,20,2024-11-20,2024,11,2020s,0.737,0.736,-5.819,0.0784,0.504,0.0462,0.0,0.153,81.022,4,0,11,2.81,Low popularity
Jatt Zindabad,"K.S Makhan, Manpreet Hans, Laddi Gill",indian,28,2024-11-07,2024,11,2020s,0.668,0.69,-5.674,0.252,0.781,0.193,0.0,0.133,167.913,4,0,5,3.59,Low popularity
Sunke,Khan Bhaini,indian,58,2024-10-15,2024,10,2020s,0.674,0.649,-5.854,0.0322,0.486,0.214,0.0,0.0573,89.791,4,1,10,2.65,Medium popularity
Sada Daur,"Dhira Gill, Aman Hayer, Saab Pangota",indian,20,2024-11-14,2024,11,2020s,0.803,0.692,-8.282,0.359,0.894,0.268,7.27e-05,0.025,82.552,4,1,1,3.16,Low popularity
Gutt,"Sippy Gill, Mxrci",indian,41,2024-10-16,2024,10,2020s,0.826,0.542,-5.946,0.432,0.355,0.15,0.0,0.056,175.959,4,0,7,3.01,Medium popularity
Sarpanchi,"Kulwinder Kaily, Gurlez Akhtar",indian,20,2018-04-20,2018,4,2010s,0.953,0.762,-2.482,0.0847,0.787,0.208,0.0,0.109,109.965,4,0,8,4.03,Low popularity
Gadaar,"Korala Maan, Youngstarr Pop Boy",indian,47,2024-10-07,2024,10,2020s,0.85,0.754,-4.179,0.389,0.789,0.128,0.0,0.0542,80.042,4,0,8,3.22,Medium popularity
Dabde Ni,Ammy Virk,indian,44,2021-11-07,2021,11,2020s,0.829,0.783,-4.759,0.0793,0.835,0.219,0.0,0.31,89.972,4,0,8,3.46,Medium popularity
controlla,Idealism,lofi,13,2017-08-30,2017,8,2010s,0.446,0.788,-9.812,0.273,0.545,0.0693,0.694,0.54,80.033,4,1,6,1.8,Low popularity
The Girl With the Cappuccino,LoFi Waiter,lofi,56,2020-09-18,2020,9,2020s,0.446,0.79,-9.273,0.0933,0.222,0.052,0.931,0.656,80.002,4,0,9,1.9,Medium popularity
The Girl Who Fell From The Sky (Laputa),Sleepy Tom,lofi,50,2021-04-30,2021,4,2020s,0.479,0.542,-15.033,0.171,0.217,0.039,0.647,0.972,132.96,4,0,0,1.53,Medium popularity
One summer's day,"Otaku, LoFi Waiter",lofi,55,2021-08-27,2021,8,2020s,0.415,0.701,-17.812,0.109,0.326,0.0663,0.886,0.442,74.989,4,1,0,2.12,Medium popularity
Eternal Youth,RŮDE,lofi,61,2017-08-07,2017,8,2010s,0.487,0.655,-7.988,0.271,0.0454,0.033,0.897,0.0347,139.914,4,1,6,3.43,Medium popularity
The Girl Who Fell from the Sky,"Otaku, LoFi Waiter",lofi,53,2021-08-27,2021,8,2020s,0.307,0.635,-16.255,0.0928,0.408,0.0446,0.904,0.676,150.456,4,0,0,1.92,Medium popularity
Unravel (Tokyo Ghoul),"Otaku, LoFi Waiter",lofi,49,2021-03-12,2021,3,2020s,0.34,0.714,-15.571,0.1,0.176,0.0534,0.871,0.356,139.993,4,1,8,2.13,Medium popularity
Blue Bird (Naruto),Otaku,lofi,48,2021-03-12,2021,3,2020s,0.229,0.58,-16.333,0.104,0.127,0.0308,0.856,0.287,70.013,4,0,1,1.86,Medium popularity
One Summer's Day (Spirited Away),Sleepy Tom,lofi,48,2021-04-30,2021,4,2020s,0.562,0.788,-14.215,0.339,0.202,0.0685,0.729,0.466,85.022,4,0,11,2.26,Medium popularity
Rain Check,Dylan Sitts,lofi,37,2019-09-13,2019,9,2010s,0.409,0.789,-9.087,0.0721,0.383,0.0471,0.93,0.385,86.008,4,1,3,2.28,Low popularity
get better,"Eden Elf, Ren Avel",lofi,44,2022-05-13,2022,5,2020s,0.201,0.639,-16.613,0.124,0.4,0.0526,2.26e-05,0.907,88.107,4,0,7,1.86,Medium popularity
everything you say,"mommy, Philanthrope",lofi,42,2018-11-21,2018,11,2010s,0.276,0.679,-19.497,0.354,0.302,0.0566,0.869,0.487,141.957,4,0,11,2.64,Medium popularity
Marco and Gina,Otaku,lofi,55,2021-08-27,2021,8,2020s,0.262,0.733,-16.316,0.102,0.393,0.0627,0.854,0.548,75.082,4,1,8,1.82,Medium popularity
Again (Full Metal),Otaku,lofi,44,2021-03-12,2021,3,2020s,0.222,0.74,-18.576,0.0782,0.148,0.0586,0.918,0.468,139.991,4,0,4,1.9,Medium popularity
The Girl I Haven't Met (Biskwiq Flip),"Kudasaibeats, Biskwiq",lofi,42,2018-05-06,2018,5,2010s,0.547,0.733,-5.464,0.383,0.295,0.203,0.00537,0.301,71.976,4,1,8,3.24,Medium popularity
Laugh,Sarcastic Sounds,lofi,36,2020-06-26,2020,6,2020s,0.445,0.491,-11.999,0.209,0.184,0.384,0.000115,0.925,78.738,4,1,11,2.13,Low popularity
Ocarina of Time (The Legend of Zelda),Ren Avel,lofi,29,2022-06-24,2022,6,2020s,0.531,0.432,-12.648,0.108,0.164,0.0572,0.808,0.866,139.947,4,1,0,1.81,Low popularity
Always With Me (Spirited Away),Sleepy Tom,lofi,46,2021-04-30,2021,4,2020s,0.495,0.854,-11.031,0.0928,0.807,0.0731,0.849,0.52,124.03,3,1,5,1.36,Medium popularity
Blue Bird (Naruto Shippuden),Ren Avel,lofi,30,2022-06-24,2022,6,2020s,0.441,0.656,-13.217,0.182,0.315,0.0325,0.905,0.974,100.023,4,0,6,1.94,Low popularity
Scared of the World,Sarcastic Sounds,lofi,34,2020-07-31,2020,7,2020s,0.504,0.633,-7.3,0.245,0.263,0.0623,0.205,0.517,81.42,4,0,10,1.41,Low popularity
Fairy Fountain (The Legend of Zelda),Ren Avel,lofi,39,2021-05-21,2021,5,2020s,0.433,0.87,-12.679,0.124,0.442,0.0503,0.849,0.965,115.979,4,1,7,2.01,Low popularity
Comedy (Spy x Family),Ren Avel,lofi,28,2022-06-24,2022,6,2020s,0.583,0.757,-11.469,0.102,0.633,0.0501,0.936,0.963,143.968,4,1,4,1.42,Low popularity
I Miss You,Sarcastic Sounds,lofi,33,2019-04-02,2019,4,2010s,0.338,0.748,-13.947,0.312,0.377,0.0654,0.88,0.0418,152.033,1,1,11,1.98,Low popularity
Lost in Paradise (Jujutsu Kaisen),Ren Avel,lofi,30,2022-06-24,2022,6,2020s,0.418,0.715,-11.517,0.308,0.601,0.0393,0.913,0.953,160.004,4,1,1,1.75,Low popularity
Aryetti's Song,Otaku,lofi,53,2021-08-27,2021,8,2020s,0.296,0.49,-20.157,0.106,0.339,0.0301,0.862,0.726,75.012,4,0,3,1.93,Medium popularity
Stay and Wander,"Tom Doolie, Cap Kendricks",lofi,40,2019-03-22,2019,3,2010s,0.425,0.652,-12.598,0.0957,0.588,0.0358,0.875,0.875,87.007,4,1,5,1.87,Medium popularity
sorry,chief.,lofi,40,2017-12-08,2017,12,2010s,0.302,0.548,-12.869,0.314,0.546,0.12,0.893,0.752,127.159,4,1,10,1.3,Medium popularity
Fireworks,"Nymano, Pandrezz",lofi,44,2018-10-17,2018,10,2010s,0.31,0.558,-10.53,0.147,0.395,0.373,0.934,0.526,188.179,4,0,5,2.3,Medium popularity
Rosalina's Comet Observatory (Super Mario Galaxy),Ren Avel,lofi,29,2022-06-24,2022,6,2020s,0.313,0.571,-15.565,0.0937,0.323,0.0398,0.948,0.96,140.98,3,1,2,1.54,Low popularity
Peach,"Glimlip, Louk, Elior",lofi,45,2019-10-23,2019,10,2010s,0.35,0.811,-11.318,0.105,0.635,0.0439,0.907,0.406,118.009,4,1,1,2.28,Medium popularity
CHASE,twuan,lofi,27,2019-05-07,2019,5,2010s,0.241,0.808,-9.699,0.109,0.417,0.18,0.888,0.102,80.782,4,0,8,2.11,Low popularity
Ambivalence,"Hanz, emawk",lofi,40,2018-11-01,2018,11,2010s,0.382,0.498,-11.555,0.246,0.141,0.104,0.15,0.643,108.745,5,0,11,2.53,Medium popularity
Tiny Sailboat,Kupla,lofi,33,2019-09-02,2019,9,2010s,0.322,0.624,-10.949,0.643,0.381,0.135,0.878,0.397,173.988,4,1,0,2.51,Low popularity
Again (Fullmetal Alchemist),Ren Avel,lofi,29,2022-06-24,2022,6,2020s,0.399,0.693,-13.659,0.0964,0.231,0.027,0.9,0.983,94.96,4,0,4,2.25,Low popularity
Space Cadet,"Philanthrope, Sleepy Fish",lofi,40,2019-08-21,2019,8,2010s,0.26,0.698,-19.222,0.107,0.366,0.0745,0.911,0.697,127.986,4,1,8,2.38,Medium popularity
Driver's High (GTO),Ren Avel,lofi,33,2022-06-24,2022,6,2020s,0.464,0.782,-9.616,0.364,0.375,0.0405,0.794,0.847,114.046,4,1,4,2.09,Low popularity
Blue Book,Tom Doolie,lofi,29,2020-03-27,2020,3,2020s,0.283,0.621,-11.675,0.106,0.47,0.0657,0.904,0.842,79.023,4,1,1,2.47,Low popularity
Interstellar,"drkmnd, Arbour",lofi,45,2019-01-14,2019,1,2010s,0.157,0.503,-15.226,0.11,0.13,0.127,0.808,0.527,76.85,4,1,11,2.75,Medium popularity
2AM Study,LoFi Waiter,lofi,47,2022-01-07,2022,1,2020s,0.0551,0.656,-26.03,0.0807,0.194,0.0573,0.958,0.281,130.006,4,0,10,0.76,Medium popularity
I Miss You,LoFi Waiter,lofi,46,2022-01-07,2022,1,2020s,0.147,0.466,-21.666,0.232,0.364,0.047,0.433,0.529,128.563,4,0,1,0.71,Medium popularity
At the Library,LoFi Waiter,lofi,45,2022-01-07,2022,1,2020s,0.203,0.573,-20.826,0.327,0.0391,0.0384,0.939,0.34,130.54,4,0,5,0.59,Medium popularity
Cha La Head Cha La (Dragon Ball Z),Ren Avel,lofi,33,2021-05-21,2021,5,2020s,0.66,0.692,-7.336,0.502,0.311,0.0292,0.933,0.796,124.978,4,1,2,2.0,Low popularity
Unrushed,LoFi Waiter,lofi,45,2022-01-07,2022,1,2020s,0.0669,0.755,-25.988,0.108,0.236,0.0599,0.737,0.174,130.062,4,0,1,0.79,Medium popularity
Childhood Fragments,LoFi Waiter,lofi,44,2022-01-07,2022,1,2020s,0.246,0.893,-20.438,0.0981,0.849,0.0677,0.939,0.014,129.998,4,0,4,0.74,Medium popularity
ODDTAXI (ODDTAXI),Ren Avel,lofi,33,2022-06-24,2022,6,2020s,0.373,0.769,-11.036,0.108,0.242,0.0756,0.931,0.953,150.104,4,1,10,1.88,Low popularity
should have never met you,"Ngyn, nitsua.",lofi,47,2020-10-16,2020,10,2020s,0.192,0.789,-19.718,0.147,0.437,0.0798,0.781,0.857,90.014,4,0,11,1.91,Medium popularity
Lofi Rain,"Chilled Cougar, LoFi Waiter",lofi,55,2020-10-30,2020,10,2020s,0.208,0.532,-17.916,0.102,0.366,0.0409,0.929,0.933,80.021,4,1,0,2.0,Medium popularity
Departure! (Hunter x Hunter),Ren Avel,lofi,29,2022-06-24,2022,6,2020s,0.412,0.648,-14.207,0.113,0.333,0.0269,0.92,0.942,108.038,4,1,3,1.88,Low popularity
Flames to Dust,Shierro,lofi,44,2021-07-30,2021,7,2020s,0.42,0.528,-12.708,0.13,0.0484,0.0328,0.888,0.477,70.024,4,0,5,2.57,Medium popularity
Sunset,Altair Blake,lofi,44,2020-10-23,2020,10,2020s,0.473,0.695,-7.418,0.135,0.773,0.0956,0.26,0.0491,160.02,4,1,7,2.02,Medium popularity
above the clouds,"Ngyn, nitsua.",lofi,44,2020-10-02,2020,10,2020s,0.248,0.718,-16.31,0.125,0.192,0.0378,0.915,0.567,79.952,4,0,5,1.66,Medium popularity
Lifelight (Super Smash Bros. Ultimate),Ren Avel,lofi,33,2022-06-24,2022,6,2020s,0.496,0.653,-13.809,0.0772,0.198,0.03,0.931,0.925,100.054,4,0,7,1.5,Low popularity
New Fields,"Tom Doolie, Saib",lofi,23,2020-06-21,2020,6,2020s,0.486,0.5,-8.801,0.119,0.36,0.168,0.353,0.559,175.786,4,1,9,2.21,Low popularity
Club Insomnia,Shierro,lofi,38,2021-07-30,2021,7,2020s,0.285,0.64,-11.467,0.097,0.0923,0.0269,0.956,0.853,74.969,4,1,0,3.01,Low popularity
Fly Away,Altair Blake,lofi,41,2020-10-30,2020,10,2020s,0.417,0.717,-12.677,0.121,0.59,0.046,0.943,0.699,93.048,4,0,8,2.06,Medium popularity
Disconnect,Shierro,lofi,26,2021-07-30,2021,7,2020s,0.449,0.626,-9.519,0.111,0.217,0.0378,0.964,0.124,150.029,4,0,9,2.16,Low popularity
Giorno's Theme (JoJo's Bizarre Adventure),Ren Avel,lofi,31,2022-06-24,2022,6,2020s,0.491,0.67,-11.226,0.373,0.506,0.0855,0.973,0.908,156.078,4,1,9,1.23,Low popularity
Midnight Macchiato,LoFi Waiter,lofi,51,2020-09-18,2020,9,2020s,0.37,0.592,-10.87,0.106,0.143,0.167,0.91,0.257,80.055,4,1,0,2.05,Medium popularity
Quiet Storm,Shierro,lofi,54,2020-11-03,2020,11,2020s,0.526,0.613,-9.243,0.168,0.108,0.031,0.933,0.669,154.082,4,0,7,2.08,Medium popularity
Watching The Rain,LoFi Waiter,lofi,53,2021-01-22,2021,1,2020s,0.704,0.694,-10.396,0.0908,0.212,0.207,0.831,0.0388,74.983,4,0,11,1.61,Medium popularity
We Gotta Power (Dragon Ball Z),Ren Avel,lofi,31,2022-06-24,2022,6,2020s,0.632,0.64,-8.752,0.109,0.275,0.0374,0.85,0.941,136.103,4,1,7,1.74,Low popularity
Cold Morning,LoFi Waiter,lofi,47,2020-11-06,2020,11,2020s,0.53,0.619,-8.98,0.135,0.118,0.0363,0.865,0.453,80.001,4,1,0,2.05,Medium popularity
Walking On The Clouds,Sleepy Tom,lofi,49,2020-10-30,2020,10,2020s,0.373,0.762,-12.165,0.127,0.246,0.049,0.929,0.966,89.981,4,0,5,1.61,Medium popularity
Walking in Ueno,LoFi Waiter,lofi,52,2020-09-18,2020,9,2020s,0.499,0.648,-9.724,0.107,0.119,0.0412,0.933,0.55,147.661,4,1,8,1.53,Medium popularity
letting go,mood.,lofi,52,2021-02-19,2021,2,2020s,0.289,0.521,-12.812,0.0878,0.0715,0.0292,0.843,0.65,74.987,4,1,7,1.71,Medium popularity
Sunset Coffee,LoFi Waiter,lofi,46,2020-10-09,2020,10,2020s,0.42,0.487,-9.923,0.109,0.064,0.0475,0.881,0.624,170.048,4,1,10,2.36,Medium popularity
Waves,Chilled Cougar,lofi,36,2020-11-06,2020,11,2020s,0.37,0.777,-15.109,0.255,0.123,0.0504,0.905,0.803,80.014,4,1,9,2.05,Low popularity
Shukudai,LoFi Waiter,lofi,50,2021-02-03,2021,2,2020s,0.304,0.638,-11.335,0.166,0.171,0.0333,0.741,0.0664,78.026,4,1,9,1.95,Medium popularity
Asterisk (Bleach),Ren Avel,lofi,31,2022-06-24,2022,6,2020s,0.508,0.534,-12.056,0.366,0.321,0.0293,0.835,0.897,169.92,4,1,0,2.05,Low popularity
Dan Dan Kokoro Hikareteku (Dragon Ball GT),Ren Avel,lofi,36,2021-04-09,2021,4,2020s,0.67,0.623,-6.067,0.154,0.398,0.0464,0.93,0.436,169.959,4,1,0,2.83,Low popularity
No Sleep,Altair Blake,lofi,40,2020-10-16,2020,10,2020s,0.309,0.768,-14.508,0.148,0.176,0.0911,0.906,0.236,87.028,4,0,7,2.94,Medium popularity
Night Drive,LoFi Waiter,lofi,45,2021-02-03,2021,2,2020s,0.536,0.669,-10.684,0.0885,0.824,0.0381,0.0697,0.565,79.993,4,1,1,2.0,Medium popularity
the WORLD (Death Note),Ren Avel,lofi,36,2021-04-09,2021,4,2020s,0.493,0.599,-10.691,0.248,0.37,0.229,0.864,0.89,75.236,4,0,11,1.87,Low popularity
Renai Circulation (Bakemonogatari),Otaku,lofi,46,2021-04-16,2021,4,2020s,0.259,0.612,-11.096,0.106,0.214,0.0999,0.901,0.196,149.957,4,0,11,1.76,Medium popularity
Morning Dew,LoFi Waiter,lofi,48,2021-01-22,2021,1,2020s,0.415,0.664,-17.534,0.664,0.181,0.141,0.746,0.425,140.025,4,0,0,1.54,Medium popularity
Bon Voyage (One Piece),Ren Avel,lofi,29,2022-06-24,2022,6,2020s,0.295,0.708,-16.188,0.123,0.2,0.0304,0.944,0.979,98.98,4,1,5,2.2,Low popularity
Hacking to the Gate (Stein;Gate),"Otaku, LoFi Waiter",lofi,41,2021-04-16,2021,4,2020s,0.298,0.598,-16.795,0.105,0.124,0.0374,0.889,0.293,150.077,4,0,2,1.81,Medium popularity
The Day (My Hero Academia),Otaku,lofi,41,2021-04-16,2021,4,2020s,0.188,0.634,-18.921,0.111,0.387,0.0419,0.895,0.595,75.004,4,0,6,1.44,Medium popularity
Sing My Pleasure (Vivy Fluorite Eye's Song),Ren Avel,lofi,30,2022-06-24,2022,6,2020s,0.552,0.65,-10.937,0.144,0.388,0.037,0.922,0.905,139.972,4,0,5,1.93,Low popularity
Tank! (Cowboy Bebop),"Otaku, LoFi Waiter",lofi,43,2021-04-16,2021,4,2020s,0.585,0.749,-14.505,0.0809,0.551,0.0963,0.896,0.302,170.0,4,1,1,1.74,Medium popularity
Colors (Code Geass),Ren Avel,lofi,32,2021-04-09,2021,4,2020s,0.461,0.564,-8.1,0.0914,0.454,0.0742,0.925,0.944,179.961,4,1,1,2.28,Low popularity
black roses,mood.,lofi,47,2021-02-19,2021,2,2020s,0.498,0.878,-8.624,0.108,0.0577,0.0715,0.867,0.0528,140.009,4,1,8,1.9,Medium popularity
Guren no Yumiya (Attack on Titan),Ren Avel,lofi,31,2022-06-24,2022,6,2020s,0.521,0.765,-12.165,0.107,0.533,0.0317,0.817,0.941,130.023,4,0,1,1.36,Low popularity
Let It Flow,Altair Blake,lofi,39,2020-11-06,2020,11,2020s,0.413,0.643,-10.048,0.131,0.424,0.0334,0.833,0.117,75.007,4,0,10,2.16,Low popularity
Jazzy Afternoon,LoFi Waiter,lofi,47,2021-02-03,2021,2,2020s,0.52,0.674,-9.925,0.107,0.225,0.0334,0.945,0.772,82.47,4,1,4,1.6,Medium popularity
National Park (Pokémon Gold & Silver),Ren Avel,lofi,32,2021-04-09,2021,4,2020s,0.469,0.703,-11.165,0.0963,0.321,0.0471,0.94,0.686,78.98,4,1,1,1.99,Low popularity
Kimi ni Todoke (Kimi ni Todoke),Ren Avel,lofi,32,2022-06-24,2022,6,2020s,0.465,0.708,-12.306,0.0971,0.264,0.0312,0.908,0.934,100.11,4,0,6,1.3,Low popularity
Japanese Winter,LoFi Waiter,lofi,47,2021-02-03,2021,2,2020s,0.571,0.845,-10.541,0.313,0.657,0.058,0.865,0.397,134.996,4,0,5,1.81,Medium popularity
Hyper Printing,Satoshi Nakamoto,lofi,40,2021-02-05,2021,2,2020s,0.401,0.691,-5.814,0.225,0.418,0.0338,0.916,0.267,157.973,4,1,0,2.15,Medium popularity
This Game (No Game No Life),Otaku,lofi,42,2021-04-16,2021,4,2020s,0.555,0.666,-12.93,0.0726,0.568,0.0427,0.899,0.273,159.954,4,0,1,1.95,Medium popularity
Have a Nice Day,LoFi Waiter,lofi,46,2020-09-18,2020,9,2020s,0.0786,0.7,-13.826,0.112,0.568,0.173,0.941,0.643,80.041,4,1,0,1.2,Medium popularity
Lake (Pokémon Diamond & Pearl),Ren Avel,lofi,31,2022-06-24,2022,6,2020s,0.547,0.606,-11.462,0.0978,0.357,0.0964,0.927,0.782,159.947,4,1,5,2.44,Low popularity
Lost Woods (The Legend of Zelda),Ren Avel,lofi,33,2021-04-09,2021,4,2020s,0.502,0.673,-10.53,0.118,0.707,0.0315,0.945,0.683,142.534,3,1,0,1.44,Low popularity
Green Bubble,Sleepy Tom,lofi,43,2020-10-23,2020,10,2020s,0.382,0.609,-13.286,0.0879,0.12,0.103,0.916,0.91,180.123,4,1,0,1.62,Medium popularity
Gold Tear,Sleepy Tom,lofi,40,2020-10-30,2020,10,2020s,0.455,0.413,-9.679,0.0809,0.103,0.0978,0.909,0.548,140.109,4,1,7,2.86,Medium popularity
rainbow bridge,a girl and a cat,lofi,51,2021-01-01,2021,1,2020s,0.319,0.675,-13.757,0.122,0.177,0.0453,0.923,0.629,149.998,4,1,5,1.97,Medium popularity
Floetry,Altair Blake,lofi,44,2020-10-02,2020,10,2020s,0.224,0.793,-11.818,0.101,0.483,0.166,0.726,0.109,86.04,4,0,5,2.28,Medium popularity
Violet City (Pokémon Gold & Silver),Ren Avel,lofi,35,2021-04-09,2021,4,2020s,0.469,0.742,-8.789,0.334,0.737,0.0367,0.903,0.45,145.947,4,0,1,2.41,Low popularity
Floating Away,Altair Blake,lofi,44,2020-11-06,2020,11,2020s,0.141,0.542,-21.456,0.191,0.102,0.0749,0.109,0.647,130.018,4,0,3,1.88,Medium popularity
Fall Vibes,LoFi Waiter,lofi,42,2020-11-06,2020,11,2020s,0.486,0.709,-11.599,0.0773,0.354,0.0433,0.865,0.0459,155.969,3,0,9,1.95,Medium popularity
Sueca,lorleaf,jazz,61,2024-10-11,2024,10,2020s,0.332,0.744,-15.331,0.0642,0.525,0.0947,0.894,0.478,80.014,4,1,0,2.4,Medium popularity
Streets Of Rio,"Erwin Do, Lenny B",jazz,53,2024-10-22,2024,10,2020s,0.461,0.835,-10.556,0.0967,0.667,0.0917,0.935,0.583,150.026,4,0,6,2.63,Medium popularity
Drizzle,Philanthrope,jazz,51,2024-11-08,2024,11,2020s,0.592,0.837,-5.758,0.115,0.364,0.119,0.822,0.107,145.965,4,1,9,2.08,Medium popularity
Yuna,"Kanisan, lost echoes",jazz,51,2023-11-21,2023,11,2020s,0.166,0.669,-16.203,0.0729,0.0396,0.0438,0.865,0.617,140.094,4,0,1,2.06,Medium popularity
Butterfly Weed,The Lofi Big Band,jazz,50,2023-11-22,2023,11,2020s,0.457,0.62,-9.366,0.134,0.361,0.0424,0.907,0.59,135.87,4,0,2,2.21,Medium popularity
Call a Friend,"C4C, Plusma",jazz,50,2024-08-09,2024,8,2020s,0.215,0.551,-11.565,0.128,0.452,0.0379,0.902,0.761,75.198,4,1,1,2.35,Medium popularity
Tokyo Lights,"Shuko, FLKS",jazz,50,2024-01-26,2024,1,2020s,0.698,0.637,-8.741,0.154,0.636,0.0526,0.885,0.0493,79.982,4,1,4,2.1,Medium popularity
Duende,"flâneur, Dani Catalá, dennisivnvc",jazz,50,2024-04-04,2024,4,2020s,0.34,0.521,-11.597,0.115,0.481,0.106,0.882,0.67,83.625,4,0,7,2.23,Medium popularity
Calm Winds,Dpsht,jazz,49,2024-05-17,2024,5,2020s,0.208,0.865,-12.245,0.073,0.306,0.215,0.754,0.962,142.182,4,1,2,1.92,Medium popularity
Fire Barrel,"No Spirit, Sátyr, Sitting Duck",jazz,49,2023-12-08,2023,12,2020s,0.446,0.643,-8.373,0.174,0.4,0.0353,0.952,0.852,80.064,4,0,11,1.94,Medium popularity
lemon soda,"Jost Esser, Sleeping Dove, very noise person",jazz,49,2024-03-21,2024,3,2020s,0.331,0.689,-12.661,0.137,0.462,0.0509,0.929,0.777,74.956,4,0,9,2.35,Medium popularity
Nicosia,Showyou,jazz,49,2024-08-27,2024,8,2020s,0.321,0.838,-16.147,0.111,0.816,0.0748,0.889,0.91,142.054,4,1,4,1.92,Medium popularity
Perfections,Koralle,jazz,49,2023-11-24,2023,11,2020s,0.295,0.616,-10.529,0.0639,0.722,0.0911,0.857,0.0461,179.911,4,0,10,2.93,Medium popularity
Eyes Closed,"Leo Motta, Toti Cisneros",jazz,49,2024-02-09,2024,2,2020s,0.441,0.678,-11.645,0.13,0.136,0.0434,0.756,0.401,147.944,4,1,5,2.18,Medium popularity
Gymnopédies,L.Dre,jazz,49,2023-02-10,2023,2,2020s,0.12,0.663,-13.662,0.115,0.19,0.0344,0.88,0.925,80.041,4,1,7,2.7,Medium popularity
Sabai,"flâneur, marsquake",jazz,48,2024-08-27,2024,8,2020s,0.448,0.802,-11.423,0.128,0.38,0.235,0.831,0.78,87.971,4,1,2,2.0,Medium popularity
NYC,"Jost Esser, SOFLUX",jazz,48,2024-01-24,2024,1,2020s,0.197,0.614,-10.24,0.13,0.265,0.0417,0.631,0.579,80.079,4,1,3,1.85,Medium popularity
Echoes,"Mindeliq, ØNEMOR3",jazz,48,2023-08-25,2023,8,2020s,0.266,0.662,-13.209,0.111,0.328,0.074,0.907,0.538,75.028,4,0,9,1.97,Medium popularity
Level Up,Zmeyev,jazz,48,2023-11-10,2023,11,2020s,0.338,0.873,-10.678,0.0976,0.588,0.566,0.813,0.301,160.006,4,0,1,2.0,Medium popularity
No Goodbyes,ENRA,jazz,48,2024-05-31,2024,5,2020s,0.244,0.812,-7.379,0.0747,0.298,0.0486,0.833,0.536,82.003,4,1,1,2.17,Medium popularity
Tropicana,RejSende,jazz,48,2023-04-27,2023,4,2020s,0.876,0.774,-5.808,0.114,0.811,0.0536,0.9,0.602,90.041,4,1,10,3.21,Medium popularity
Hidden Gems,"SamuW, Mendeville, Lazlow",jazz,48,2024-06-07,2024,6,2020s,0.409,0.631,-9.377,0.191,0.336,0.0341,0.727,0.558,82.994,4,0,2,2.63,Medium popularity
cycles,.Eehou,jazz,48,2024-01-03,2024,1,2020s,0.357,0.686,-8.579,0.117,0.381,0.0584,0.0167,0.367,80.044,4,0,6,2.2,Medium popularity
Picadilly,"Erwin Do, flâneur, Beto Braga, Raouf",jazz,48,2024-05-23,2024,5,2020s,0.464,0.532,-9.558,0.125,0.204,0.054,0.89,0.257,78.809,4,0,2,2.45,Medium popularity
Sunset Cruising,"Beats by Tobÿ, Tobÿ",jazz,48,2024-06-07,2024,6,2020s,0.658,0.661,-7.177,0.0966,0.585,0.0434,0.78,0.624,87.982,4,0,7,3.09,Medium popularity
Moonlit Cruisin,"Banks, AC, Dryden",jazz,48,2024-02-23,2024,2,2020s,0.409,0.566,-13.204,0.101,0.482,0.0441,0.937,0.891,159.924,4,1,5,2.01,Medium popularity
Bali,lorleaf,jazz,48,2023-08-04,2023,8,2020s,0.182,0.59,-16.658,0.111,0.253,0.0543,0.957,0.81,153.944,4,1,6,2.25,Medium popularity
floating,Mozzie,jazz,48,2024-06-26,2024,6,2020s,0.499,0.682,-5.712,0.176,0.622,0.0432,0.88,0.4,78.005,4,0,11,1.95,Medium popularity
That Summer Feeling,Oilix,jazz,47,2023-08-25,2023,8,2020s,0.25,0.83,-12.849,0.195,0.442,0.0575,0.922,0.512,85.022,4,1,7,2.12,Medium popularity
Crimson,"7apes, Les Jardíns",jazz,47,2023-11-29,2023,11,2020s,0.528,0.739,-7.861,0.123,0.931,0.0391,0.576,0.323,145.996,4,0,0,1.88,Medium popularity
Think Twice,Cap Kendricks,jazz,47,2023-11-24,2023,11,2020s,0.416,0.876,-9.173,0.121,0.785,0.0976,0.855,0.135,90.999,4,1,6,2.0,Medium popularity
Ripples Of Autumn,Mendeville,jazz,47,2023-11-15,2023,11,2020s,0.395,0.633,-10.776,0.105,0.6,0.214,0.112,0.778,71.95,4,0,7,2.05,Medium popularity
Aperitif,Jazzy James,jazz,47,2024-01-12,2024,1,2020s,0.492,0.764,-11.604,0.345,0.71,0.0916,0.849,0.621,90.013,4,0,2,2.29,Medium popularity
P_Optimist,Butterscotch,jazz,47,2024-02-29,2024,2,2020s,0.299,0.727,-8.56,0.102,0.165,0.0813,0.534,0.125,69.306,4,0,4,1.72,Medium popularity
Myth,Ben Jammin' Beats,jazz,47,2023-11-17,2023,11,2020s,0.585,0.669,-12.63,0.104,0.31,0.0551,0.692,0.167,83.045,4,0,9,1.93,Medium popularity
On The Sly,"Monocloud, Lazlow",jazz,47,2024-02-12,2024,2,2020s,0.336,0.701,-9.385,0.136,0.673,0.133,0.908,0.668,172.026,4,0,8,2.05,Medium popularity
Inappropriately Sleeping,"Hoffy Beats, Tonion, Louk",jazz,47,2024-03-15,2024,3,2020s,0.293,0.753,-13.288,0.112,0.334,0.0479,0.862,0.896,84.001,4,0,0,2.5,Medium popularity
Tenkodo,lorleaf,jazz,47,2022-08-05,2022,8,2020s,0.184,0.708,-16.305,0.117,0.452,0.294,0.53,0.375,76.001,4,0,4,2.63,Medium popularity
Circle Reflections,Mindscape,jazz,47,2024-08-16,2024,8,2020s,0.633,0.711,-5.065,0.0463,0.607,0.0668,0.781,0.00579,81.003,4,1,1,2.67,Medium popularity
Come On Up,"jüle., IONA, Chill Select, Bn Hl",jazz,47,2024-05-10,2024,5,2020s,0.37,0.452,-12.219,0.128,0.0905,0.0489,0.92,0.255,93.961,4,0,11,2.55,Medium popularity
Mañana,ron quixote,jazz,47,2024-05-31,2024,5,2020s,0.37,0.798,-8.497,0.103,0.222,0.0585,0.894,0.814,81.991,3,0,1,2.08,Medium popularity
Apapane,"Oaty., Chancla",jazz,47,2023-06-23,2023,6,2020s,0.322,0.699,-12.943,0.158,0.475,0.107,0.788,0.391,84.963,4,0,11,2.12,Medium popularity
Calm Your Mind,"Kimmø, Kid Tarô, Shuko",jazz,47,2024-02-16,2024,2,2020s,0.566,0.83,-9.317,0.11,0.469,0.0524,0.918,0.21,101.973,4,0,5,1.77,Medium popularity
Low Tide,"Sátyr, Mosalla",jazz,47,2024-04-08,2024,4,2020s,0.666,0.787,-8.897,0.104,0.28,0.0462,0.7,0.0713,130.04,4,1,0,2.28,Medium popularity
Passenger,Damn Homies,jazz,46,2023-11-10,2023,11,2020s,0.323,0.529,-8.363,0.0908,0.138,0.308,0.891,0.764,79.155,4,1,10,2.45,Medium popularity
Cream,Hans Hu$tle,jazz,46,2023-11-20,2023,11,2020s,0.283,0.615,-18.23,0.0992,0.419,0.0739,0.924,0.572,86.952,4,1,7,2.21,Medium popularity
Fishizens,Josa,jazz,46,2024-05-23,2024,5,2020s,0.381,0.751,-11.887,0.24,0.732,0.133,0.74,0.299,80.344,4,1,7,1.66,Medium popularity
Spring Melody,"Midan, Beats for Trees",jazz,46,2024-06-07,2024,6,2020s,0.324,0.604,-8.465,0.127,0.254,0.0963,0.928,0.927,145.826,4,0,6,2.19,Medium popularity
Midnight Cruisin,"Lamar Azul, Mindscape",jazz,47,2023-11-10,2023,11,2020s,0.45,0.714,-15.473,0.101,0.512,0.14,0.871,0.0743,89.025,4,1,8,1.81,Medium popularity
Sunday Galaxy Ride,Guzimi,jazz,46,2024-02-02,2024,2,2020s,0.328,0.748,-10.095,0.107,0.382,0.232,0.923,0.779,79.008,4,0,6,1.82,Medium popularity
Pirogue,"Odd Panda, Hikari",jazz,46,2024-07-23,2024,7,2020s,0.532,0.66,-10.662,0.123,0.651,0.0553,0.799,0.231,160.023,4,1,2,2.06,Medium popularity
deliberation,"flamingo zamperoni, Chirofafa",jazz,46,2023-06-29,2023,6,2020s,0.379,0.638,-10.615,0.139,0.36,0.0366,0.568,0.825,85.04,4,0,0,2.19,Medium popularity
Floatin',"SamuW, Mendeville, Lazlow",jazz,46,2024-04-26,2024,4,2020s,0.474,0.603,-10.741,0.12,0.585,0.265,0.467,0.698,82.038,4,0,5,2.37,Medium popularity
Move Around,"Zmeyev, flowless",jazz,46,2024-08-23,2024,8,2020s,0.368,0.624,-7.873,0.109,0.26,0.414,0.914,0.0737,87.969,4,0,1,1.91,Medium popularity
Lightness,"Screen Jazzmaster, Zmeyev",jazz,46,2024-03-22,2024,3,2020s,0.434,0.817,-8.146,0.16,0.477,0.166,0.875,0.0696,163.97,4,0,7,2.34,Medium popularity
Mood Swings,"Mr. Käfer, Niklas Nadidai",jazz,46,2024-08-16,2024,8,2020s,0.347,0.691,-9.811,0.105,0.456,0.0614,0.914,0.605,81.999,4,0,10,2.35,Medium popularity
The Backyard,"Noflik, Pleij",jazz,46,2023-01-17,2023,1,2020s,0.313,0.729,-17.297,0.115,0.224,0.429,0.88,0.808,150.066,4,1,5,2.43,Medium popularity
Chichihua,Peter Kind,jazz,46,2024-02-29,2024,2,2020s,0.435,0.777,-11.81,0.246,0.688,0.322,0.0647,0.47,132.157,4,1,11,1.97,Medium popularity
Golden Leaves,Kasimir,jazz,46,2023-10-27,2023,10,2020s,0.166,0.735,-16.977,0.106,0.543,0.0842,0.956,0.661,80.99,4,1,7,1.85,Medium popularity
Jazzy Mondays,"Zmeyev, Screen Jazzmaster",jazz,46,2024-07-26,2024,7,2020s,0.471,0.75,-7.96,0.114,0.765,0.141,0.826,0.0651,81.05,4,1,11,2.17,Medium popularity
The Other Day,halfpastseven,jazz,45,2023-12-01,2023,12,2020s,0.344,0.662,-9.933,0.152,0.652,0.22,0.878,0.351,87.026,4,1,11,1.66,Medium popularity
New Chapter,"Jikuru, Lola",jazz,45,2024-04-26,2024,4,2020s,0.434,0.733,-9.508,0.119,0.711,0.102,0.905,0.776,80.002,4,0,0,2.2,Medium popularity
Bobba,Platinum Dust,jazz,45,2024-02-15,2024,2,2020s,0.505,0.692,-10.187,0.607,0.418,0.127,0.664,0.339,83.935,4,1,7,1.99,Medium popularity
Felices Siestas,Señor Siesta,jazz,45,2022-12-16,2022,12,2020s,0.463,0.796,-10.058,0.196,0.581,0.0462,0.836,0.583,83.967,4,0,7,2.12,Medium popularity
The Last Day,"Guidolain beats, brass.beats",jazz,45,2023-08-22,2023,8,2020s,0.361,0.8,-10.884,0.0995,0.322,0.0647,0.927,0.613,89.026,4,0,4,2.65,Medium popularity
Kamada,Butterscotch,jazz,45,2023-11-30,2023,11,2020s,0.199,0.604,-16.086,0.116,0.629,0.0489,0.938,0.543,160.64,3,1,3,1.91,Medium popularity
cinnamon,"Mozzie, flut",jazz,45,2023-12-14,2023,12,2020s,0.261,0.735,-17.488,0.129,0.533,0.109,0.907,0.855,145.978,4,1,2,2.0,Medium popularity
A Million Times,KaspaHauser,jazz,45,2023-10-25,2023,10,2020s,0.354,0.472,-12.653,0.1,0.432,0.158,0.885,0.915,84.223,4,1,9,1.89,Medium popularity
Life Form,"xander., Rikard From",jazz,45,2024-08-16,2024,8,2020s,0.56,0.558,-10.187,0.108,0.341,0.104,0.838,0.775,119.974,5,0,4,3.24,Medium popularity
biking,Loop Schrauber,jazz,45,2023-10-20,2023,10,2020s,0.367,0.724,-11.658,0.0996,0.646,0.0956,0.8,0.664,87.982,4,0,2,2.36,Medium popularity
Yard,paris91,jazz,45,2024-03-08,2024,3,2020s,0.469,0.679,-8.232,0.132,0.675,0.0621,0.891,0.667,76.006,4,0,10,1.76,Medium popularity
Urban Oasis,"Mindeliq, Billa Qause",jazz,45,2023-12-05,2023,12,2020s,0.324,0.733,-12.706,0.122,0.617,0.126,0.778,0.581,74.009,4,0,10,2.52,Medium popularity
Respiro,"flâneur, marsquake",jazz,45,2024-06-11,2024,6,2020s,0.389,0.742,-8.445,0.202,0.472,0.108,0.863,0.111,90.028,4,1,7,2.04,Medium popularity
Aquarius,"Sátyr, Mosalla, Louk",jazz,45,2024-05-06,2024,5,2020s,0.372,0.57,-13.45,0.237,0.168,0.0773,0.911,0.62,153.874,4,0,7,2.16,Medium popularity
Como,"SamuW, Kimmø",jazz,45,2023-11-03,2023,11,2020s,0.45,0.759,-6.894,0.0943,0.232,0.196,0.726,0.541,86.018,4,1,0,2.09,Medium popularity
A Cosmic Hiss,"Lola, Bluewerks",jazz,45,2024-02-23,2024,2,2020s,0.317,0.392,-9.573,0.109,0.236,0.067,0.904,0.671,161.432,3,1,2,2.53,Medium popularity
Grooveshop - damaa.beats Remix,"rocomoco, Hoffy Beats, damaa.beats",jazz,45,2024-02-07,2024,2,2020s,0.277,0.756,-12.488,0.116,0.396,0.0644,0.91,0.325,79.99,4,0,10,2.2,Medium popularity
Night Driver,Rosemary beats,jazz,45,2024-06-28,2024,6,2020s,0.282,0.77,-12.155,0.172,0.602,0.348,0.361,0.855,135.018,3,0,2,2.36,Medium popularity
Floating,"Slo Five, Frances The Mute",jazz,45,2024-01-23,2024,1,2020s,0.507,0.427,-11.649,0.372,0.389,0.216,0.672,0.084,88.987,4,0,6,2.39,Medium popularity
Blossom,"Sem0r, Loyae",jazz,45,2023-10-04,2023,10,2020s,0.455,0.854,-10.786,0.126,0.696,0.0595,0.801,0.241,91.992,4,0,10,1.91,Medium popularity
Veil,"Hans Hu$tle, KOMOREBI",jazz,45,2021-10-15,2021,10,2020s,0.33,0.591,-10.195,0.1,0.215,0.0506,0.899,0.222,84.035,4,1,2,2.29,Medium popularity
Maple,"Living Room, ØNEMOR3",jazz,45,2024-08-09,2024,8,2020s,0.46,0.46,-12.532,0.0643,0.82,0.0531,0.746,0.0411,77.446,4,0,0,1.61,Medium popularity
Up & Down,"Drxnk, Myríad, Golden Ticket Tapes",jazz,45,2021-07-23,2021,7,2020s,0.323,0.634,-11.306,0.113,0.371,0.178,0.808,0.894,83.003,4,0,0,2.28,Medium popularity
Second Chance,"Saiko, Joe Sunrise",jazz,45,2022-10-07,2022,10,2020s,0.449,0.64,-8.37,0.114,0.333,0.103,0.856,0.184,85.197,4,0,7,1.98,Medium popularity
Paces,Lazlow,jazz,44,2023-04-05,2023,4,2020s,0.534,0.815,-7.975,0.0985,0.543,0.391,0.199,0.383,80.898,4,1,0,2.19,Medium popularity
Salt,Oaty.,jazz,44,2023-09-22,2023,9,2020s,0.312,0.572,-12.619,0.17,0.39,0.361,0.841,0.615,79.607,4,0,7,1.99,Medium popularity
Hold On Tight,Boney James,jazz,51,2009-01-01,2009,1,2000s,0.521,0.537,-11.083,0.12,0.781,0.0432,0.859,0.622,135.589,4,0,3,5.08,Medium popularity
Over The Rainbow,Kenny G,jazz,50,2023-12-01,2023,12,2020s,0.279,0.325,-11.924,0.0773,0.0576,0.0362,0.021,0.899,140.801,3,1,5,3.21,Medium popularity
Girl In The Red Dress,Gregg Karukas,jazz,50,2005-01-01,2005,1,2000s,0.531,0.756,-11.627,0.0929,0.838,0.0403,0.713,0.318,119.991,4,0,5,4.94,Medium popularity
Where the Night Begins,Steve Cole,jazz,49,1998-05-01,1998,5,1990s,0.585,0.645,-9.493,0.0744,0.495,0.0339,0.742,0.37,143.932,4,0,4,4.63,Medium popularity
If Only For One Night,"Dave Koz, Brian Culbertson",jazz,49,2004-01-01,2004,1,2000s,0.408,0.753,-10.123,0.0374,0.192,0.0289,0.09,0.361,111.979,4,0,9,5.27,Medium popularity
Boneyizm,Boney James,jazz,49,1999-02-05,1999,2,1990s,0.607,0.544,-7.942,0.0676,0.406,0.0319,0.911,0.206,82.996,4,0,5,4.46,Medium popularity
citynights,Ny Cic,jazz,48,2023-03-12,2023,3,2020s,0.287,0.709,-12.301,0.109,0.288,0.156,0.91,0.437,172.113,4,1,7,2.25,Medium popularity
Can You Feel It,"Adam Hawley, Marcus Anderson",jazz,48,2018-03-23,2018,3,2010s,0.599,0.798,-5.124,0.0544,0.776,0.0281,0.242,0.216,97.008,4,1,2,4.18,Medium popularity
Porch Java,Delorme & Co,jazz,48,2023-03-31,2023,3,2020s,0.558,0.831,-7.557,0.111,0.604,0.0336,0.636,0.706,119.007,4,0,6,3.59,Medium popularity
Never Without You,"Brian Simpson, Peter White",jazz,48,2010-08-31,2010,8,2010s,0.493,0.706,-8.792,0.141,0.432,0.0271,0.63,0.683,136.018,4,1,1,4.87,Medium popularity
I'll Be Waiting,Earl Klugh,jazz,48,1996-03-15,1996,3,1990s,0.592,0.608,-9.642,0.0651,0.365,0.0409,0.909,0.469,77.937,4,0,0,4.79,Medium popularity
A Mother’s Lullaby,Kenny G,jazz,50,2023-09-08,2023,9,2020s,0.268,0.246,-9.725,0.125,0.246,0.0372,0.702,0.734,83.991,4,1,1,3.29,Medium popularity
Liquid Soul,Chris Standring,jazz,48,2008-01-01,2008,1,2000s,0.276,0.7,-10.16,0.094,0.744,0.0743,0.809,0.346,100.015,4,0,10,6.13,Medium popularity
Perfect Moment,Peter White,jazz,48,1998-09-01,1998,9,1990s,0.431,0.658,-10.104,0.104,0.481,0.0324,0.733,0.548,139.565,4,0,11,4.76,Medium popularity
Deep Touch,Richard Elliot,jazz,48,1999-01-01,1999,1,1990s,0.387,0.635,-8.967,0.0291,0.604,0.0328,0.655,0.172,76.032,4,0,5,4.61,Medium popularity
If I Could Fly,Vincent Ingala,jazz,48,2012-06-14,2012,6,2010s,0.577,0.736,-6.61,0.0457,0.239,0.0331,0.769,0.226,98.011,4,1,2,4.28,Medium popularity
You Read My Mind,David Benoit,jazz,48,2002-01-01,2002,1,2000s,0.636,0.582,-9.767,0.117,0.672,0.0377,0.897,0.0502,82.019,4,1,5,4.86,Medium popularity
Elevation,Jackiem Joyner,jazz,47,2007-05-08,2007,5,2000s,0.716,0.785,-5.797,0.165,0.709,0.0462,0.195,0.0889,100.009,4,0,4,4.75,Medium popularity
In The City,Brian Culbertson,jazz,47,2012-01-01,2012,1,2010s,0.498,0.697,-10.846,0.0636,0.723,0.0337,0.926,0.29,151.964,4,0,11,5.37,Medium popularity
West Coast Coolin',Norman Brown,jazz,47,2004-08-31,2004,8,2000s,0.63,0.688,-8.226,0.312,0.57,0.0319,0.873,0.535,98.017,4,0,10,4.51,Medium popularity
Any Love,Kirk Whalum,jazz,47,2004-01-01,2004,1,2000s,0.68,0.654,-8.052,0.354,0.62,0.0331,0.676,0.242,91.039,4,1,1,5.07,Medium popularity
Always Thinkin' Of You,Nick Colionne,jazz,47,2006-01-01,2006,1,2000s,0.654,0.7,-9.446,0.0531,0.787,0.0378,0.851,0.213,96.994,4,1,8,4.15,Medium popularity
Autumn Day,Peter White,jazz,47,1998-09-01,1998,9,1990s,0.707,0.638,-7.971,0.0433,0.646,0.0337,0.672,0.295,87.721,4,0,11,4.57,Medium popularity
Next Journey,robomoque,jazz,47,2023-04-07,2023,4,2020s,0.422,0.741,-11.206,0.108,0.473,0.104,0.908,0.667,180.099,4,0,2,3.05,Medium popularity
Battery Park,Zacky Yazz,jazz,47,2023-04-14,2023,4,2020s,0.491,0.542,-9.353,0.112,0.317,0.0343,0.531,0.0833,73.972,4,1,10,2.41,Medium popularity
Mr. Groove,Euge Groove,jazz,47,2007-01-01,2007,1,2000s,0.801,0.695,-6.778,0.0483,0.623,0.0331,0.445,0.093,91.016,4,1,1,5.02,Medium popularity
Find Someone Like You,"Jonas Wall, Umbaji",jazz,47,2023-04-04,2023,4,2020s,0.509,0.691,-9.963,0.111,0.414,0.0456,0.865,0.612,85.02,4,0,7,4.15,Medium popularity
Surrender (feat. Boney James),"Jonathan Butler, Boney James",jazz,47,2002-06-18,2002,6,2000s,0.402,0.529,-11.616,0.332,0.584,0.0567,0.624,0.205,77.086,4,0,11,4.71,Medium popularity
Straight to the Heart,Brian Culbertson,jazz,47,1997-09-16,1997,9,1990s,0.413,0.78,-13.292,0.0715,0.304,0.0335,0.878,0.548,123.922,4,1,3,3.89,Medium popularity
#3,Aphex Twin,classical,60,1994-03-07,1994,3,1990s,0.071,0.159,-27.109,0.107,0.0602,0.0409,0.856,0.911,146.977,5,0,6,7.74,Medium popularity
Clairvoyance,Jon Hassell,classical,43,2009-03-20,2009,3,2000s,0.012,0.324,-39.19,0.135,0.744,0.0344,0.955,0.986,133.166,4,1,9,1.1,Medium popularity
Waves of the Unconscious Mind,Sol Reya,classical,56,2024-04-14,2024,4,2020s,0.0424,0.166,-31.01,0.078,0.0354,0.0754,0.668,0.888,139.169,4,1,0,2.9,Medium popularity
Pink And Golden Billows,Brambles,classical,47,2012-10-22,2012,10,2010s,0.0616,0.387,-23.838,0.058,0.279,0.0422,0.915,0.99,209.852,3,0,7,2.98,Medium popularity
Wav1,Terekke,classical,35,2018-02-28,2018,2,2010s,0.112,0.118,-25.741,0.101,0.161,0.0488,0.902,0.993,77.122,3,0,1,4.37,Low popularity
Distorted Reflection,MrNotYet,classical,48,2023-05-25,2023,5,2020s,0.0124,0.19,-39.77,0.0741,0.0908,0.0379,0.859,0.988,65.876,4,1,9,2.11,Medium popularity
Melancholia II,William Basinski,classical,39,2003-08-12,2003,8,2000s,0.0497,0.18,-30.856,0.0637,0.073,0.0359,0.903,0.981,72.674,5,1,3,6.82,Low popularity
"I Thought About Death, About Time",Benjamin Gustafsson,classical,53,2019-09-13,2019,9,2010s,0.0388,0.19,-34.654,0.0956,0.117,0.0301,0.937,0.994,140.96,3,0,10,2.0,Medium popularity
Fantas Morbida,"Caterina Barbieri, Kara-Lis Coverdale",classical,32,2021-04-02,2021,4,2020s,0.0642,0.263,-22.824,0.107,0.322,0.0359,0.918,0.995,165.638,1,0,7,3.13,Low popularity
Resignación,Murcof,classical,35,2005-10-03,2005,10,2000s,0.0411,0.184,-34.094,0.11,0.0356,0.0388,0.904,0.619,87.315,3,0,6,1.53,Low popularity
Poa Alpina,Biosphere,classical,42,1997-07-12,1997,7,1990s,0.0304,0.219,-35.2,0.149,0.114,0.0375,0.938,0.909,130.244,4,0,7,4.18,Medium popularity
Éphémère,Tony Anderson,classical,61,2021-03-26,2021,3,2020s,0.0217,0.278,-37.438,0.0926,0.223,0.0327,0.919,0.98,104.541,1,0,9,1.72,Medium popularity
Hold This Memory,"Deepend, Madism",electronic,54,2022-09-23,2022,9,2020s,0.71,0.702,-7.118,0.155,0.578,0.0397,1.52e-05,0.082,119.951,4,1,9,2.67,Medium popularity
Emorio,"Trinix, Fafá de Belém",electronic,66,2023-04-28,2023,4,2020s,0.718,0.669,-7.782,0.341,0.615,0.0438,0.4,0.0886,120.955,4,0,9,2.73,Medium popularity
Fast Car,"Jonas Blue, Dakota",electronic,64,2015-12-04,2015,12,2010s,0.57,0.644,-6.994,0.299,0.527,0.052,0.0,0.484,113.945,4,1,9,3.54,Medium popularity
Sexual Healing - Kygo Remix,"Marvin Gaye, Kygo",electronic,62,2015-04-27,2015,4,2010s,0.68,0.689,-7.196,0.0431,0.646,0.0427,0.0211,0.321,100.987,4,0,0,6.14,Medium popularity
Cool Kids,"Toby Rose, TWOPILOTS",electronic,61,2022-09-29,2022,9,2020s,0.841,0.769,-5.365,0.229,0.712,0.0423,0.0,0.114,116.016,4,0,4,2.55,Medium popularity
Evening Walk,Matt Bleu,electronic,45,2023-10-20,2023,10,2020s,0.685,0.763,-7.185,0.215,0.116,0.0402,0.887,0.36,118.001,4,0,6,2.19,Medium popularity
Take My Breath Away,TWOPILOTS,electronic,63,2022-12-01,2022,12,2020s,0.653,0.629,-5.631,0.103,0.248,0.0241,0.000718,0.00345,104.961,4,0,0,3.15,Medium popularity
Bloom,"Lucas Estrada, TWOPILOTS",electronic,61,2022-06-17,2022,6,2020s,0.742,0.646,-4.96,0.141,0.136,0.0254,4.99e-05,0.0224,104.991,4,0,5,2.99,Medium popularity
Bloom (Brendan Mills Remix),"Lucas Estrada, TWOPILOTS, Brendan Mills",electronic,57,2024-04-04,2024,4,2020s,0.8,0.641,-5.591,0.184,0.219,0.0377,0.0225,0.0118,114.981,4,0,5,2.61,Medium popularity
Sunbeams,NSH,electronic,60,2022-07-28,2022,7,2020s,0.67,0.654,-10.393,0.118,0.528,0.0403,0.157,0.149,120.028,4,1,1,2.45,Medium popularity
Kyoto,Innocent Panda,electronic,47,2020-10-22,2020,10,2020s,0.577,0.632,-12.89,0.0905,0.301,0.0387,0.796,0.58,115.014,4,0,9,3.68,Medium popularity
True,"CYRIL, Kita Alexander",electronic,60,2024-08-09,2024,8,2020s,0.592,0.821,-11.013,0.116,0.387,0.0908,0.0,0.213,124.015,4,1,7,2.1,Medium popularity
Lie To Me,"Thom Merlin, Foínix, Brandon Chase",electronic,46,2024-04-05,2024,4,2020s,0.64,0.616,-9.925,0.152,0.197,0.0574,1.96e-05,0.0846,114.083,4,0,0,2.49,Medium popularity
Sunset Lovers,"Thierry Von Der Warth, Horizon Blue, Carston",electronic,59,2022-08-12,2022,8,2020s,0.741,0.806,-6.362,0.0746,0.563,0.0471,3.73e-05,0.0234,119.971,4,0,1,2.93,Medium popularity
Waves,"Gabriel Morais Jr, Ayla Nova",electronic,52,2021-09-20,2021,9,2020s,0.68,0.673,-11.444,0.134,0.117,0.0358,0.888,0.542,117.998,4,1,7,2.53,Medium popularity
House Of Cards,"Lucas Estrada, Deepend, Dan Caplen",electronic,49,2023-11-03,2023,11,2020s,0.739,0.749,-6.669,0.215,0.833,0.0303,4.48e-05,0.025,120.021,4,0,9,2.61,Medium popularity
King,TWOPILOTS,electronic,62,2023-01-19,2023,1,2020s,0.862,0.645,-3.887,0.238,0.396,0.0358,1.73e-06,0.00736,107.993,4,1,1,3.5,Medium popularity
Follow the Sun,NEIMY,electronic,60,2022-06-24,2022,6,2020s,0.572,0.644,-9.504,0.118,0.125,0.0477,0.00609,0.541,119.947,3,1,3,2.57,Medium popularity
Glowing State,Maiwan,electronic,43,2020-07-24,2020,7,2020s,0.497,0.79,-13.007,0.0527,0.299,0.0516,0.868,0.248,118.023,4,1,3,4.82,Medium popularity
Covered By The Clouds,NSH,electronic,11,2024-04-04,2024,4,2020s,0.647,0.711,-8.589,0.0946,0.453,0.0305,0.0228,0.733,130.005,4,1,10,3.32,Low popularity
Time After Time,Paratone,electronic,58,2020-11-06,2020,11,2020s,0.635,0.609,-7.151,0.424,0.278,0.24,4.88e-05,0.215,116.063,4,0,11,2.68,Medium popularity
Summer Feeling,"Matoma, Jonah Kagen",electronic,51,2021-08-20,2021,8,2020s,0.702,0.651,-7.833,0.129,0.539,0.0876,4.87e-05,0.0256,124.924,4,1,10,3.01,Medium popularity
Is This Love - Remix,"Bob Marley & The Wailers, LVNDSCAPE, Bolier",electronic,58,2016-06-10,2016,6,2010s,0.686,0.813,-7.593,0.293,0.301,0.0352,0.00636,0.034,121.981,4,0,6,3.33,Medium popularity
Kids,"Hobes, NEIMY",electronic,57,2024-08-30,2024,8,2020s,0.621,0.65,-9.761,0.148,0.556,0.0322,0.307,0.566,116.027,4,0,8,2.45,Medium popularity
Cruel Summer (Marcus Layton Edit),"LAUWE, Marcus Layton",electronic,57,2022-08-04,2022,8,2020s,0.585,0.797,-5.854,0.145,0.739,0.0551,2.17e-06,0.451,117.849,4,0,0,2.4,Medium popularity
I'll Be There,"ConKi, Magnus Gunn",electronic,56,2022-08-11,2022,8,2020s,0.872,0.726,-7.128,0.393,0.131,0.0665,0.121,0.356,115.024,4,1,5,2.47,Medium popularity
Knockin' On Heaven's Door,"Nexeri, Tara Louise",electronic,55,2022-08-18,2022,8,2020s,0.762,0.753,-7.119,0.232,0.259,0.0287,0.327,0.128,118.023,4,1,10,2.49,Medium popularity
Milkshake,PLÜM,electronic,54,2023-06-09,2023,6,2020s,0.723,0.834,-10.475,0.1,0.494,0.16,0.0058,0.196,115.014,4,0,8,3.2,Medium popularity
Like a Mystery,Eneko Artola,electronic,54,2022-07-14,2022,7,2020s,0.631,0.81,-7.543,0.144,0.43,0.11,0.000146,0.51,119.994,4,1,6,2.3,Medium popularity
Show Me Love - EDX Remix / Radio Edit,"Sam Feldt, Kimberly Anne, EDX",electronic,54,2015-07-24,2015,7,2010s,0.665,0.836,-5.779,0.0714,0.677,0.0745,0.000925,0.308,120.997,4,1,0,3.01,Medium popularity
Would I Lie To You,"Thierry Von Der Warth, YKATI",electronic,54,2023-12-08,2023,12,2020s,0.624,0.788,-6.017,0.18,0.339,0.043,4.37e-06,0.0991,107.978,4,0,11,2.62,Medium popularity
5th Avenue,Trinix,electronic,53,2022-04-29,2022,4,2020s,0.387,0.791,-9.6,0.251,0.528,0.159,0.000109,0.482,117.05,4,1,0,3.08,Medium popularity
In Too Deep,"WEEKLESS, WEDONT, ROBINS",electronic,53,2022-10-28,2022,10,2020s,0.579,0.61,-7.749,0.215,0.299,0.205,1.22e-06,0.11,109.854,4,1,9,2.76,Medium popularity
Someone You Loved,"Viva La Panda, Justin Rhodes",electronic,53,2022-09-01,2022,9,2020s,0.727,0.711,-5.244,0.111,0.419,0.0618,2.16e-06,0.186,115.005,4,1,10,2.57,Medium popularity
Nalu,"Deep Chills, Brendan Mills",electronic,53,2022-06-17,2022,6,2020s,0.638,0.675,-6.141,0.245,0.234,0.031,0.0365,0.142,120.087,4,0,7,2.48,Medium popularity
Don't Tell Me I Can't Have It,Sons Of Maria,electronic,52,2022-05-13,2022,5,2020s,0.669,0.65,-10.262,0.119,0.0681,0.0317,0.749,0.196,109.998,4,1,2,3.13,Medium popularity
Dancing With Your Ghost,TWOPILOTS,electronic,52,2023-09-21,2023,9,2020s,0.609,0.529,-5.574,0.125,0.188,0.0318,0.000279,0.171,89.875,4,1,10,2.71,Medium popularity
Where I Belong,NSH,electronic,52,2023-10-12,2023,10,2020s,0.663,0.72,-9.749,0.311,0.806,0.0634,0.0426,0.387,106.995,4,1,6,2.62,Medium popularity
This Town,"Saco, Sparkle, Isabel Prada",electronic,52,2022-08-25,2022,8,2020s,0.626,0.818,-5.991,0.056,0.943,0.0352,6.01e-05,0.185,125.035,4,0,6,3.1,Medium popularity
Another Love,"Rolipso, Foínix, Jordan Grace",electronic,52,2023-12-08,2023,12,2020s,0.748,0.654,-7.096,0.4,0.683,0.0799,1.15e-05,0.427,120.023,4,1,7,2.08,Medium popularity
Over You,"Madism, Philip Strand",electronic,51,2022-08-18,2022,8,2020s,0.738,0.665,-6.136,0.12,0.496,0.0337,0.0,0.133,124.061,4,0,8,2.36,Medium popularity
Million Memories,"Thierry Von Der Warth, Thomas Geelens",electronic,51,2023-01-06,2023,1,2020s,0.802,0.572,-6.982,0.142,0.372,0.0597,0.0,0.119,117.973,4,1,5,2.73,Medium popularity
Talking To Myself,"Namic, Meynberg",electronic,51,2022-10-27,2022,10,2020s,0.679,0.715,-5.263,0.121,0.438,0.0778,0.0,0.517,120.114,4,1,11,2.18,Medium popularity
Before the Sun Sets,"Nimus, RED",electronic,51,2022-07-15,2022,7,2020s,0.611,0.655,-7.325,0.369,0.419,0.1,0.000685,0.649,115.887,4,1,7,2.01,Medium popularity
Home,"Zwette, Julian Perretta",electronic,51,2022-09-02,2022,9,2020s,0.748,0.785,-6.674,0.563,0.618,0.0458,0.005,0.121,120.025,4,1,2,3.17,Medium popularity
Promised Land,"Saco, Sparkle",electronic,51,2022-06-09,2022,6,2020s,0.796,0.83,-7.276,0.152,0.26,0.0685,6.13e-05,0.385,109.969,4,1,1,2.81,Medium popularity
Sound of Your Summer - SUPER-Hi Remix,"Quarry, SUPER-Hi",electronic,51,2022-08-26,2022,8,2020s,0.887,0.649,-5.021,0.0951,0.804,0.0291,0.101,0.0304,117.991,4,0,3,3.14,Medium popularity
Young Folks,"John Skyfield, BNHM, Levka Rey",electronic,51,2022-05-27,2022,5,2020s,0.681,0.675,-8.669,0.615,0.181,0.0285,0.00117,0.0494,119.943,4,0,5,2.69,Medium popularity
In Deep,Beachwax,electronic,51,2022-02-04,2022,2,2020s,0.544,0.786,-13.053,0.0959,0.619,0.0628,0.928,0.0512,114.99,4,0,7,2.85,Medium popularity
Ocean Quiet,"Lucas Estrada, NEIMY",electronic,50,2021-08-06,2021,8,2020s,0.638,0.789,-7.515,0.274,0.427,0.045,0.0337,0.171,117.026,4,0,11,2.79,Medium popularity
Blossom,"Willow, YVMV",electronic,50,2024-03-01,2024,3,2020s,0.215,0.624,-19.026,0.108,0.101,0.0626,0.837,0.518,106.001,4,0,10,2.18,Medium popularity
What You Know (feat. Levka Rey),"KHEMIS, BNHM, Levka Rey",electronic,50,2022-09-16,2022,9,2020s,0.711,0.616,-8.48,0.596,0.312,0.0781,1.96e-05,0.167,119.997,4,0,9,2.75,Medium popularity
Rise Up,"Brendan Mills, Surfin' Sam",electronic,50,2024-10-04,2024,10,2020s,0.769,0.666,-5.946,0.145,0.329,0.0428,4.93e-05,0.11,123.074,4,1,0,2.8,Medium popularity
Help Me Lose My Mind,Gravagerz,electronic,48,2024-11-15,2024,11,2020s,0.553,0.678,-9.38,0.302,0.056,0.071,0.228,0.787,136.045,4,0,7,2.86,Medium popularity
Dollar Dream [Lucas Estrada Edit],"Lucas Estrada, Couché, Polar Notes, Mentum",electronic,50,2023-05-11,2023,5,2020s,0.764,0.727,-6.074,0.0935,0.633,0.062,0.000313,0.413,117.974,4,0,5,2.64,Medium popularity
Never Be Lonely,"Jax Jones, Zoe Wees",electronic,67,2024-02-09,2024,2,2020s,0.785,0.731,-4.08,0.0567,0.85,0.0339,0.00224,0.0155,131.988,4,0,3,2.24,Medium popularity
Resonance,Home,electronic,19,2014-07-01,2014,7,2010s,0.74,0.566,-8.614,0.221,0.419,0.063,0.849,0.0352,170.098,5,1,8,3.55,Low popularity
Retro Future,c152,electronic,33,2024-11-15,2024,11,2020s,0.951,0.538,-6.235,0.212,0.164,0.0497,0.413,1.02e-05,129.996,4,0,9,2.52,Low popularity
Retroshade,"KoruSe, mzmff",electronic,35,2024-11-15,2024,11,2020s,0.972,0.524,-6.098,0.67,0.0338,0.0426,0.899,0.000419,100.006,4,0,9,2.93,Low popularity
La La Land,"Arimasen, FORBIDDEN",electronic,29,2024-11-15,2024,11,2020s,0.637,0.66,-7.467,0.11,0.115,0.0539,1.42e-06,0.0273,100.024,4,1,3,2.92,Low popularity
the wanderer,lxst child,electronic,35,2024-11-08,2024,11,2020s,0.305,0.514,-11.243,0.0791,0.197,0.0283,0.353,0.152,96.099,4,0,3,4.5,Low popularity
Stray,c152,electronic,38,2024-11-01,2024,11,2020s,0.919,0.476,-7.402,0.233,0.511,0.043,0.955,5.19e-06,127.992,4,0,10,2.59,Low popularity
Astral Chill,Virtual Mage,electronic,44,2020-11-27,2020,11,2020s,0.573,0.615,-12.881,0.273,0.108,0.0246,0.951,0.0471,100.005,4,1,4,3.04,Medium popularity
HOLOGRAPHIC,VXLLAIN,electronic,43,2024-10-25,2024,10,2020s,0.458,0.338,-8.574,0.143,0.0754,0.0312,0.457,0.0011,168.083,4,0,6,3.14,Medium popularity
Star Pool,c152,electronic,39,2024-10-25,2024,10,2020s,0.922,0.508,-6.43,0.427,0.228,0.0308,0.985,3.59e-06,110.04,4,1,0,2.07,Low popularity
Synthstar,c152,electronic,40,2024-10-11,2024,10,2020s,0.977,0.441,-5.87,0.0801,0.176,0.0495,0.955,2.08e-05,120.003,4,1,7,2.4,Medium popularity
Vision,lxst child,electronic,38,2024-10-11,2024,10,2020s,0.495,0.595,-10.062,0.186,0.432,0.0461,0.899,0.00614,169.956,4,0,10,2.64,Low popularity
Purple Wind,c152,electronic,39,2024-10-04,2024,10,2020s,0.952,0.451,-5.62,0.151,0.22,0.0334,0.966,1.83e-05,94.968,4,0,3,2.44,Low popularity
Exodus,"KoruSe, stellar, Arimasen",electronic,41,2024-09-20,2024,9,2020s,0.677,0.419,-6.328,0.138,0.28,0.0526,0.0,0.0127,176.048,4,0,4,3.08,Medium popularity
Nothingness,"LORD CHAOS!, NTPV",electronic,40,2024-09-13,2024,9,2020s,0.581,0.667,-7.847,0.0378,0.209,0.0406,5.24e-06,0.103,105.027,4,0,6,2.51,Medium popularity
Echoes,c152,electronic,43,2024-09-13,2024,9,2020s,0.707,0.518,-9.234,0.112,0.126,0.0357,0.858,0.0394,100.0,4,0,9,2.28,Medium popularity
if it isn't,METAHESH,electronic,40,2024-09-13,2024,9,2020s,0.25,0.459,-18.501,0.122,0.269,0.0347,0.949,0.735,180.017,4,1,8,2.58,Medium popularity
Illusions,c152,electronic,39,2024-09-06,2024,9,2020s,0.972,0.552,-6.147,0.207,0.0619,0.0453,0.93,1.55e-05,105.003,4,0,4,2.78,Low popularity
Skywalker,"c152, Arimasen, KoruSe",electronic,40,2024-08-30,2024,8,2020s,0.678,0.614,-7.829,0.0856,0.438,0.0405,0.546,0.264,93.368,4,1,0,3.17,Medium popularity
Emptiness,"VXLLAIN, Navjaxx",electronic,42,2024-08-20,2024,8,2020s,0.618,0.585,-6.814,0.165,0.216,0.042,0.619,0.125,94.07,4,0,6,3.23,Medium popularity
Shutdown Sequence,Willix,electronic,39,2024-08-16,2024,8,2020s,0.522,0.555,-6.168,0.373,0.328,0.0369,0.097,0.413,90.002,4,1,11,2.87,Low popularity
Lost World,c152,electronic,39,2024-08-02,2024,8,2020s,0.792,0.548,-9.04,0.183,0.235,0.0347,0.917,0.0113,92.003,4,1,2,2.09,Low popularity
vcr_memories,Willix,electronic,39,2024-08-02,2024,8,2020s,0.513,0.495,-11.548,0.089,0.116,0.0447,0.969,0.534,94.997,4,1,0,4.02,Low popularity
milkyway,"Øneheart, Antent, Dean Korso",electronic,42,2024-08-02,2024,8,2020s,0.0586,0.196,-29.575,0.0845,0.0351,0.0366,0.864,0.781,173.732,4,1,0,3.09,Medium popularity
riddle,METAHESH,electronic,37,2024-08-09,2024,8,2020s,0.4,0.511,-14.1,0.108,0.191,0.0384,0.779,0.96,127.499,3,0,2,2.33,Low popularity
Memory Lane,"KoruSe, stellar",electronic,38,2024-07-26,2024,7,2020s,0.874,0.519,-6.908,0.15,0.301,0.187,0.0249,0.0535,166.07,4,0,10,3.95,Low popularity
Neon Blades,c152,electronic,38,2024-07-05,2024,7,2020s,0.935,0.498,-7.171,0.111,0.278,0.0374,0.921,0.000256,99.985,4,0,10,2.28,Low popularity
Nightlight,"ILLENIUM, Annika Wells",electronic,52,2020-08-28,2020,8,2020s,0.651,0.494,-4.127,0.104,0.162,0.0384,0.0,0.0819,149.979,4,0,11,3.71,Medium popularity
Say My Name,"ODESZA, Zyra",electronic,60,2014-09-08,2014,9,2010s,0.75,0.745,-7.357,0.075,0.349,0.0467,0.423,0.004,115.039,4,0,6,4.38,Medium popularity
The Wailing,"Tomatow, Nadya Sumarsono",electronic,30,2022-04-08,2022,4,2020s,0.747,0.47,-6.362,0.139,0.239,0.0867,4.25e-05,0.0468,144.061,4,0,2,2.97,Low popularity
A Moment Apart,ODESZA,electronic,64,2017-09-08,2017,9,2010s,0.665,0.406,-7.903,0.492,0.0758,0.0352,0.693,0.172,119.988,4,0,7,3.9,Medium popularity
Who U Are,Polar Youth,electronic,33,2021-10-01,2021,10,2020s,0.746,0.52,-5.01,0.118,0.17,0.0388,0.000727,0.176,140.086,4,1,5,3.33,Low popularity
Take Me Away,"Tomatow, Cosmowave",electronic,22,2022-04-08,2022,4,2020s,0.876,0.495,-5.494,0.172,0.0726,0.0363,0.659,0.00333,145.012,4,1,6,3.37,Low popularity
Dry,"GISHIN, AmanderSings",electronic,36,2022-04-15,2022,4,2020s,0.881,0.614,-3.935,0.185,0.584,0.0404,0.000105,0.00291,149.955,4,0,11,2.85,Low popularity
Savage (feat. Flux Pavilion & MAX),"Whethan, Flux Pavilion, MAX",electronic,53,2016-12-06,2016,12,2010s,0.662,0.679,-5.861,0.376,0.365,0.0773,0.0,0.151,90.054,4,1,7,3.42,Medium popularity
Pretty Little Smile,Tomatow,electronic,34,2022-04-08,2022,4,2020s,0.706,0.428,-5.345,0.117,0.181,0.0527,0.0,0.0203,143.985,4,0,4,2.62,Low popularity
Light,San Holo,electronic,56,2017-02-10,2017,2,2010s,0.763,0.57,-4.137,0.0932,0.43,0.0573,2.49e-06,0.0857,150.088,4,1,1,4.0,Medium popularity
Paint the Sky,"DJ Fluke, Nikita Afonso",electronic,35,2021-10-08,2021,10,2020s,0.872,0.648,-4.228,0.161,0.531,0.0947,0.00238,0.0328,150.0,4,0,9,2.97,Low popularity
Last To Leave (feat. Caroline Ailin),"Louis The Child, Caroline Ailin",electronic,44,2017-12-08,2017,12,2010s,0.602,0.753,-6.326,0.102,0.555,0.149,0.000249,0.052,94.056,4,1,0,3.0,Medium popularity
glow,"Fred again.., Duskus, Four Tet, Joy Anonymous, Skrillex",electronic,63,2024-09-06,2024,9,2020s,0.903,0.65,-5.478,0.134,0.0681,0.0436,0.779,0.0655,129.043,4,1,4,7.55,Medium popularity
the things that bring me joy,Luca,electronic,62,2024-05-10,2024,5,2020s,0.46,0.769,-11.988,0.477,0.215,0.345,0.0693,0.338,126.026,4,0,11,2.98,Medium popularity
Palermo,"Above & Beyond, PROFF",electronic,52,2024-07-30,2024,7,2020s,0.9,0.605,-6.847,0.129,0.0376,0.0431,0.812,0.00888,125.007,4,1,1,3.26,Medium popularity
Into The Night,Tonic Walter,electronic,57,2023-07-07,2023,7,2020s,0.781,0.79,-9.915,0.108,0.215,0.0638,0.912,0.511,121.002,4,0,5,7.05,Medium popularity
Saturday Morning,Rules,electronic,57,2023-08-11,2023,8,2020s,0.615,0.8,-8.686,0.225,0.758,0.0381,0.473,0.00251,123.016,4,0,11,2.67,Medium popularity
Blossom,VisionV,electronic,57,2023-03-03,2023,3,2020s,0.715,0.611,-10.448,0.0986,0.0327,0.049,0.918,0.625,123.877,3,1,9,4.01,Medium popularity
Mine To Love,Ross Quinn,electronic,56,2023-03-03,2023,3,2020s,0.633,0.692,-8.513,0.124,0.0938,0.16,0.00203,0.164,120.069,4,0,7,3.7,Medium popularity
NOVA,Tonic Walter,electronic,56,2024-07-12,2024,7,2020s,0.751,0.751,-10.263,0.104,0.0994,0.0432,0.792,0.0479,124.006,4,0,8,2.67,Medium popularity
Hiding,"Ben Böhmer, Lykke Li",electronic,56,2024-07-09,2024,7,2020s,0.927,0.447,-6.189,0.121,0.383,0.0311,0.557,0.0559,133.978,4,1,6,3.7,Medium popularity
Felt (feat. Henry Green),"Christian Löffler, Henry Green",electronic,54,2024-04-26,2024,4,2020s,0.889,0.559,-9.952,0.232,0.0474,0.0361,0.631,0.169,123.029,4,0,4,3.32,Medium popularity
Other Side,"AVAION, BUNT.",electronic,55,2023-12-01,2023,12,2020s,0.44,0.821,-10.612,0.101,0.179,0.0569,0.0552,0.291,129.985,4,1,2,3.45,Medium popularity
I Kinda Like It,Lofive,electronic,48,2023-10-17,2023,10,2020s,0.545,0.829,-9.541,0.103,0.539,0.0384,0.808,0.0757,120.052,4,1,0,2.46,Medium popularity
Spring Embers,Nora En Pure,electronic,53,2023-04-14,2023,4,2020s,0.762,0.734,-7.013,0.12,0.251,0.0391,0.952,0.0261,122.005,4,0,9,3.54,Medium popularity
Sun Will Rise - Edit,"Marten Lou, Sasson (FR)",electronic,53,2023-07-28,2023,7,2020s,0.898,0.661,-3.562,0.0555,0.325,0.0452,0.314,0.00167,123.031,4,0,4,3.71,Medium popularity
Calm,"Midnight Pass, Ruffnux",electronic,50,2024-07-12,2024,7,2020s,0.79,0.608,-9.68,0.127,0.054,0.0361,0.756,0.581,123.003,4,1,2,3.3,Medium popularity
Where I Find My Mind,Eli & Fur,electronic,49,2023-03-10,2023,3,2020s,0.571,0.725,-9.183,0.208,0.285,0.0356,0.759,0.106,114.991,4,1,7,3.54,Medium popularity
Not Giving You Up,Rules,electronic,57,2024-03-15,2024,3,2020s,0.646,0.654,-7.197,0.137,0.689,0.178,0.234,0.368,123.806,4,1,0,2.88,Medium popularity
Fade,"Alex Lustig, Sølv",electronic,49,2023-01-06,2023,1,2020s,0.338,0.674,-18.251,0.111,0.333,0.0553,0.717,0.679,120.997,4,0,7,3.31,Medium popularity
Broken,AVAION,electronic,49,2023-02-17,2023,2,2020s,0.498,0.65,-8.835,0.201,0.108,0.0596,0.0144,0.572,120.056,4,1,8,3.31,Medium popularity
Childish,Lane 8,electronic,49,2024-09-27,2024,9,2020s,0.729,0.555,-9.798,0.117,0.157,0.0335,0.867,0.151,124.011,4,1,10,4.84,Medium popularity
I Never Really Cared,Stoto,electronic,48,2020-06-12,2020,6,2020s,0.342,0.789,-15.726,0.104,0.036,0.0394,0.895,0.704,125.014,4,0,6,4.35,Medium popularity
Lost,"Le Youth, Jerro, Lizzy Land",electronic,47,2023-01-19,2023,1,2020s,0.75,0.565,-9.046,0.0847,0.142,0.0359,0.395,0.134,120.971,4,1,2,4.8,Medium popularity
No Stress in Cres,Sound Nomaden,electronic,47,2023-09-22,2023,9,2020s,0.564,0.772,-11.577,0.0897,0.308,0.0388,0.884,0.584,120.021,4,1,7,4.86,Medium popularity
Erase,"Ben Böhmer, lau.ra",electronic,47,2021-08-25,2021,8,2020s,0.542,0.279,-11.962,0.0888,0.163,0.0494,0.601,0.47,123.846,4,1,1,4.22,Medium popularity
searchingforthelights,Tonic Walter,electronic,47,2024-10-11,2024,10,2020s,0.458,0.65,-13.202,0.0958,0.442,0.0395,0.957,0.801,122.027,4,0,3,3.2,Medium popularity
These Things Will Come To Be,DJ Seinfeld,electronic,53,2021-09-03,2021,9,2020s,0.74,0.674,-9.138,0.319,0.166,0.0504,0.818,0.515,125.998,4,1,4,4.94,Medium popularity
Do No More,Nora En Pure,electronic,47,2023-07-28,2023,7,2020s,0.837,0.625,-6.202,0.193,0.152,0.0931,0.914,0.277,120.021,4,1,11,2.71,Medium popularity
Lençóis (Love Me) - Notre Dame Remix,"RY X, Notre Dame",electronic,47,2023-08-31,2023,8,2020s,0.575,0.578,-11.284,0.0624,0.0394,0.0294,0.552,0.000457,122.022,4,0,2,5.08,Medium popularity
There For You,Y.V.E. 48,electronic,47,2022-02-11,2022,2,2020s,0.422,0.7,-14.276,0.12,0.193,0.0356,0.424,0.523,111.967,4,0,8,2.76,Medium popularity
Save Me,"Kaskade, Lauren L'aimant",electronic,46,2023-10-13,2023,10,2020s,0.946,0.665,-5.215,0.198,0.133,0.0373,0.648,0.00186,120.0,4,0,1,3.61,Medium popularity
In My Head,Trilucid,electronic,46,2023-12-15,2023,12,2020s,0.725,0.567,-10.29,0.406,0.495,0.0342,0.891,0.144,124.027,4,0,7,3.17,Medium popularity
All Night Long,Marsh,electronic,46,2023-01-20,2023,1,2020s,0.908,0.637,-8.035,0.0864,0.103,0.0365,0.952,0.0472,124.992,5,1,5,3.97,Medium popularity
Verden,"MEUTE, pølaroit",electronic,46,2023-06-14,2023,6,2020s,0.584,0.734,-10.721,0.0802,0.04,0.0357,0.852,0.124,119.007,4,0,6,5.75,Medium popularity
Sherwood Forest,Nora En Pure,electronic,46,2023-06-30,2023,6,2020s,0.909,0.623,-7.929,0.22,0.0581,0.0342,0.96,0.0396,122.002,4,1,10,2.92,Medium popularity
Falling Apart,Catching Flies,electronic,45,2024-08-02,2024,8,2020s,0.739,0.661,-10.153,0.17,0.251,0.0341,0.69,0.0148,123.032,4,0,5,3.48,Medium popularity
I Can Make It,CRi,electronic,45,2023-07-14,2023,7,2020s,0.579,0.754,-7.497,0.0823,0.31,0.0309,0.595,0.00689,128.03,4,1,9,4.15,Medium popularity
Ascension,"Marsh, Volen Sentir",electronic,46,2024-10-25,2024,10,2020s,0.901,0.68,-6.818,0.338,0.0598,0.0339,0.908,0.000487,122.995,4,0,10,4.08,Medium popularity
New Fires,"Christian Löffler, Henry Green",electronic,45,2022-09-30,2022,9,2020s,0.569,0.712,-10.819,0.0794,0.241,0.0348,0.492,0.346,116.016,4,0,6,4.19,Medium popularity
Mimose,Parra for Cuva,electronic,45,2024-01-26,2024,1,2020s,0.452,0.667,-12.089,0.0847,0.0425,0.0322,0.888,0.239,114.994,4,0,2,4.25,Medium popularity
Hiding - HÜMAN Remix,"AVAION, HÜMAN",electronic,45,2023-08-18,2023,8,2020s,0.748,0.561,-7.368,0.106,0.0393,0.0437,0.0255,0.0898,126.082,4,1,2,3.46,Medium popularity
Love Will Save Me - CamelPhat Remix,"WhoMadeWho, CamelPhat, RY X",electronic,45,2024-03-22,2024,3,2020s,0.723,0.604,-7.676,0.36,0.0706,0.0279,0.17,0.017,121.002,4,0,5,3.85,Medium popularity
Indulgence,Nora En Pure,electronic,46,2023-03-10,2023,3,2020s,0.902,0.648,-6.882,0.2,0.11,0.0673,0.956,0.115,121.986,4,0,5,4.49,Medium popularity
Like I Used To,"Steven Weston, Låpsley",electronic,45,2022-03-31,2022,3,2020s,0.68,0.699,-8.177,0.106,0.13,0.0317,0.129,0.00801,119.967,4,1,0,4.93,Medium popularity
Keep Going,Stephan Jolk,electronic,45,2023-02-03,2023,2,2020s,0.807,0.778,-10.79,0.238,0.0384,0.0671,0.703,0.0816,124.004,4,1,1,3.74,Medium popularity
Waves (feat. Grace Tither),"BLOND:ISH, Grace Tither",electronic,45,2021-03-19,2021,3,2020s,0.763,0.631,-9.774,0.0875,0.715,0.0352,0.299,0.0824,121.008,4,0,9,3.38,Medium popularity
Have U,Caius,electronic,45,2023-11-17,2023,11,2020s,0.781,0.678,-10.792,0.703,0.233,0.148,0.796,0.462,135.093,4,1,6,2.69,Medium popularity
Lonely,"Nils Hoffmann, Rae Morris",electronic,45,2023-06-30,2023,6,2020s,0.815,0.576,-7.088,0.0911,0.039,0.0334,0.00661,0.00966,124.975,4,0,4,4.18,Medium popularity
Sunrise Song,Luttrell,electronic,44,2023-06-23,2023,6,2020s,0.732,0.774,-11.04,0.185,0.328,0.0346,0.963,0.00197,122.018,4,1,1,3.79,Medium popularity
Oceanside Girl,Holo,electronic,44,2022-04-22,2022,4,2020s,0.805,0.555,-7.574,0.113,0.498,0.0316,0.744,0.00114,117.981,4,1,3,5.33,Medium popularity
Running up That Hill,Dayne S,electronic,44,2022-02-18,2022,2,2020s,0.542,0.835,-11.611,0.108,0.64,0.0545,0.838,0.546,120.988,4,0,7,5.13,Medium popularity
Call My Name,"Franky Wah, Rae Morris",electronic,44,2023-08-01,2023,8,2020s,0.791,0.534,-6.288,0.244,0.17,0.0291,0.268,0.038,123.986,3,1,1,4.42,Medium popularity
Cynnes,il:lo,electronic,43,2023-03-24,2023,3,2020s,0.657,0.615,-9.864,0.0892,0.525,0.0287,0.859,0.599,114.002,4,1,4,5.41,Medium popularity
All we ever wanted,"MVCA, SCHWARZ",electronic,43,2024-08-16,2024,8,2020s,0.667,0.578,-12.066,0.146,0.243,0.035,0.419,0.254,120.004,4,0,8,3.63,Medium popularity
Something Right,"Luttrell, Molly Moonwater",electronic,44,2024-07-19,2024,7,2020s,0.543,0.652,-9.461,0.148,0.3,0.0336,0.00976,0.0208,124.046,4,1,8,2.92,Medium popularity
Egyptian Sun,"Francis Mercier, Kiesza",electronic,43,2023-05-26,2023,5,2020s,0.852,0.66,-5.581,0.276,0.203,0.0337,0.111,0.013,122.039,4,1,8,4.29,Medium popularity
Ibiza Blue,Sue Avenue,electronic,43,2021-04-16,2021,4,2020s,0.896,0.788,-7.873,0.0254,0.275,0.0578,0.896,0.0721,104.982,4,1,11,8.91,Medium popularity
Envy,"Christian Löffler, Mogli",electronic,43,2023-05-05,2023,5,2020s,0.575,0.624,-9.945,0.1,0.0654,0.0393,0.919,0.441,118.029,4,1,8,4.13,Medium popularity
La Suavecita,"La Sonora Dinamita, Alvaro Pava",latin,41,2015-07-17,2015,7,2010s,0.626,0.833,-7.798,0.0893,0.703,0.0697,7.83e-06,0.0225,96.625,4,0,5,3.93,Medium popularity
El Muñeco,Brazeros Musical De Durango,latin,20,2010-01-01,2010,1,2010s,0.684,0.869,-5.571,0.25,0.982,0.0441,0.0,0.071,119.994,4,1,9,2.96,Low popularity
Todo Me Gusta De Ti,Aaron Y Su Grupo Ilusion,latin,67,2000-01-01,2000,1,2000s,0.505,0.64,-5.766,0.0769,0.786,0.0362,0.0,0.176,180.625,4,1,10,4.13,Medium popularity
El Colesterol,Fito Olivares y Su Grupo,latin,45,2013-06-25,2013,6,2010s,0.673,0.719,-7.184,0.126,0.95,0.0347,0.0,0.414,89.646,4,0,7,2.4,Medium popularity
Por cuánto me lo das,Los Tigrillos,latin,31,2002-07-31,2002,7,2000s,0.886,0.843,-5.3,0.156,0.856,0.0332,0.000387,0.0736,96.555,4,1,2,2.84,Low popularity
Mix Aniceto 2000: Josefina / La Loca / La Brujita,Los Francos,latin,21,2012-04-02,2012,4,2010s,0.673,0.844,-7.498,0.0512,0.849,0.0632,0.000263,0.0836,139.991,4,1,9,4.59,Low popularity
La 2Da. De Niña,Aaron Y Su Grupo Ilusion,latin,20,1996-01-01,1996,1,1990s,0.685,0.503,-5.673,0.233,0.787,0.0678,0.000129,0.126,182.031,4,0,5,4.4,Low popularity
La Guera Salome,Fito Olivares y Su Grupo,latin,46,2013-06-25,2013,6,2010s,0.79,0.728,-8.458,0.0983,0.842,0.0482,0.0,0.304,97.833,4,1,5,3.13,Medium popularity
Juana La Cubana,Fito Olivares y Su Grupo,latin,56,2013-06-25,2013,6,2010s,0.619,0.467,-10.079,0.181,0.826,0.0359,0.00545,0.763,176.296,4,1,5,3.18,Medium popularity
La Sabrosona,Fito Olivares,latin,11,2012-01-01,2012,1,2010s,0.752,0.852,-5.266,0.0435,0.78,0.0599,0.000113,0.401,96.673,4,1,9,3.26,Low popularity
Fin De Semana,Fito Olivares,latin,19,2012-01-01,2012,1,2010s,0.828,0.757,-4.388,0.127,0.96,0.0463,0.00176,0.486,91.506,4,0,9,2.85,Low popularity
Oye Mujer,Raymix,latin,29,2018-05-18,2018,5,2010s,0.593,0.832,-5.975,0.201,0.952,0.0351,0.0,0.169,90.993,4,0,4,4.3,Low popularity
¿Dónde Estarás?,Raymix,latin,59,2018-02-07,2018,2,2010s,0.544,0.551,-7.608,0.193,0.916,0.0302,0.0,0.136,181.859,4,0,7,3.85,Medium popularity
Primer Beso,Raymix,latin,55,2018-02-07,2018,2,2010s,0.732,0.634,-7.173,0.125,0.718,0.0293,0.0,0.462,90.001,4,1,4,4.18,Medium popularity
Qué Pasaría...,"Rauw Alejandro, Bad Bunny",latin,67,2024-11-14,2024,11,2020s,0.78,0.794,-3.745,0.105,0.329,0.127,0.000276,0.444,105.025,4,0,11,3.18,Medium popularity
DIABLITA (feat. YOVNGCHIMI),"Myke Towers, YOVNGCHIMI",latin,67,2024-08-22,2024,8,2020s,0.669,0.903,-5.506,0.131,0.576,0.173,0.0,0.316,95.027,4,1,1,3.1,Medium popularity
Tanta Droga,"Eladio Carrion, Arcángel, De La Ghetto",latin,54,2024-01-19,2024,1,2020s,0.602,0.758,-5.468,0.115,0.501,0.0483,0.0,0.201,124.067,4,0,6,4.15,Medium popularity
UN PREVIEW,Bad Bunny,latin,65,2023-09-25,2023,9,2020s,0.814,0.786,-3.318,0.22,0.365,0.0873,3.67e-05,0.0383,95.084,4,1,1,2.76,Medium popularity
Suéltate Tú,Farruko,latin,21,2017-09-15,2017,9,2010s,0.757,0.775,-5.452,0.202,0.796,0.0846,0.0,0.0405,100.043,4,0,11,3.92,Low popularity
Viaje,Farruko,latin,45,2022-10-13,2022,10,2020s,0.799,0.705,-4.776,0.0643,0.658,0.0347,0.417,0.0357,122.018,4,0,0,5.06,Medium popularity
Jordan,Ryan Castro,latin,66,2022-05-24,2022,5,2020s,0.68,0.796,-5.555,0.103,0.71,0.37,0.000683,0.0575,179.923,4,0,10,2.94,Medium popularity
GUCCI FENDI,"Justin Quiles, Eladio Carrion",latin,40,2022-03-10,2022,3,2020s,0.784,0.737,-3.984,0.0599,0.75,0.193,0.0,0.299,170.093,4,1,10,2.87,Medium popularity
El Apagón,Bad Bunny,latin,65,2022-05-06,2022,5,2020s,0.698,0.629,-4.485,0.0909,0.599,0.308,0.00166,0.0509,117.765,4,1,8,3.36,Medium popularity
Embalao,"Farruko, White Star, J. Cross",latin,31,2021-10-01,2021,10,2020s,0.822,0.776,-5.03,0.0979,0.557,0.0409,0.000249,0.067,123.984,4,1,7,3.78,Low popularity
ZONA DEL PERREO,"Daddy Yankee, NATTI NATASHA, Becky G",latin,46,2022-03-25,2022,3,2020s,0.838,0.803,-3.23,0.0861,0.637,0.0858,0.011,0.0905,91.986,4,1,0,3.2,Medium popularity
Sabe,"Nicki Nicole, Rauw Alejandro",latin,50,2021-10-26,2021,10,2020s,0.624,0.787,-4.156,0.172,0.767,0.137,0.0,0.103,93.063,4,0,5,2.96,Medium popularity
Lambo,Farruko,latin,29,2021-10-01,2021,10,2020s,0.618,0.769,-5.26,0.139,0.618,0.0547,0.0649,0.211,93.027,4,0,11,2.72,Low popularity
Vestido,J Balvin,latin,49,2021-09-10,2021,9,2020s,0.683,0.851,-5.353,0.105,0.771,0.12,2.5e-05,0.319,87.979,4,0,5,3.11,Medium popularity
Bebé Que Bien Te Ves,"J Balvin, Feid",latin,57,2021-09-10,2021,9,2020s,0.665,0.747,-6.538,0.151,0.634,0.0755,0.0,0.0481,166.006,4,1,1,3.77,Medium popularity
Una Nota,"J Balvin, Sech",latin,56,2021-09-10,2021,9,2020s,0.788,0.662,-4.55,0.0559,0.711,0.205,0.0,0.0191,179.876,4,0,3,2.85,Medium popularity
"DJ No Pare (feat. Zion, Dalex, Lenny Tavárez) - Remix","Justin Quiles, NATTI NATASHA, Farruko, Lenny Tavárez, Dalex, Zion",latin,61,2019-09-06,2019,9,2010s,0.709,0.743,-3.922,0.0809,0.831,0.0879,5.18e-06,0.0451,170.001,4,0,3,4.31,Medium popularity
Baby,Nicki Nicole,latin,39,2021-10-07,2021,10,2020s,0.683,0.804,-4.637,0.139,0.878,0.0507,0.0,0.561,119.99,4,0,0,2.74,Low popularity
Fantasías,J Balvin,latin,39,2021-09-10,2021,9,2020s,0.492,0.844,-6.963,0.108,0.695,0.253,0.0,0.06,80.01,4,0,5,3.26,Low popularity
De Museo,Bad Bunny,latin,59,2021-07-06,2021,7,2020s,0.494,0.592,-10.618,0.13,0.231,0.0747,0.0,0.237,132.037,4,0,4,3.5,Medium popularity
AM Remix,"Nio Garcia, J Balvin, Bad Bunny",latin,67,2021-06-24,2021,6,2020s,0.655,0.743,-5.015,0.0764,0.785,0.159,0.0,0.114,172.031,4,0,6,4.36,Medium popularity
100 MILLONES,"Bad Bunny, Luar La L",latin,59,2021-05-28,2021,5,2020s,0.559,0.808,-6.936,0.0966,0.48,0.452,6.57e-06,0.133,169.103,4,1,1,3.96,Medium popularity
"La Curiosidad (feat. Dj Nelson, JHAYCO, Lunay & Kendo Kaponi) - Blue Grand Prix Remix","Jay Wheeler, Myke Towers, Rauw Alejandro, DJ Nelson, JHAYCO, Lunay, Kendo Kaponi",latin,60,2020-12-17,2020,12,2020s,0.674,0.841,-5.35,0.131,0.761,0.0962,0.0,0.104,90.007,4,1,2,6.38,Medium popularity
YO VISTO ASÍ,Bad Bunny,latin,61,2020-11-27,2020,11,2020s,0.881,0.688,-4.889,0.0804,0.677,0.0474,0.0,0.0947,123.013,4,0,7,3.19,Medium popularity
HOY COBRÉ,Bad Bunny,latin,62,2020-11-27,2020,11,2020s,0.725,0.86,-6.7,0.0994,0.375,0.249,9.1e-05,0.0464,145.001,4,1,11,2.7,Medium popularity
MALDITA POBREZA,Bad Bunny,latin,60,2020-11-27,2020,11,2020s,0.861,0.762,-4.075,0.0956,0.588,0.0652,1.08e-06,0.139,133.037,4,0,4,3.56,Medium popularity
"PORFA Remix ( Feat. Maluma, Nicky Jam, Sech) - Remix","Feid, J Balvin, Maluma, Nicky Jam, Sech, Justin Quiles",latin,59,2020-06-26,2020,6,2020s,0.737,0.793,-4.731,0.0747,0.697,0.0785,0.0,0.0765,167.969,4,0,6,5.56,Medium popularity
Anaranjado,"Jowell & Randy, J Balvin",latin,50,2020-07-16,2020,7,2020s,0.58,0.763,-6.196,0.154,0.608,0.144,1.6e-05,0.0466,175.937,4,1,8,3.53,Medium popularity
La Tóxica,Farruko,latin,59,2020-07-24,2020,7,2020s,0.701,0.659,-4.107,0.0866,0.623,0.164,0.0,0.0882,91.97,4,1,9,3.01,Medium popularity
Caramelo,Ozuna,latin,59,2020-06-11,2020,6,2020s,0.806,0.728,-3.766,0.153,0.698,0.0623,0.000301,0.0531,168.084,4,1,6,3.63,Medium popularity
PA' ROMPERLA,"Bad Bunny, Don Omar",latin,61,2020-05-10,2020,5,2020s,0.83,0.772,-5.019,0.0843,0.697,0.0599,0.0,0.016,94.011,4,1,7,3.24,Medium popularity
MÁS DE UNA CITA,"Bad Bunny, Zion & Lennox",latin,57,2020-05-10,2020,5,2020s,0.5,0.865,-10.805,0.098,0.317,0.0861,7.73e-05,0.0122,92.976,4,1,5,3.06,Medium popularity
SI ELLA SALE,Bad Bunny,latin,50,2020-05-10,2020,5,2020s,0.727,0.869,-7.397,0.107,0.92,0.123,0.00991,0.0589,147.967,4,1,7,2.39,Medium popularity
Mujer Satisfecha,Zion & Lennox,latin,32,2020-04-03,2020,4,2020s,0.84,0.841,-2.838,0.11,0.567,0.0486,3.18e-05,0.0177,94.05,4,1,10,3.55,Low popularity
Verde,"J Balvin, Sky Rompiendo",latin,52,2020-03-19,2020,3,2020s,0.738,0.828,-4.295,0.0917,0.818,0.0515,0.492,0.0381,94.995,4,0,8,2.38,Medium popularity
Azul,J Balvin,latin,66,2020-03-19,2020,3,2020s,0.836,0.843,-2.474,0.0532,0.651,0.0694,0.0014,0.0816,94.018,4,0,11,3.43,Medium popularity
Gris,J Balvin,latin,54,2020-03-19,2020,3,2020s,0.709,0.849,-4.717,0.329,0.916,0.0793,0.0,0.227,93.06,4,0,6,2.94,Medium popularity
Arcoíris,"J Balvin, Mr Eazi",latin,48,2020-03-19,2020,3,2020s,0.787,0.731,-5.26,0.315,0.392,0.0722,0.0,0.0865,92.971,4,0,4,3.11,Medium popularity
Negro,J Balvin,latin,57,2020-03-19,2020,3,2020s,0.911,0.796,-2.228,0.131,0.799,0.0874,0.196,0.0157,164.082,4,1,0,3.03,Medium popularity
Pero Ya No,Bad Bunny,latin,64,2020-02-29,2020,2,2020s,0.612,0.882,-6.103,0.182,0.742,0.118,5.07e-06,0.0475,147.982,4,1,4,2.68,Medium popularity
Solita,"Sech, Farruko, Zion & Lennox",latin,60,2019-04-19,2019,4,2010s,0.831,0.679,-1.866,0.097,0.88,0.109,1.1e-06,0.159,88.793,4,1,2,3.66,Medium popularity
Ignorantes,"Bad Bunny, Sech",latin,61,2020-02-14,2020,2,2020s,0.536,0.85,-5.161,0.0996,0.505,0.0599,3.89e-05,0.267,96.029,4,1,1,3.51,Medium popularity
Morado,J Balvin,latin,57,2020-01-09,2020,1,2020s,0.696,0.881,-3.838,0.0927,0.781,0.0797,4.06e-05,0.136,97.002,4,0,11,3.34,Medium popularity
Vete,Bad Bunny,latin,67,2019-11-21,2019,11,2010s,0.672,0.886,-4.394,0.101,0.526,0.188,8.78e-06,0.0363,91.976,4,1,1,3.2,Medium popularity
Fuego,Ozuna,latin,35,2019-11-29,2019,11,2010s,0.618,0.844,-5.133,0.148,0.604,0.0685,0.000309,0.139,91.017,4,0,5,3.19,Low popularity
Blanco,J Balvin,latin,53,2019-11-15,2019,11,2010s,0.711,0.871,-5.397,0.0872,0.622,0.125,0.0057,0.0267,100.013,4,0,9,2.43,Medium popularity
La Playa - Remix,"Myke Towers, Maluma, Farruko",latin,55,2020-01-03,2020,1,2020s,0.633,0.775,-3.332,0.219,0.394,0.133,0.0,0.201,140.008,4,0,10,4.17,Medium popularity
Bellaquita - Remix,"Dalex, Lenny Tavárez, Anitta, NATTI NATASHA, Farruko, Justin Quiles",latin,61,2019-11-22,2019,11,2010s,0.715,0.795,-3.582,0.179,0.758,0.0838,2.12e-06,0.141,165.941,4,1,1,5.08,Medium popularity
Shorty,Jerry Di,latin,25,2019-07-19,2019,7,2010s,0.752,0.925,-4.523,0.0706,0.743,0.153,0.0,0.0149,96.966,4,0,6,3.08,Low popularity
B11 (feat. Myke Towers),"Rvssian, Darell, Zion & Lennox, Myke Towers",latin,57,2019-09-18,2019,9,2010s,0.717,0.759,-5.014,0.131,0.195,0.115,0.000455,0.0672,99.946,4,1,0,4.2,Medium popularity
Delincuente,"Farruko, Anuel AA, Kendo Kaponi",latin,60,2019-04-26,2019,4,2010s,0.858,0.655,-5.607,0.344,0.65,0.315,0.0,0.53,83.489,4,0,0,6.6,Medium popularity
CUIDAO POR AHÍ,"J Balvin, Bad Bunny",latin,54,2019-06-28,2019,6,2010s,0.812,0.846,-2.979,0.174,0.587,0.0787,0.00245,0.109,90.981,4,0,4,3.31,Medium popularity
COMO UN BEBÉ,"J Balvin, Bad Bunny, Mr Eazi",latin,66,2019-06-28,2019,6,2010s,0.807,0.825,-5.753,0.138,0.816,0.095,4.79e-06,0.0741,103.053,4,1,6,3.65,Medium popularity
Otro Trago - Remix,"Sech, Ozuna, Anuel AA, Darell, Nicky Jam",latin,66,2019-07-26,2019,7,2010s,0.79,0.725,-2.331,0.0602,0.763,0.197,1.14e-06,0.0711,175.988,4,1,0,4.8,Medium popularity
Cristina (feat. Shelow Shaq),"Maffio, Justin Quiles, Nacho, Shelow Shaq",latin,53,2019-03-29,2019,3,2010s,0.599,0.861,-4.205,0.0921,0.869,0.246,0.0,0.183,102.119,4,1,1,3.11,Medium popularity
Soltera (Remix),"Lunay, Daddy Yankee, Bad Bunny",latin,66,2019-05-10,2019,5,2010s,0.783,0.795,-4.271,0.437,0.799,0.0432,0.0,0.361,92.01,4,1,5,4.43,Medium popularity
TOMA TOMA TOMA,"$werve, TOKYOSLEEP, Mc Gw",brazilian,62,2023-05-19,2023,5,2020s,0.972,0.845,0.914,0.514,0.881,0.101,0.0443,0.444,129.967,4,1,0,1.77,Medium popularity
Tubarão Te Amo,"Dj LK da Escócia, Tchakabum, MC Ryan SP, mc jhenny, Mc RF",brazilian,63,2022-09-28,2022,9,2020s,0.742,0.889,-3.495,0.066,0.479,0.358,0.000568,0.299,130.089,4,0,4,2.48,Medium popularity
Montagem Orquestra Sinfônica,"DJ TENEBROSO ORIGINAL, Mc Danflin",brazilian,57,2022-10-31,2022,10,2020s,0.683,0.85,-7.41,0.123,0.767,0.0596,0.229,0.091,129.946,4,1,11,3.08,Medium popularity
Chama o Coveiro,"Mc Delux, DJ Guih Da ZO",brazilian,58,2022-01-28,2022,1,2020s,0.781,0.922,-0.548,0.159,0.57,0.323,0.00013,0.148,130.174,4,1,2,2.16,Medium popularity
Faz Striptease (Versão Tik Tok),"MC Teuzin PV, MC Skcot",brazilian,58,2022-06-03,2022,6,2020s,0.726,0.502,-0.252,0.148,0.658,0.195,2.29e-06,0.478,72.74,3,1,1,1.93,Medium popularity
Ele Te Bota Soca Soca,"MC Mazzie, Mc Rd, DJ NpcSize, DJ Wizard",brazilian,64,2021-06-18,2021,6,2020s,0.746,0.896,-5.174,0.139,0.752,0.072,1.19e-06,0.108,130.138,4,1,7,3.02,Medium popularity
Soca Soca,"MC Mazzie, DJ CARAI",brazilian,46,2022-05-05,2022,5,2020s,0.596,0.931,-5.507,0.0777,0.651,0.0934,7.26e-05,0.553,130.148,4,1,7,2.05,Medium popularity
Sua amiga deu,MC Levin,brazilian,58,2019-05-17,2019,5,2010s,0.556,0.947,-4.536,0.208,0.426,0.0736,5.43e-06,0.277,130.046,4,1,7,2.97,Medium popularity
Joga Essa Rabeta,"MC Teuzin PV, MC Skcot",brazilian,63,2022-01-03,2022,1,2020s,0.421,0.537,-1.987,0.0854,0.788,0.0605,0.0,0.408,86.69,5,0,8,2.58,Medium popularity
Eu Já Sofri por Amor Mas Não Sofro Mais (Tik Tok),"MC Teuzin PV, MC Skcot",brazilian,59,2022-06-23,2022,6,2020s,0.855,0.773,0.832,0.121,0.658,0.356,1.25e-05,0.223,86.93,4,0,11,2.25,Medium popularity
EU BEM QUE TE AVISEI - TU EMPINOU ELE PEI,"Mc Delux, DJ ABDO, CLUB DA DZ7",brazilian,61,2022-04-12,2022,4,2020s,0.659,0.955,-3.531,0.148,0.495,0.382,0.00731,0.411,129.962,4,0,0,2.65,Medium popularity
Vai Com Bundão,"MC Meno K, Ricky Ribeiro",brazilian,58,2021-09-24,2021,9,2020s,0.607,0.932,-7.237,0.0836,0.962,0.534,0.0,0.884,129.97,4,1,10,2.09,Medium popularity
Baiana 2022,Ladji Mouflet,brazilian,55,2022-05-22,2022,5,2020s,0.493,0.776,-10.719,0.189,0.389,0.138,0.854,0.12,114.952,4,0,0,2.57,Medium popularity
MTG MALDIÇÃO ETERNA 1.0 (Slowed),"DJ GLK, MC LIPEX, Dj luis do grau",brazilian,25,2022-08-10,2022,8,2020s,0.593,0.496,-9.294,0.175,0.292,0.0495,0.643,0.784,95.059,4,1,1,2.33,Low popularity
Dale Moreno,Dj Jhonatan Perú,brazilian,54,2022-11-11,2022,11,2020s,0.791,0.842,-4.814,0.331,0.821,0.0807,5.49e-05,0.31,96.019,4,0,3,2.48,Medium popularity
Saka Saka Saka,"MC Mazzie, DJ NpcSize, DJ Wizard",brazilian,55,2022-09-26,2022,9,2020s,0.743,0.805,-7.244,0.149,0.612,0.0735,0.00155,0.177,130.143,4,1,0,3.07,Medium popularity
"É o Pombo, É o Neymar, Vinícius Jr E Paquetá (Copa do Mundo 2022)","DJ Dollynho Da Lapa, MC LEON, MC Pânico",brazilian,56,2022-12-06,2022,12,2020s,0.896,0.933,-1.692,0.0726,0.794,0.306,0.0,0.258,140.111,4,1,8,2.63,Medium popularity
AQUECIMENTO TÃO TÁ VAI COMEÇAR EM VS PEGA PEGA VUK VUK FUNK,BRADSP,brazilian,43,2022-04-23,2022,4,2020s,0.684,0.927,-5.081,0.0428,0.817,0.213,0.0461,0.148,129.971,4,1,1,1.33,Medium popularity
ESSE HIT É CHICLETE VS É VUK VUK TIK TOK,DJ MESQUITA DE NV,brazilian,36,2022-07-15,2022,7,2020s,0.774,0.891,-0.033,0.137,0.76,0.297,1.14e-05,0.297,86.656,5,1,4,2.23,Low popularity
Sequência dos Bailes Funk,DJ VM 22,brazilian,43,2022-10-24,2022,10,2020s,0.494,0.584,-10.112,0.052,0.758,0.32,0.000549,0.000494,139.788,4,1,8,2.2,Medium popularity
Não é Uma Beleza,"Rand0m, GV Cunha, DJ Guilherme",brazilian,45,2022-04-20,2022,4,2020s,0.702,0.825,-4.588,0.258,0.931,0.346,0.00697,0.27,64.987,4,0,5,1.27,Medium popularity
"É o Pombo, É o Neymar, Vinicius Jr, Paqueta","NK DA V, MC Pânico",brazilian,39,2022-12-09,2022,12,2020s,0.864,0.883,-4.603,0.082,0.594,0.371,0.0,0.135,140.306,4,0,6,2.11,Low popularity
Jogadinha do Paqueta,"Mc Rf, Dj Kaio VDM",brazilian,60,2022-09-26,2022,9,2020s,0.823,0.977,-0.37,0.0687,0.671,0.282,3.87e-05,0.396,130.031,4,1,7,2.42,Medium popularity
HOJE EU VOU COMER NOVINHA 02,DJ AG O GRINGO,brazilian,55,2022-06-01,2022,6,2020s,0.39,0.913,-4.538,0.11,0.175,0.12,3.32e-05,0.707,130.05,4,1,9,1.79,Medium popularity
Tu Hablas Espanhol,"Mc Delux, DJ Guih Da ZO",brazilian,46,2022-07-10,2022,7,2020s,0.849,0.945,-0.329,0.157,0.92,0.111,0.00145,0.117,130.207,4,0,11,2.11,Medium popularity
Saquarema,"MC Rogê, DJ Meek, Boladinho DJ, Mc G Talibã",brazilian,60,2020-07-24,2020,7,2020s,0.518,0.896,-8.524,0.0897,0.793,0.266,0.00306,0.285,150.066,4,1,9,3.36,Medium popularity
Beat Trava Pulmão,"Mc Menor Do Alvorada, dj caxa da zl, Mc Gw",brazilian,13,2022-06-15,2022,6,2020s,0.842,0.76,-6.553,0.0995,0.464,0.381,0.00108,0.829,130.042,4,1,10,4.14,Low popularity
Tu Empinou Ele Pei,"Xandy Almeida, Mc Delux",brazilian,34,2022-05-08,2022,5,2020s,0.819,0.596,-10.326,0.0481,0.888,0.101,0.00837,0.0644,88.055,5,1,0,2.88,Low popularity
Automotivo Super Mario World 2,DJ NK3,brazilian,59,2022-09-29,2022,9,2020s,0.754,0.845,-2.511,0.0385,0.574,0.238,1.31e-05,0.0571,129.947,4,1,2,2.31,Medium popularity
Hey Hou,"DJ Guih Da ZO, Mc Delux",brazilian,44,2021-07-03,2021,7,2020s,0.897,0.912,-0.909,0.243,0.589,0.205,5.63e-05,0.33,130.284,4,0,9,3.26,Medium popularity
Uma Cavala Mesmo,"MC Meno K, MC Cria, Dj Matheus Silva",brazilian,56,2021-01-22,2021,1,2020s,0.374,0.867,-11.883,0.161,0.684,0.236,0.0,0.629,130.026,4,0,9,2.52,Medium popularity
Formosa,"Kaio Viana, MC CJ",brazilian,52,2021-11-19,2021,11,2020s,0.483,0.765,-5.356,0.21,0.217,0.0362,0.0,0.432,123.846,4,0,2,3.1,Medium popularity
Bumbum granada,"MC's Zaac, Jerry Smith",brazilian,61,2017-12-01,2017,12,2010s,0.836,0.967,-1.264,0.11,0.162,0.133,8.5e-05,0.278,130.028,4,0,1,3.12,Medium popularity
VAI DJ NPC SOCA COM VONTADE / MACHUCA MACHUCA,"DJ NpcSize, Mc Larissa",brazilian,55,2022-04-26,2022,4,2020s,0.855,0.821,-2.466,0.106,0.569,0.0611,0.000115,0.317,130.145,4,1,1,3.05,Medium popularity
A X3R3CA DELA É BOA,"Mc Delux, DJ Guilherme",brazilian,39,2022-01-31,2022,1,2020s,0.799,0.959,-1.41,0.0802,0.639,0.0867,2.96e-05,0.329,130.012,4,1,1,2.41,Low popularity
Sua amiga vou sarrar,MC Levin,brazilian,61,2019-02-15,2019,2,2010s,0.533,0.921,-3.408,0.0832,0.673,0.0749,0.0,0.433,130.014,4,0,9,2.49,Medium popularity
Forte Forte de Lacoste - Pra Começar o Final de Semana,"DJ Jeeh FDC, MC LCKaiique, MC Celo BK, DJ Menezes, DJ Arana, Mc Yoshi",brazilian,64,2023-05-29,2023,5,2020s,0.699,0.633,0.41,0.175,0.762,0.557,1.46e-06,0.516,83.624,3,0,11,3.05,Medium popularity
Portuginies,IShowSpeed,brazilian,44,2023-07-07,2023,7,2020s,0.809,0.633,-0.322,0.49,0.733,0.36,0.0,0.289,126.028,4,1,1,2.91,Medium popularity
Jingle Bell,MC Teteu,brazilian,49,2019-11-22,2019,11,2010s,0.285,0.908,-12.559,0.0844,0.793,0.274,0.00833,0.16,129.83,4,0,8,2.73,Medium popularity
Montagem - Conga Conga (Slowed + Reverb),DJ RAMON SP,brazilian,62,2023-02-24,2023,2,2020s,0.813,0.845,-5.178,0.137,0.403,0.162,0.00548,0.465,113.471,4,1,2,2.98,Medium popularity
REI DO BRASIL,Seek,brazilian,67,2023-06-02,2023,6,2020s,0.879,0.91,1.318,0.0704,0.954,0.239,0.271,0.143,130.006,4,1,5,1.63,Medium popularity
Cumbia Sobre el Mar,"Quantic, Flowering Inferno",brazilian,55,2010-07-19,2010,7,2010s,0.601,0.615,-8.147,0.102,0.662,0.0584,0.427,0.0732,84.614,4,1,0,6.29,Medium popularity
Forró pela Manhã,Hermeto Pascoal,brazilian,28,2018-06-01,2018,6,2010s,0.921,0.728,-5.963,0.176,0.981,0.0371,0.0172,0.493,98.076,4,1,0,2.02,Low popularity
Forrowest,Forro In The Dark,brazilian,32,2006-11-07,2006,11,2000s,0.413,0.761,-13.191,0.0996,0.527,0.168,0.881,0.258,96.649,4,0,9,4.74,Low popularity
Asa Branca,"Forro In The Dark, Daivd Byrne",brazilian,16,2006-11-07,2006,11,2000s,0.612,0.602,-8.351,0.142,0.598,0.0307,8.58e-06,0.0216,107.137,4,1,7,3.52,Low popularity
Forró da Casa Grande,Forro In The Dark,brazilian,23,2017-04-21,2017,4,2010s,0.677,0.667,-8.663,0.11,0.79,0.104,0.753,0.242,113.367,4,1,1,2.57,Low popularity
Limoerio do Norte,Forro In The Dark,brazilian,22,2006-11-07,2006,11,2000s,0.325,0.791,-13.061,0.112,0.882,0.0634,0.839,0.151,125.648,4,0,9,2.97,Low popularity
Wandering Swallow featuring Bebel Gilberto,"Forro In The Dark, Bebel Gilberto",brazilian,12,2006-11-07,2006,11,2000s,0.366,0.469,-11.948,0.117,0.708,0.035,0.15,0.902,168.907,4,1,7,4.23,Low popularity
Salvación,"Los Miticos Del Ritmo, Quantic",brazilian,33,2020-08-14,2020,8,2020s,0.666,0.666,-7.079,0.228,0.699,0.0378,0.0,0.0281,116.383,4,1,2,2.79,Low popularity
Vampiro Sabanero,"Los Miticos Del Ritmo, Quantic",brazilian,30,2020-08-14,2020,8,2020s,0.695,0.781,-6.608,0.27,0.971,0.163,0.104,0.0606,84.781,4,1,9,2.71,Low popularity
Cumbia Sobre el Mar - El Búho Remix,"El Búho, Quantic",brazilian,45,2019-11-08,2019,11,2010s,0.732,0.651,-6.006,0.0478,0.694,0.037,0.14,0.187,159.924,4,0,3,5.22,Medium popularity
Inmortales (Body Move) - El Búho Remix,"Nickodemus, Fémina, El Búho",brazilian,16,2019-11-08,2019,11,2010s,0.758,0.841,-7.706,0.06,0.942,0.0829,0.00531,0.303,92.998,4,1,1,5.38,Low popularity
Hotline Bling,"Quantic, Los Miticos Del Ritmo",brazilian,39,2018-05-11,2018,5,2010s,0.533,0.886,-7.083,0.032,0.976,0.553,0.396,0.743,156.017,4,0,4,3.38,Low popularity
Se Lo Ví,"Quantic, Nidia Gongora",brazilian,34,2017-05-12,2017,5,2010s,0.494,0.582,-10.297,0.103,0.927,0.124,0.00313,0.476,89.112,4,1,10,3.77,Low popularity
Ojos Vicheros,"Quantic, Nidia Gongora",brazilian,23,2017-05-12,2017,5,2010s,0.744,0.738,-8.97,0.183,0.811,0.0515,1.06e-05,0.197,94.019,4,1,0,4.48,Low popularity
Criançada (con Castello Branco),"Nicola Cruz, Castello Branco",brazilian,45,2019-01-25,2019,1,2010s,0.443,0.865,-14.168,0.0877,0.688,0.16,0.143,0.723,96.023,4,0,4,5.13,Medium popularity
Hacia Delante (con Chato),"Nicola Cruz, Chato",brazilian,28,2019-01-25,2019,1,2010s,0.58,0.835,-8.892,0.115,0.84,0.189,0.000767,0.559,100.007,4,0,8,3.89,Low popularity
Equinoccio (feat. Huaira),"Nicola Cruz, Huaira",brazilian,37,2015-10-30,2015,10,2010s,0.623,0.817,-10.116,0.103,0.391,0.0858,0.235,0.274,93.979,4,0,5,3.67,Low popularity
Prego Batido,Bernadete França,brazilian,17,2019-08-15,2019,8,2010s,0.886,0.714,-4.429,0.227,0.897,0.0728,1.16e-05,0.663,184.108,4,1,5,2.98,Low popularity
Ô Sertão,Ó Do Forró,brazilian,20,2013-10-10,2013,10,2010s,0.78,0.708,-6.624,0.125,0.582,0.0322,0.0,0.271,87.984,4,0,7,3.89,Low popularity
Forró Do Embolaxado,As Galvão,brazilian,25,2008-07-01,2008,7,2000s,0.86,0.812,-6.131,0.0771,0.966,0.0559,0.0,0.395,91.984,4,1,3,2.9,Low popularity
Baião Destemperado,Barbatuques,brazilian,23,2002-04-01,2002,4,2000s,0.741,0.861,-8.305,0.216,0.744,0.158,0.63,0.425,95.715,4,1,1,2.73,Low popularity
Bate no Pandeiro,Ó Do Forró,brazilian,17,2016-05-01,2016,5,2010s,0.876,0.858,-5.342,0.121,0.876,0.0962,7.34e-05,0.326,93.022,4,1,10,3.36,Low popularity
Condução,Mariana Aydar,brazilian,25,2019-12-06,2019,12,2010s,0.698,0.754,-6.593,0.446,0.687,0.0609,0.0366,0.0353,147.918,4,0,1,3.22,Low popularity
Abc do Sertão,Bicho de Pé,brazilian,14,2018-09-05,2018,9,2010s,0.767,0.724,-5.734,0.0585,0.957,0.0379,0.0,0.296,108.081,4,1,9,3.16,Low popularity
Foguete,Mariana Aydar,brazilian,32,2020-06-15,2020,6,2020s,0.458,0.754,-9.117,0.131,0.58,0.124,0.000242,0.301,135.853,4,0,7,3.38,Low popularity
Bença,Juliette,brazilian,34,2021-09-03,2021,9,2020s,0.427,0.639,-10.911,0.237,0.637,0.0297,0.0,0.225,156.004,4,1,2,2.46,Low popularity
Me Embelezo,"Xaxado Novo, Bruno Duarte",brazilian,17,2016-08-22,2016,8,2010s,0.514,0.676,-8.775,0.236,0.809,0.0319,3.45e-05,0.27,143.027,4,0,0,3.36,Low popularity
Despedida,Thais Nogueira,brazilian,21,2019-04-04,2019,4,2010s,0.65,0.765,-6.822,0.0859,0.892,0.0551,0.0,0.041,129.958,4,0,11,3.36,Low popularity
Menina Mulher da Pele Preta,Forroçacana,brazilian,37,2000-10-01,2000,10,2000s,0.652,0.716,-6.528,0.0694,0.786,0.0324,4.58e-05,0.0572,147.046,4,0,6,3.93,Low popularity
Baile de Luxo,Os Fulano,brazilian,23,2017-06-03,2017,6,2010s,0.827,0.742,-8.523,0.0892,0.961,0.0372,0.61,0.181,92.992,4,1,11,2.71,Low popularity
Tem Quem Reze por Mim,Trio Juazeiro,brazilian,22,2021-07-02,2021,7,2020s,0.717,0.631,-8.898,0.462,0.96,0.072,1.1e-06,0.552,96.565,4,1,7,2.54,Low popularity
Saudade é Tempero de Vó,"Lucas Felix, Mestrinho",brazilian,31,2021-07-26,2021,7,2020s,0.626,0.46,-7.57,0.159,0.747,0.0573,0.0,0.348,185.213,4,0,5,3.91,Low popularity
Quer Mais um Pouquinho,Ó Do Forró,brazilian,20,2016-05-01,2016,5,2010s,0.892,0.847,-5.095,0.0452,0.94,0.0429,1.01e-05,0.263,93.98,4,1,2,3.52,Low popularity
Tonelada de Forró,Trio Alvorada,brazilian,25,2010-02-01,2010,2,2010s,0.87,0.768,-4.65,0.0509,0.974,0.0409,0.0,0.546,94.961,4,1,9,2.99,Low popularity
Seu Siriri,Trio Dona Zefa,brazilian,16,2016-11-05,2016,11,2010s,0.895,0.823,-7.042,0.0523,0.937,0.0373,0.0,0.413,97.003,4,1,2,3.48,Low popularity
Maria Forrozeira,Thais Nogueira,brazilian,19,2019-04-04,2019,4,2010s,0.926,0.755,-4.922,0.134,0.968,0.0375,0.0,0.0823,98.04,4,1,8,3.78,Low popularity
Forró Perigoso,Diego Oliveira,brazilian,16,2019-03-10,2019,3,2010s,0.967,0.694,-5.241,0.0619,0.918,0.0639,0.0,0.25,193.967,4,1,9,2.82,Low popularity
Forró do Benedito,Trio Caeté,brazilian,17,2010-06-01,2010,6,2010s,0.849,0.758,-5.714,0.079,0.738,0.0451,0.0,0.488,94.983,4,1,7,3.16,Low popularity
Matuto Aperreado,Luiz Gonzaga,brazilian,13,2000-05-11,2000,5,2000s,0.696,0.734,-8.354,0.0874,0.961,0.0357,0.0,0.588,97.018,4,0,2,2.36,Low popularity
La Belle De Jour,Alceu Valença,brazilian,53,2003-01-01,2003,1,2000s,0.479,0.62,-9.888,0.191,0.661,0.0321,0.000406,0.196,104.83,4,1,0,4.49,Medium popularity
Onde Está Você,"Elba Ramalho, Dominguinhos",brazilian,38,2005-03-14,2005,3,2000s,0.601,0.744,-10.082,0.125,0.927,0.0463,1.55e-06,0.562,157.243,4,0,2,3.47,Low popularity
Forró Nº 1 (feat. Gal Costa),"Luiz Gonzaga, Gal Costa",brazilian,26,2012-11-26,2012,11,2010s,0.975,0.697,-5.009,0.332,0.806,0.05,0.000867,0.186,111.98,4,0,10,3.59,Low popularity
Quando Você Olha Pra Ela,Gal Costa,brazilian,50,2016-01-14,2016,1,2010s,0.59,0.761,-10.274,0.0926,0.895,0.0449,0.00933,0.454,158.053,4,1,10,4.45,Medium popularity
Você Não Entende Nada,Gal Costa,brazilian,29,1996-01-01,1996,1,1990s,0.641,0.563,-13.097,0.0757,0.819,0.0637,0.000183,0.685,145.048,4,1,11,3.83,Low popularity
Camarão Que Dorme a Onda Leva,"Zeca Pagodinho, Dudu Nobre, Mumuzinho, Djavan, Sombrinha, Arlindo Cruz, Maria Rita, Péricles, Alcione, Emicida, Diogo Nogueira, Frejat, Monarco, VELHA GUARDA DA PORTELA, Almir Guineto, Rildo Hora, Roberta Sá, Lenine, Beth Carvalho, Marcelo D2",brazilian,61,2014-03-20,2014,3,2010s,0.694,0.723,-6.694,0.052,0.739,0.0802,0.0,0.313,106.359,4,1,0,2.82,Medium popularity
Esperando na janela,Gilberto Gil,brazilian,59,2000-01-01,2000,1,2000s,0.647,0.653,-7.028,0.0753,0.936,0.0437,0.0,0.201,156.28,4,1,4,4.28,Medium popularity
Beijo Matador,Forró Bemtivi,brazilian,18,2017-08-16,2017,8,2010s,0.814,0.669,-6.262,0.331,0.95,0.0366,0.0,0.378,96.03,4,0,5,2.98,Low popularity
O Canto Da Ema,Jackson Do Pandeiro,brazilian,27,2016-06-17,2016,6,2010s,0.773,0.7,-10.065,0.137,0.965,0.0347,0.0,0.406,104.76,4,1,7,2.7,Low popularity
Matilde,Forroçacana,brazilian,29,2002-03-08,2002,3,2000s,0.874,0.748,-5.069,0.0713,0.962,0.0377,0.0,0.276,95.035,4,0,9,3.96,Low popularity
Vamos Todo Mundo pro Forró,Dois Dobrado,brazilian,19,2016-03-10,2016,3,2010s,0.951,0.743,-3.777,0.295,0.969,0.0358,0.0,0.579,102.987,4,1,5,3.98,Low popularity
Cartomante,Pé de Mulambo,brazilian,29,2011-02-15,2011,2,2010s,0.592,0.846,-5.632,0.0943,0.565,0.0658,0.0,0.324,140.031,4,0,9,3.84,Low popularity
Táxi Lunar,Geraldo Azevedo,brazilian,38,1998-05-06,1998,5,1990s,0.47,0.655,-11.395,0.128,0.577,0.0356,0.00163,0.237,145.703,4,0,4,3.85,Low popularity
Forró no Malagueta,Forroçacana,brazilian,32,2002-03-08,2002,3,2000s,0.92,0.808,-5.508,0.268,0.973,0.0443,2.11e-06,0.211,98.057,4,1,4,3.7,Low popularity
Que seja,"Bicho de Pé, Janayna Pereira",brazilian,36,2008-03-13,2008,3,2000s,0.493,0.609,-6.557,0.314,0.761,0.0316,0.0,0.176,161.492,4,1,9,4.06,Low popularity
Vou Te Namorar,Dois Dobrado,brazilian,34,2016-03-10,2016,3,2010s,0.631,0.696,-4.541,0.258,0.926,0.0366,0.0,0.346,150.007,4,0,4,3.78,Low popularity
Eu e você,"Bicho de Pé, Janayna Pereira",brazilian,33,2008-03-13,2008,3,2000s,0.532,0.591,-5.712,0.105,0.527,0.0306,0.0,0.614,143.458,4,1,0,5.01,Low popularity
Bola De Meia,Forroçacana,brazilian,32,2002-03-08,2002,3,2000s,0.585,0.715,-6.753,0.434,0.895,0.0361,0.0,0.165,154.147,4,0,9,3.77,Low popularity
Samarina,Chama Chuva,brazilian,36,2001-01-01,2001,1,2000s,0.773,0.642,-6.108,0.102,0.962,0.0605,0.0,0.324,82.542,4,1,4,4.08,Low popularity
Me Chamo Forró,Ó Do Forró,brazilian,30,2016-03-07,2016,3,2010s,0.769,0.693,-5.903,0.0978,0.35,0.0349,0.0,0.114,88.03,4,0,6,4.09,Low popularity
Eu Só Quero Um Xodó,Bicho de Pé,brazilian,32,2012-09-12,2012,9,2010s,0.609,0.709,-8.493,0.15,0.613,0.0311,3.07e-06,0.164,98.011,4,1,9,3.55,Low popularity
E Eu?,Gisele De Santi,brazilian,21,2010-08-27,2010,8,2010s,0.526,0.559,-13.468,0.165,0.761,0.0318,0.209,0.564,80.029,4,0,8,3.49,Low popularity
Sapatilha 37,Guentaê!,brazilian,44,2001-01-01,2001,1,2000s,0.632,0.635,-7.54,0.0439,0.96,0.0429,0.0,0.293,168.563,4,1,2,3.08,Medium popularity
Agradar Você,Trio Potiguá,brazilian,23,2004-04-28,2004,4,2000s,0.854,0.637,-5.751,0.112,0.9,0.0389,0.0,0.323,97.013,4,1,9,5.42,Low popularity
Numa Sala de Reboco,Elba Ramalho,brazilian,32,2002-03-15,2002,3,2000s,0.766,0.649,-7.065,0.0707,0.885,0.0533,0.0,0.267,166.989,4,1,7,3.28,Low popularity
Meu Cenario,Circulando De Fulo,brazilian,35,2001-01-01,2001,1,2000s,0.698,0.645,-6.177,0.0545,0.967,0.0433,0.0,0.238,168.05,4,1,10,3.85,Low popularity
Forró De Itaúnas,Chama Chuva,brazilian,36,2001-01-01,2001,1,2000s,0.748,0.621,-5.026,0.0927,0.96,0.062,0.0,0.522,179.533,4,0,7,3.34,Low popularity
"O Sol, A Lis, E O Beija-Flor",Circulando De Fulo,brazilian,37,2001-01-01,2001,1,2000s,0.396,0.713,-9.448,0.069,0.634,0.0458,0.0,0.107,127.194,4,1,7,4.38,Low popularity
Semelhantes,Peixelétrico,brazilian,28,2001-06-23,2001,6,2000s,0.602,0.604,-6.619,0.0718,0.663,0.0887,0.0,0.28,166.074,4,0,6,3.82,Low popularity
Aşkının Ederi Bu Mu,"Shawty, Ayaz Erdoğan",turkish,48,2024-11-15,2024,11,2020s,0.877,0.812,-5.625,0.0851,0.793,0.0858,0.00204,0.305,122.042,4,0,1,2.62,Medium popularity
Ne Olur,"Bilal Sonses, Merve Özbey",turkish,56,2024-11-08,2024,11,2020s,0.884,0.756,-5.698,0.358,0.721,0.126,0.0,0.296,169.903,4,0,9,2.19,Medium popularity
Kül Kedisi,Bengü,turkish,56,2024-11-08,2024,11,2020s,0.831,0.721,-5.546,0.0586,0.768,0.14,2.52e-06,0.00583,124.031,4,0,6,3.06,Medium popularity
İstanbul'da,İlyas Yalçıntaş,turkish,37,2024-11-01,2024,11,2020s,0.617,0.486,-6.441,0.245,0.554,0.0577,0.0,0.235,164.22,4,0,9,2.83,Low popularity
Geçen Yıl,Saide Guliyeva,turkish,32,2024-11-08,2024,11,2020s,0.797,0.635,-4.958,0.332,0.389,0.0675,1.3e-06,0.0157,111.949,4,0,11,2.99,Low popularity
Ama Yine Sen,Burak Bulut,turkish,63,2024-11-08,2024,11,2020s,0.67,0.519,-6.134,0.0826,0.278,0.0361,1.18e-06,0.321,150.234,4,0,5,2.25,Medium popularity
İki Taraf,Sezer Sarıgöz,turkish,49,2024-10-25,2024,10,2020s,0.72,0.664,-9.288,0.428,0.953,0.256,0.00592,0.762,93.928,4,0,5,2.72,Medium popularity
Kaybeden Hep Bendim,Kerim Araz,turkish,45,2024-09-13,2024,9,2020s,0.588,0.555,-10.181,0.222,0.503,0.116,7.32e-05,0.682,80.144,4,0,7,2.96,Medium popularity
Rakıya Meze Olalım,"Zara, Burak Bulut, Kurtuluş Kuş",turkish,57,2024-10-04,2024,10,2020s,0.421,0.602,-10.992,0.498,0.497,0.164,4.93e-06,0.411,170.108,4,0,5,2.16,Medium popularity
Gittiğini Kabullenemem,Rollen,turkish,35,2024-10-04,2024,10,2020s,0.639,0.674,-8.087,0.102,0.221,0.0314,0.000764,0.0504,100.06,4,0,11,2.0,Low popularity
Kimim Ben,"Fredo, Defkhan, Rollen, Aysemen",turkish,45,2024-08-09,2024,8,2020s,0.622,0.791,-6.464,0.117,0.405,0.0618,0.0,0.32,119.992,4,0,10,2.83,Medium popularity
Damla,Hande Yener,turkish,52,2024-08-30,2024,8,2020s,0.759,0.751,-8.001,0.088,0.483,0.0416,9.39e-06,0.0611,120.013,4,0,1,3.61,Medium popularity
Yangın - Akustik,Hande Ünsal,turkish,42,2024-09-18,2024,9,2020s,0.563,0.625,-7.802,0.22,0.376,0.0264,0.0,0.0626,90.024,4,1,9,2.92,Medium popularity
Yeniden Sevemem,"Kurtuluş Kuş, Burak Bulut",turkish,54,2024-09-20,2024,9,2020s,0.869,0.761,-3.899,0.08,0.494,0.0815,0.00544,0.0851,110.052,4,0,7,2.3,Medium popularity
Hayatın Kollarında,"Samet Kardeşler, Sıla Şahin",turkish,57,2024-09-20,2024,9,2020s,0.524,0.739,-6.943,0.247,0.214,0.0568,0.0,0.303,96.995,4,0,7,3.05,Medium popularity
Zar Zor,Ayaz Erdoğan,turkish,52,2024-06-21,2024,6,2020s,0.625,0.776,-5.18,0.125,0.784,0.0525,0.0,0.171,143.981,4,1,3,2.97,Medium popularity
YAKTIN,"Ilker James, Ayaz Erdoğan",turkish,56,2024-08-23,2024,8,2020s,0.665,0.656,-7.696,0.116,0.605,0.124,0.395,0.177,180.019,4,0,11,2.57,Medium popularity
Azar Azar,EDIS,turkish,65,2024-09-27,2024,9,2020s,0.712,0.632,-4.494,0.268,0.509,0.124,0.0,0.176,96.968,4,1,2,3.01,Medium popularity
Gecelere,"Eda Sakız, Siyam",turkish,50,2024-09-06,2024,9,2020s,0.654,0.615,-7.011,0.655,0.287,0.0466,0.0,0.304,144.978,4,0,6,2.59,Medium popularity
Uslanmaz,"Samet Kardeşler, Sıla Şahin",turkish,55,2024-07-26,2024,7,2020s,0.663,0.718,-5.722,0.25,0.857,0.0484,0.000116,0.204,80.013,4,0,5,2.42,Medium popularity
Anılara Dalarız,"Ebru Yaşar, Burak Bulut, Kurtuluş Kuş",turkish,65,2024-09-06,2024,9,2020s,0.579,0.721,-5.796,0.242,0.331,0.131,0.0,0.429,87.963,4,0,4,2.51,Medium popularity
TE QUIERO,"Murda, Dhurata Dora",turkish,50,2024-07-25,2024,7,2020s,0.574,0.887,-5.239,0.0671,0.964,0.0667,0.0,0.0724,140.008,4,0,2,3.23,Medium popularity
Zümrüdüankam,Merve Özbey,turkish,52,2024-08-23,2024,8,2020s,0.884,0.785,-4.653,0.676,0.51,0.145,2.9e-06,0.111,120.018,4,0,2,3.39,Medium popularity
ABART,Ece Mumay,turkish,40,2024-08-23,2024,8,2020s,0.925,0.673,-5.192,0.102,0.418,0.0855,0.0,0.0296,106.034,4,1,9,2.64,Medium popularity
Hoşuna Gidiyo,"Aleyna Tilki, Zeki Arkun",turkish,47,2024-08-23,2024,8,2020s,0.705,0.62,-5.789,0.284,0.377,0.0397,3.82e-05,0.161,142.947,4,0,5,2.53,Medium popularity
Yarem,"Burak Bulut, Kurtuluş Kuş",turkish,60,2024-08-23,2024,8,2020s,0.835,0.764,-4.102,0.188,0.591,0.0432,3.9e-06,0.22,113.336,3,0,4,2.19,Medium popularity
Hallederiz,Sezer Sarıgöz,turkish,45,2024-08-23,2024,8,2020s,0.548,0.704,-10.151,0.185,0.642,0.0345,0.00172,0.167,107.998,4,0,9,2.6,Medium popularity
Dedikodu,"Ayaz Erdoğan, Shawty",turkish,56,2024-07-26,2024,7,2020s,0.532,0.816,-5.634,0.25,0.258,0.0422,0.0,0.218,136.882,4,0,4,2.65,Medium popularity
İhtimal,Mustafa Sandal,turkish,48,2024-08-16,2024,8,2020s,0.948,0.711,-3.751,0.399,0.625,0.0673,0.00203,0.0757,104.956,4,0,11,3.23,Medium popularity
Eriyorum Günden Güne,Burak Bulut,turkish,61,2024-08-02,2024,8,2020s,0.848,0.656,-5.293,0.192,0.54,0.0696,0.0,0.627,106.076,4,1,0,2.53,Medium popularity
Dilber,İdo Tatlıses,turkish,43,2024-05-31,2024,5,2020s,0.728,0.678,-6.291,0.399,0.69,0.0358,0.0,0.241,125.978,4,0,4,2.22,Medium popularity
Neden Anlamadın Beni?,Reynmen,turkish,48,2024-08-02,2024,8,2020s,0.746,0.765,-5.917,0.329,0.751,0.0718,0.0,0.0729,114.997,4,0,0,2.28,Medium popularity
Yabani - Şehrazat Bir Ömrün Hikayesi,Derya Uluğ,turkish,61,2024-08-02,2024,8,2020s,0.731,0.746,-4.741,0.103,0.328,0.068,0.0,0.128,115.918,4,0,11,2.6,Medium popularity
Sana İhtiyacım Var,"Olga Napoli, Mustafa Sandal",turkish,36,2024-07-29,2024,7,2020s,0.868,0.73,-5.779,0.374,0.85,0.0765,0.000102,0.00779,117.973,4,0,10,3.08,Low popularity
Kadehimi Boş Bırakma,Ezhel,turkish,51,2024-07-25,2024,7,2020s,0.76,0.779,-4.048,0.207,0.442,0.0942,0.0,0.398,90.07,4,1,7,2.45,Medium popularity
Kayboldum,Siyam,turkish,45,2024-06-14,2024,6,2020s,0.604,0.544,-7.851,0.11,0.448,0.104,1.34e-06,0.367,159.992,4,0,4,2.4,Medium popularity
Gəl,Çinarə Məlikzadə,turkish,31,2024-07-05,2024,7,2020s,0.769,0.79,-7.331,0.264,0.474,0.0461,5.08e-05,0.104,124.016,4,0,7,2.87,Low popularity
Yanıbaşımda,Sefo,turkish,44,2024-05-31,2024,5,2020s,0.667,0.741,-6.088,0.333,0.454,0.0289,0.000311,0.103,128.09,4,0,5,2.39,Medium popularity
Senden Hatıra,"Kerim Araz, Sevgim Yılmaz",turkish,49,2024-07-19,2024,7,2020s,0.546,0.587,-7.833,0.164,0.314,0.058,0.0,0.368,80.048,4,0,0,3.45,Medium popularity
Sensin Bana Yar,Umut Timur,turkish,34,2024-07-19,2024,7,2020s,0.782,0.5,-6.208,0.246,0.356,0.251,2.24e-05,0.117,125.538,4,0,10,2.38,Low popularity
2017,M Lisa,turkish,56,2024-07-19,2024,7,2020s,0.598,0.695,-8.186,0.112,0.376,0.136,6.44e-06,0.33,90.029,4,1,8,2.12,Medium popularity
DAMLALAR,M Lisa,turkish,62,2024-03-08,2024,3,2020s,0.562,0.595,-9.295,0.112,0.419,0.074,0.000535,0.767,83.007,4,0,4,2.55,Medium popularity
Katran,Ece Mumay,turkish,36,2024-05-24,2024,5,2020s,0.782,0.817,-6.38,0.128,0.511,0.127,2.3e-06,0.318,104.966,4,0,11,2.94,Low popularity
Harla,"Rabia Tunçbilek, Amo988",turkish,38,2024-07-02,2024,7,2020s,0.794,0.729,-4.796,0.194,0.803,0.048,0.0,0.527,95.018,4,1,0,2.74,Low popularity
Tattım Ölümü,Ahmet Can Dündar,turkish,49,2024-02-23,2024,2,2020s,0.574,0.586,-9.814,0.168,0.322,0.0408,0.000825,0.465,118.926,4,0,8,2.83,Medium popularity
Hadi Yavrum,"Sinan Akçıl, Ferah Zeydan",turkish,42,2024-05-31,2024,5,2020s,0.913,0.545,-5.157,0.364,0.738,0.107,3.59e-05,0.293,200.035,4,0,9,2.15,Medium popularity
Elfida,"Burak Bulut, Kurtuluş Kuş",turkish,44,2024-05-31,2024,5,2020s,0.432,0.721,-9.865,0.141,0.303,0.28,0.0,0.319,173.921,4,0,2,2.76,Medium popularity
Yo,Tarkan,turkish,52,2024-06-14,2024,6,2020s,0.795,0.707,-5.452,0.0678,0.244,0.0478,9.61e-06,0.00945,96.996,4,1,2,3.76,Medium popularity
DÜŞLERİM,Aleyna Kalaycıoğlu,turkish,34,2024-05-02,2024,5,2020s,0.624,0.807,-8.069,0.128,0.565,0.053,1.13e-05,0.201,96.986,4,1,6,1.79,Low popularity
Sevda,Umut Timur,turkish,36,2024-06-07,2024,6,2020s,0.7,0.814,-5.221,0.376,0.643,0.0534,0.0015,0.363,104.973,4,0,11,3.14,Low popularity
Uykularından Ol,Doğu Swag,turkish,39,2024-05-10,2024,5,2020s,0.864,0.639,-5.865,0.21,0.481,0.0764,0.0,0.572,140.022,4,0,5,3.09,Low popularity
Kibir,Tuna Taşkın,turkish,28,2024-06-07,2024,6,2020s,0.67,0.639,-7.168,0.307,0.295,0.0309,0.000423,0.516,129.98,4,0,5,3.45,Low popularity
Vur Patlasın,Kurtuluş Kuş,turkish,40,2024-05-28,2024,5,2020s,0.865,0.749,-4.372,0.225,0.69,0.273,0.0,0.116,95.138,4,0,6,2.05,Medium popularity
Cennet,Reynmen,turkish,61,2024-05-17,2024,5,2020s,0.678,0.726,-4.856,0.392,0.697,0.0392,0.0,0.201,101.98,4,1,10,2.34,Medium popularity
Hayat Oyunu,Hadise,turkish,59,2024-05-24,2024,5,2020s,0.621,0.629,-6.592,0.308,0.474,0.0467,3.04e-06,0.12,140.095,4,0,8,3.81,Medium popularity
Tek Başıma,Semicenk,turkish,66,2024-05-03,2024,5,2020s,0.566,0.52,-5.994,0.0954,0.28,0.158,4.09e-06,0.138,180.014,4,0,11,3.49,Medium popularity
Sensiz,Siyam,turkish,47,2024-05-03,2024,5,2020s,0.592,0.683,-8.082,0.156,0.374,0.0724,1.2e-05,0.274,144.136,4,0,5,2.33,Medium popularity
Söyleme,Simge,turkish,49,2024-04-12,2024,4,2020s,0.757,0.513,-6.025,0.153,0.358,0.0632,0.0,0.00881,99.869,4,0,8,3.68,Medium popularity
GÜZEL VE İDDİALI,BLOK3,turkish,63,2024-02-09,2024,2,2020s,0.902,0.755,-4.122,0.182,0.33,0.0808,3.49e-06,0.2,99.958,4,0,4,2.93,Medium popularity
BAL,Gülşen,turkish,67,2024-05-17,2024,5,2020s,0.863,0.681,-5.517,0.31,0.418,0.0495,6.72e-06,0.00226,100.038,4,0,0,2.63,Medium popularity
Kendime,Gökçe Kırgız Taner,turkish,28,2024-05-17,2024,5,2020s,0.734,0.766,-5.053,0.256,0.65,0.0738,0.0,0.14,127.993,4,0,8,2.28,Low popularity
Tavrına Hayran,"Reynmen, Bilal Sonses",turkish,60,2024-05-10,2024,5,2020s,0.616,0.692,-6.82,0.19,0.356,0.0246,0.0,0.51,107.081,4,1,9,2.62,Medium popularity
Yaka Yaka,"Mustafa Ceceli, Rabia Tunçbilek",turkish,42,2024-05-03,2024,5,2020s,0.788,0.829,-5.473,0.282,0.741,0.133,0.0,0.329,117.899,4,0,5,2.76,Medium popularity
Princess of Persia,Faolan,arabic,29,2016-07-08,2016,7,2010s,0.431,0.479,-12.056,0.222,0.302,0.0339,0.709,0.516,174.103,4,1,7,4.33,Low popularity
Haunting Desert,Invadable Harmony,arabic,20,2019-10-06,2019,10,2010s,0.148,0.196,-19.652,0.0895,0.0317,0.0381,0.888,0.972,81.927,4,1,7,1.89,Low popularity
"Egypt Unveiled, Pt. I","Hossam Ramzy, Phil Thornton",arabic,35,2011-01-04,2011,1,2010s,0.302,0.248,-17.76,0.112,0.0337,0.0434,0.866,0.336,64.665,4,1,4,2.02,Low popularity
Desert Traces,Two Worlds II,arabic,23,2013-09-20,2013,9,2010s,0.235,0.449,-16.364,0.112,0.039,0.0266,0.863,0.831,100.012,4,0,9,1.54,Low popularity
Greek Summer,"Thomas Konstantinou, Michalis Koumbios",arabic,32,2020-05-20,2020,5,2020s,0.506,0.714,-8.838,0.15,0.782,0.053,0.891,0.864,79.985,4,1,0,3.08,Low popularity
The Desert Bazaar,John Robert Matz,arabic,25,2016-07-01,2016,7,2010s,0.235,0.316,-17.639,0.09,0.057,0.0373,0.162,0.82,78.272,3,1,2,2.68,Low popularity
Wandering,Monica Williams,arabic,25,2018-09-21,2018,9,2010s,0.261,0.165,-16.199,0.0847,0.0398,0.0392,0.944,0.986,90.583,4,1,2,6.31,Low popularity
Sahara Sunrise,John Grout,arabic,21,2016-05-27,2016,5,2010s,0.47,0.639,-11.969,0.117,0.0358,0.0486,0.878,0.373,109.986,4,1,6,3.38,Low popularity
The Orient Is Calling,"Heiko Streicher, Stefan Heinz",arabic,23,2012-01-20,2012,1,2010s,0.817,0.53,-10.412,0.129,0.358,0.0312,0.153,0.113,93.005,4,0,6,1.91,Low popularity
Nubia Nur,Lars-Luis Linek,arabic,23,2020-07-15,2020,7,2020s,0.5,0.784,-13.217,0.0854,0.4,0.0533,0.789,0.657,89.981,4,0,10,2.08,Low popularity
Exotic Cairo,Egyptian Meditation Temple,arabic,18,2019-06-10,2019,6,2010s,0.561,0.653,-10.629,0.115,0.779,0.0361,0.662,0.586,163.955,4,1,2,3.13,Low popularity
Desert Sphinx,Brandon Fiechter,arabic,26,2015-10-24,2015,10,2010s,0.289,0.508,-18.008,0.108,0.469,0.0302,0.917,0.766,102.012,4,1,4,3.51,Low popularity
"The Prince Of Persia - From ""Prince of Persia: The Sands of Time""/Score",Harry Gregson-Williams,arabic,29,2010-01-01,2010,1,2010s,0.381,0.29,-17.713,0.107,0.0378,0.0404,0.908,0.555,91.59,3,1,7,5.34,Low popularity
Eastern Falvours,Two Worlds II,arabic,20,2013-09-20,2013,9,2010s,0.309,0.587,-15.068,0.0993,0.494,0.0303,0.976,0.9,92.067,4,1,2,2.23,Low popularity
The Nile River,Brandon Fiechter,arabic,28,2014-12-20,2014,12,2010s,0.405,0.163,-12.678,0.288,0.124,0.0321,0.901,0.849,99.632,4,1,0,4.04,Low popularity
Enchanted Palace,Adrian Von Ziegler,arabic,23,2012-12-12,2012,12,2010s,0.177,0.593,-14.415,0.118,0.101,0.0318,0.979,0.933,89.951,3,1,4,2.48,Low popularity
TEMPTATION,Joey Bada$$,hip-hop,66,2017-04-07,2017,4,2010s,0.707,0.775,-5.339,0.874,0.78,0.152,0.0,0.397,104.979,4,0,10,4.07,Medium popularity
Nikes on My Feet,Mac Miller,hip-hop,67,2010-08-13,2010,8,2010s,0.57,0.801,-5.103,0.111,0.565,0.265,0.0,0.559,92.058,4,0,9,2.74,Medium popularity
Drunken Sailor,The Irish Rovers,folk,58,2012-02-22,2012,2,2010s,0.897,0.668,-5.135,0.0932,0.955,0.0418,0.229,0.626,121.855,4,1,2,2.95,Medium popularity
Come Out Ye Black & Tans,The Wolfe Tones,folk,50,2010-01-01,2010,1,2010s,0.39,0.687,-14.679,0.0879,0.704,0.0366,0.000154,0.8,99.425,4,1,5,3.07,Medium popularity
Leave Her Johnny,"Sean Dagher, Nils Brown, Michiel Schrey, Assassin's Creed",folk,58,2013-10-29,2013,10,2010s,0.27,0.712,-4.382,0.0582,0.728,0.0541,0.0,0.935,120.416,4,0,7,2.2,Medium popularity
I'm Shipping Up To Boston,Dropkick Murphys,folk,67,2005-07-19,2005,7,2000s,0.928,0.452,-3.133,0.226,0.6,0.079,0.000637,0.000706,129.188,4,1,2,2.56,Medium popularity
Morrison's Jig,Orthodox Celts,folk,40,2017-01-13,2017,1,2010s,0.476,0.62,-8.544,0.0799,0.739,0.0348,0.00143,0.251,115.956,4,1,9,1.29,Medium popularity
Don't Care,Wizkid,ambient,42,2024-11-22,2024,11,2020s,0.703,0.816,-7.665,0.263,0.834,0.112,0.0,0.0354,102.954,4,0,7,2.19,Medium popularity
It Hurts,"Johnny Drille, Don Jazzy",ambient,43,2024-11-13,2024,11,2020s,0.602,0.771,-5.482,0.26,0.406,0.0368,0.0,0.0795,102.02,4,1,7,2.6,Medium popularity
Time,Wizkid,ambient,46,2024-11-22,2024,11,2020s,0.569,0.84,-6.064,0.115,0.771,0.0903,0.000858,0.331,95.033,4,0,4,3.12,Medium popularity
INTOXYCATED,"Oxlade, Dave",ambient,55,2024-09-20,2024,9,2020s,0.693,0.728,-4.647,0.0967,0.571,0.141,1.25e-05,0.105,104.91,4,1,1,3.53,Medium popularity
Lose,Wizkid,ambient,41,2024-11-22,2024,11,2020s,0.69,0.688,-8.295,0.384,0.768,0.289,8.7e-05,0.499,170.001,4,0,5,2.31,Medium popularity
Awolowo - Remix,"Fido, Tiwa Savage",ambient,59,2024-11-01,2024,11,2020s,0.464,0.72,-10.661,0.203,0.381,0.0768,0.0,0.0567,111.103,5,1,8,2.31,Medium popularity
Slow (feat. Anaïs Cardot),"Wizkid, Anaïs Cardot",ambient,42,2024-11-22,2024,11,2020s,0.38,0.511,-11.058,0.129,0.645,0.359,0.00432,0.606,88.993,4,0,9,3.42,Medium popularity
Pinterest,"Phyno, NSG",ambient,48,2024-10-04,2024,10,2020s,0.838,0.522,-4.652,0.0837,0.872,0.351,0.0,0.379,93.258,4,1,0,3.87,Medium popularity
Break Me Down,Wizkid,ambient,45,2024-11-22,2024,11,2020s,0.627,0.633,-5.478,0.363,0.535,0.368,0.00171,0.171,97.449,4,0,1,3.36,Medium popularity
Hello Habibi,"Olamide, Russ",ambient,39,2024-11-07,2024,11,2020s,0.867,0.52,-5.878,0.137,0.143,0.476,0.0,0.235,120.646,5,1,0,4.1,Low popularity
Bad For You (feat. Jazmine Sullivan),"Wizkid, Jazmine Sullivan",ambient,43,2024-11-22,2024,11,2020s,0.888,0.745,-4.193,0.311,0.881,0.116,0.0,0.108,91.991,4,0,1,2.85,Medium popularity
Double Tap,"Zoro Swagbag, Klem",ambient,41,2024-10-18,2024,10,2020s,0.868,0.533,-1.919,0.527,0.777,0.272,0.0,0.147,85.422,4,1,5,2.32,Medium popularity
hell and back,Fireboy DML,ambient,60,2024-08-28,2024,8,2020s,0.683,0.59,-6.347,0.204,0.49,0.0643,0.0,0.0664,196.014,4,0,2,2.7,Medium popularity
A Million Blessings,Wizkid,ambient,45,2024-11-22,2024,11,2020s,0.635,0.478,-8.055,0.166,0.0717,0.191,0.015,0.437,102.955,4,0,4,3.17,Medium popularity
Count My Blessings,Johnny Drille,ambient,43,2024-07-17,2024,7,2020s,0.819,0.788,-5.278,0.36,0.752,0.0462,0.000255,0.567,120.004,4,0,11,2.72,Medium popularity
Pray,Wizkid,ambient,43,2024-11-22,2024,11,2020s,0.883,0.776,-4.793,0.0802,0.474,0.122,6.2e-06,0.0403,102.988,4,0,11,2.87,Medium popularity
Pano Tona,"Kizz Daniel, Adekunle Gold",ambient,61,2024-11-10,2024,11,2020s,0.727,0.825,-6.273,0.242,0.935,0.091,0.0,0.264,111.923,4,0,6,2.43,Medium popularity
Bad Girl (feat. Asake),"Wizkid, Asake",ambient,49,2024-11-22,2024,11,2020s,0.622,0.878,-5.452,0.11,0.644,0.0961,0.00107,0.0369,111.998,4,0,11,2.9,Medium popularity
Believe Me,"Johnny Drille, Don Jazzy",ambient,42,2024-11-13,2024,11,2020s,0.763,0.75,-5.722,0.0877,0.694,0.0413,5.58e-05,0.0659,99.986,4,1,5,3.52,Medium popularity
We Must,"Kizz Daniel, Thyself",ambient,49,2024-09-25,2024,9,2020s,0.76,0.591,-6.331,0.207,0.734,0.108,0.0,0.455,89.834,3,0,10,2.37,Medium popularity
Santorini,Seyi Vibez,ambient,55,2024-07-12,2024,7,2020s,0.703,0.669,-6.113,0.157,0.762,0.0581,1.9e-05,0.0788,108.123,4,0,4,2.74,Medium popularity
OMFTR,"Show Dem Camp, The Cavemen., Obongjayar, Nsikak David",ambient,34,2024-08-09,2024,8,2020s,0.77,0.825,-8.136,0.134,0.418,0.0435,0.231,0.0958,109.004,4,1,2,3.15,Low popularity
Sweet Karma,"Phyno, Johnny Drille",ambient,46,2024-10-04,2024,10,2020s,0.892,0.442,-6.915,0.113,0.749,0.227,0.245,0.31,200.678,5,0,8,2.45,Medium popularity
PUFF PUFF,"M.anifest, The Cavemen., Flea",ambient,40,2024-10-17,2024,10,2020s,0.605,0.769,-8.49,0.12,0.674,0.0725,0.0,0.501,109.986,4,1,0,2.74,Medium popularity
COMPOZURE,Timaya,ambient,29,2024-08-14,2024,8,2020s,0.55,0.756,-13.78,0.23,0.457,0.18,0.000816,0.174,105.021,4,0,4,3.58,Low popularity
I Swear,Asake,ambient,58,2024-08-08,2024,8,2020s,0.72,0.847,-6.023,0.137,0.789,0.0518,0.0,0.309,115.001,4,0,5,3.08,Medium popularity
iseoluwa,Fireboy DML,ambient,62,2024-08-28,2024,8,2020s,0.792,0.795,-5.589,0.259,0.692,0.0612,2.46e-06,0.337,112.988,4,1,7,3.33,Medium popularity
OLAITAN - OLAOLUWA,Oxlade,ambient,47,2024-09-20,2024,9,2020s,0.572,0.525,-8.081,0.101,0.647,0.324,5.03e-06,0.495,130.378,5,0,6,3.06,Medium popularity
Blessings,"Show Dem Camp, The Cavemen., Moelogo, Nsikak David",ambient,36,2024-08-09,2024,8,2020s,0.374,0.611,-11.248,0.148,0.167,0.0642,1.86e-05,0.892,95.855,4,0,4,3.4,Low popularity
Suru (feat. Stormzy),"Asake, Stormzy",ambient,63,2024-08-08,2024,8,2020s,0.754,0.763,-5.538,0.19,0.592,0.0761,0.000463,0.256,115.099,4,1,1,3.67,Medium popularity
BLESSED,"Oxlade, Popcaan",ambient,44,2024-09-20,2024,9,2020s,0.386,0.558,-8.742,0.211,0.154,0.304,0.0,0.0798,120.349,5,1,1,3.52,Medium popularity
Burning,Tems,ambient,67,2024-06-06,2024,6,2020s,0.293,0.831,-8.047,0.0724,0.419,0.0571,2.04e-05,0.378,92.007,4,0,1,2.92,Medium popularity
No Love In Lagos,"Show Dem Camp, The Cavemen., Nsikak David",ambient,36,2024-07-05,2024,7,2020s,0.259,0.59,-21.72,0.237,0.596,0.345,0.0252,0.272,126.599,5,1,0,3.19,Low popularity
letting go,"Fireboy DML, Lojay",ambient,55,2024-08-28,2024,8,2020s,0.731,0.749,-5.386,0.119,0.55,0.0715,0.0,0.204,105.918,4,0,7,2.6,Medium popularity
Sudden Day,"Show Dem Camp, The Cavemen., Nsikak David",ambient,30,2024-08-09,2024,8,2020s,0.55,0.693,-10.357,0.114,0.258,0.0427,0.62,0.0265,94.978,4,1,9,4.57,Low popularity
LIVE- STYLE,Timaya,ambient,25,2024-08-14,2024,8,2020s,0.569,0.791,-9.972,0.155,0.494,0.0757,0.0228,0.309,101.981,4,0,1,2.67,Low popularity
Risk,Victony,ambient,66,2024-06-21,2024,6,2020s,0.685,0.743,-7.981,0.526,0.555,0.106,0.0,0.113,154.07,4,1,5,3.38,Medium popularity
Ouu wee (brown),Mannywellz,ambient,26,2024-08-29,2024,8,2020s,0.498,0.784,-6.349,0.0989,0.761,0.0771,0.0,0.251,139.945,4,1,1,2.77,Low popularity
Fall,"Show Dem Camp, The Cavemen., Nsikak David",ambient,35,2024-08-09,2024,8,2020s,0.522,0.816,-12.409,0.106,0.643,0.0628,0.249,0.65,104.951,4,1,11,3.39,Low popularity
Wickedest,Tems,ambient,65,2024-06-06,2024,6,2020s,0.418,0.848,-7.846,0.1,0.598,0.193,0.00035,0.371,81.921,5,1,2,2.61,Medium popularity
ecstasy (feat. Seun Kuti),"Fireboy DML, Seun Kuti",ambient,53,2024-08-28,2024,8,2020s,0.722,0.644,-6.43,0.117,0.613,0.0612,9.21e-05,0.0363,179.957,4,0,5,3.54,Medium popularity
Energy,Niniola,ambient,21,2024-09-13,2024,9,2020s,0.62,0.527,-7.649,0.135,0.53,0.288,0.527,0.495,179.918,4,0,4,2.77,Low popularity
OVAMI,"Oxlade, Flavour",ambient,42,2024-09-20,2024,9,2020s,0.605,0.472,-7.633,0.0992,0.7,0.153,0.000288,0.331,94.774,4,1,0,3.4,Medium popularity
Train,"Show Dem Camp, The Cavemen., Ruti, Nsikak David",ambient,36,2024-08-09,2024,8,2020s,0.539,0.722,-11.319,0.106,0.591,0.298,0.0324,0.752,128.713,5,0,3,3.17,Low popularity
My Heart,Asake,ambient,61,2024-08-08,2024,8,2020s,0.424,0.537,-9.199,0.124,0.455,0.195,1.64e-05,0.736,100.51,4,0,4,3.28,Medium popularity
Therapy Session,"Boj, Gyakie",ambient,29,2024-07-25,2024,7,2020s,0.339,0.485,-10.679,0.153,0.667,0.0414,4.1e-05,0.777,123.425,3,1,1,2.79,Low popularity
Lagos,Seyi Vibez,ambient,58,2024-07-12,2024,7,2020s,0.649,0.495,-6.789,0.377,0.53,0.421,0.0,0.573,94.482,5,1,0,2.42,Medium popularity
ready,"Fireboy DML, Jon Batiste",ambient,51,2024-08-28,2024,8,2020s,0.227,0.561,-9.946,0.102,0.149,0.0353,5.07e-05,0.947,119.796,4,0,0,3.43,Medium popularity
Worldwide,Asake,ambient,66,2024-08-08,2024,8,2020s,0.425,0.533,-8.427,0.118,0.464,0.152,0.000158,0.692,81.084,3,0,5,3.05,Medium popularity
BROTHER,"Ashidapo, Asake",ambient,46,2024-07-05,2024,7,2020s,0.596,0.596,-7.727,0.099,0.114,0.051,0.0,0.338,112.962,4,1,11,2.32,Medium popularity
Why,"Show Dem Camp, The Cavemen., Nsikak David",ambient,30,2024-08-09,2024,8,2020s,0.547,0.83,-9.642,0.105,0.495,0.173,0.0228,0.69,89.97,4,1,2,2.7,Low popularity
Gbemidebe,"Boj, Ajebutter22",ambient,37,2024-07-25,2024,7,2020s,0.476,0.637,-8.968,0.103,0.572,0.347,0.0285,0.504,193.883,4,1,1,2.5,Low popularity
Johni,"Show Dem Camp, The Cavemen., Nsikak David",ambient,23,2024-07-26,2024,7,2020s,0.494,0.739,-10.656,0.122,0.476,0.228,0.00571,0.0979,103.091,4,1,7,3.6,Low popularity
Hello Habibi,Olamide,ambient,55,2024-06-26,2024,6,2020s,0.699,0.621,-5.164,0.287,0.49,0.369,0.0,0.437,66.953,5,0,4,2.28,Medium popularity
Abu Dhabi,Seyi Vibez,ambient,51,2024-07-12,2024,7,2020s,0.767,0.758,-8.568,0.0836,0.743,0.301,9.05e-05,0.706,104.998,4,0,9,2.31,Medium popularity
My Dealer,"KAESTYLE, Omah Lay",ambient,62,2024-05-17,2024,5,2020s,0.661,0.769,-5.505,0.121,0.843,0.157,2.24e-05,0.585,127.484,3,1,6,2.28,Medium popularity
Doha,Seyi Vibez,ambient,66,2024-07-12,2024,7,2020s,0.691,0.534,-8.121,0.155,0.343,0.428,6.88e-05,0.421,203.894,4,0,5,2.74,Medium popularity
"Synchro System (feat. Pheelz, Young Jonn & Lil Kesh)","Olamide, Pheelz, Young Jonn, Lil Kesh",ambient,52,2024-06-26,2024,6,2020s,0.737,0.623,-5.721,0.225,0.409,0.427,0.0,0.464,160.817,5,0,11,2.72,Medium popularity
Skating,Asake,ambient,59,2024-08-08,2024,8,2020s,0.59,0.621,-6.852,0.209,0.421,0.132,0.0,0.0546,113.2,4,1,8,2.94,Medium popularity
Buga,"Show Dem Camp, The Cavemen., Tim Lyre, Nsikak David",ambient,34,2024-08-09,2024,8,2020s,0.611,0.631,-8.925,0.12,0.543,0.156,0.211,0.563,97.903,4,1,0,2.99,Low popularity
back n forth,"Fireboy DML, Lagbaja",ambient,59,2024-08-28,2024,8,2020s,0.778,0.82,-4.57,0.209,0.878,0.0704,0.0,0.253,112.946,4,1,8,3.54,Medium popularity
Ligali,Asake,ambient,59,2024-08-08,2024,8,2020s,0.841,0.826,-5.724,0.0511,0.744,0.0588,0.00293,0.0402,124.0,4,0,11,2.89,Medium popularity
Stubborn (with Asake),"Victony, Asake",ambient,56,2024-05-10,2024,5,2020s,0.663,0.8,-9.608,0.0929,0.863,0.164,0.0,0.453,109.979,4,0,9,2.94,Medium popularity
Soh-Soh,Odeal,ambient,66,2024-07-05,2024,7,2020s,0.549,0.776,-14.509,0.0868,0.679,0.0574,0.0149,0.0578,95.021,4,0,9,3.07,Medium popularity
"Ba$tard, Don't Be Silly",Victony,ambient,50,2024-06-21,2024,6,2020s,0.757,0.786,-8.05,0.0951,0.879,0.149,5.39e-06,0.416,109.986,4,0,9,2.94,Medium popularity
Whine,"Asake, LUDMILLA",ambient,56,2024-08-08,2024,8,2020s,0.847,0.765,-1.832,0.0485,0.794,0.0566,0.0,0.128,92.97,4,0,4,2.97,Medium popularity
Devil Wears White,"Larry Gaaga, Patoranking, ODUMODUBLVCK",ambient,54,2024-05-17,2024,5,2020s,0.745,0.489,-5.454,0.198,0.665,0.414,0.0,0.414,67.818,3,0,10,3.17,Medium popularity
"APALA DISCO (feat. Wizkid, Seyi Vibez & Terry Apala) - Remix","DJ Tunez, Wizkid, Seyi Vibez, Terry Apala",ambient,60,2024-06-21,2024,6,2020s,0.656,0.77,-8.798,0.0597,0.874,0.133,0.0,0.299,97.951,4,0,4,3.59,Medium popularity
Open Bareta,"Skiibii, Don Jazzy",ambient,34,2024-06-21,2024,6,2020s,0.61,0.827,-6.672,0.0563,0.92,0.201,0.0,0.397,127.086,4,1,1,2.73,Low popularity
Salt,Dai Verse,ambient,49,2024-03-29,2024,3,2020s,0.715,0.629,-7.226,0.0567,0.541,0.134,0.00034,0.0913,106.082,4,1,8,3.09,Medium popularity
Hallelujah (feat. Lojay),"Giggs, Lojay",ambient,33,2023-08-18,2023,8,2020s,0.721,0.482,-7.642,0.684,0.683,0.424,9.67e-06,0.181,60.742,5,0,4,3.82,Low popularity
Hold On,Tems,ambient,50,2024-06-06,2024,6,2020s,0.564,0.72,-11.816,0.076,0.765,0.0852,0.121,0.27,95.005,4,1,6,4.09,Medium popularity
Normally (feat. NSG),"JAE5, NSG",ambient,40,2024-05-23,2024,5,2020s,0.52,0.951,-6.919,0.055,0.668,0.24,0.00171,0.225,111.036,4,1,7,2.75,Medium popularity
Lagos Love Story,Ayra Starr,ambient,46,2024-05-30,2024,5,2020s,0.633,0.502,-6.215,0.112,0.466,0.311,0.0,0.253,99.127,4,0,1,2.59,Medium popularity
American Love,Qing Madi,ambient,63,2023-11-17,2023,11,2020s,0.786,0.415,-5.604,0.153,0.458,0.172,0.0,0.379,192.408,4,0,0,3.15,Medium popularity
Pana,Tekno,ambient,52,2016-12-20,2016,12,2010s,0.553,0.553,-6.818,0.0715,0.664,0.305,0.0581,0.305,72.949,3,0,6,4.05,Medium popularity
Goodbye (Warm Up)(feat. Asake),"Ayra Starr, Asake",ambient,57,2024-05-30,2024,5,2020s,0.79,0.654,-5.507,0.0714,0.758,0.279,1.52e-05,0.00626,135.915,5,0,1,2.72,Medium popularity
Showa,Kizz Daniel,ambient,63,2024-03-11,2024,3,2020s,0.562,0.772,-7.431,0.1,0.885,0.215,7.24e-05,0.776,96.234,4,0,5,2.93,Medium popularity
Hallelujah,"LADIPOE, Rozzz, Morrelo",ambient,38,2024-04-19,2024,4,2020s,0.745,0.581,-5.121,0.111,0.624,0.321,0.0,0.196,56.957,5,0,3,3.31,Low popularity
TECHNICIAN (feat. Blaqbonez & Lekaa Beats),"ODUMODUBLVCK, Blaqbonez, Lekaa Beats",ambient,54,2024-04-19,2024,4,2020s,0.587,0.796,-8.539,0.121,0.585,0.15,2.99e-06,0.208,112.029,4,0,2,2.61,Medium popularity
Merrily,Lamii,ambient,25,2024-03-22,2024,3,2020s,0.671,0.74,-5.286,0.215,0.863,0.232,0.00175,0.197,103.126,4,0,1,2.56,Low popularity
Steeze,Skiibii,ambient,33,2024-06-28,2024,6,2020s,0.71,0.843,-4.809,0.107,0.448,0.0475,3.55e-06,0.0739,109.922,4,0,8,2.51,Low popularity
Dey,Shallipopi,ambient,41,2024-04-11,2024,4,2020s,0.586,0.52,-7.895,0.386,0.476,0.283,0.0,0.556,66.009,3,0,3,2.92,Medium popularity
Sensational (feat. Davido & Lojay),"Chris Brown, Davido, Lojay",ambient,60,2023-10-20,2023,10,2020s,0.611,0.774,-7.077,0.116,0.808,0.126,0.0,0.108,100.011,4,1,6,3.85,Medium popularity
Free Fall (feat. J. Cole),"Tems, J. Cole",ambient,65,2024-06-06,2024,6,2020s,0.529,0.744,-6.559,0.105,0.795,0.0543,0.0447,0.469,92.044,4,0,9,3.2,Medium popularity
Control,Ayra Starr,ambient,47,2024-05-30,2024,5,2020s,0.793,0.8,-5.066,0.852,0.635,0.101,3.51e-06,0.242,102.053,4,0,7,2.57,Medium popularity
Ilashe,"Ruger, Bnxn",ambient,61,2024-04-17,2024,4,2020s,0.754,0.811,-6.868,0.119,0.451,0.0603,0.000247,0.0372,115.02,4,0,8,2.68,Medium popularity
POE,"Ruger, Bnxn",ambient,55,2024-04-10,2024,4,2020s,0.652,0.78,-6.548,0.156,0.577,0.143,0.0,0.64,113.988,4,1,5,3.43,Medium popularity
High Tension,Shallipopi,ambient,58,2024-04-11,2024,4,2020s,0.811,0.785,-5.477,0.114,0.501,0.133,0.0,0.159,113.09,4,0,10,3.0,Medium popularity
ASAP,Shallipopi,ambient,57,2024-04-11,2024,4,2020s,0.827,0.617,-5.896,0.537,0.682,0.33,1.87e-05,0.155,89.163,4,1,0,2.67,Medium popularity
NYEM EGO (feat. Jeriq),"Blaqbonez, Jeriq",ambient,49,2023-10-27,2023,10,2020s,0.876,0.746,-5.972,0.205,0.93,0.147,0.000141,0.568,112.47,3,0,6,2.59,Medium popularity
Oil in my Head,Black Sherif,ambient,58,2022-10-05,2022,10,2020s,0.562,0.807,-7.782,0.278,0.259,0.101,0.000123,0.264,121.958,4,1,9,2.49,Medium popularity
Dreams II,"Ajebo Hustlers, Zlatan, Blaqbonez",ambient,41,2024-05-03,2024,5,2020s,0.668,0.868,-6.096,0.111,0.612,0.335,3.56e-06,0.164,102.06,4,1,8,3.96,Medium popularity
Zuzulakate,"Mr Eazi, Joeboy",ambient,23,2023-10-27,2023,10,2020s,0.573,0.734,-8.413,0.294,0.0673,0.113,0.0,0.0706,91.875,4,0,4,2.83,Low popularity
January 9th,Black Sherif,ambient,46,2024-01-08,2024,1,2020s,0.778,0.578,-5.672,0.135,0.318,0.158,0.0,0.147,94.079,4,1,1,3.71,Medium popularity
AREA BOYZ PRAYER (feat. Seyi Vibez),"NSG, Seyi Vibez",ambient,40,2023-10-20,2023,10,2020s,0.625,0.527,-4.528,0.116,0.458,0.365,3.7e-05,0.349,66.494,5,1,4,4.18,Medium popularity
WOTOWOTO SEASONING (feat. Black Sherif),"ODUMODUBLVCK, Black Sherif",ambient,65,2023-12-01,2023,12,2020s,0.528,0.584,-8.829,0.13,0.283,0.343,0.00566,0.658,102.067,4,0,1,2.85,Medium popularity
Normal,Burna Boy,ambient,46,2023-08-24,2023,8,2020s,0.721,0.631,-7.435,0.433,0.801,0.406,3.52e-06,0.468,68.196,5,0,4,2.08,Medium popularity
100,Shallipopi,ambient,50,2024-04-11,2024,4,2020s,0.744,0.826,-6.382,0.27,0.544,0.297,1.6e-06,0.0688,96.033,4,1,6,2.88,Medium popularity
Maximum Damage (feat. Headie One),"Bnxn, Headie One",ambient,47,2023-10-04,2023,10,2020s,0.681,0.619,-6.108,0.1,0.507,0.255,2.82e-05,0.569,137.444,5,0,11,2.86,Medium popularity
6 BUSINESS DAYS (feat. Projexx),"Blaqbonez, Projexx",ambient,37,2023-10-27,2023,10,2020s,0.484,0.653,-6.337,0.267,0.23,0.273,1.8e-06,0.112,60.83,5,1,8,2.66,Low popularity
SIMMER DOWN,Black Sherif,ambient,50,2023-08-09,2023,8,2020s,0.6,0.708,-7.874,0.276,0.549,0.107,0.0,0.749,138.775,4,1,2,2.97,Medium popularity
CORLEONE (feat. ODUMODUBLVCK & Steel Banglez),"NSG, Steel Banglez, ODUMODUBLVCK",ambient,45,2023-10-20,2023,10,2020s,0.658,0.599,-6.644,0.0947,0.56,0.358,0.0,0.34,135.987,5,0,10,3.82,Medium popularity
APALA DISCO,"DJ Tunez, Terry Apala",ambient,47,2023-11-01,2023,11,2020s,0.633,0.786,-11.602,0.0696,0.954,0.0572,0.000918,0.178,97.995,4,0,4,5.03,Medium popularity
Òròkórò,"Mr Eazi, Angelique Kidjo",ambient,22,2023-10-27,2023,10,2020s,0.753,0.636,-7.133,0.379,0.763,0.384,0.0,0.13,104.151,4,1,6,3.15,Low popularity
NA MONEY (feat. The Cavemen. & Angélique Kidjo),"Davido, The Cavemen., Angelique Kidjo",ambient,49,2023-03-30,2023,3,2020s,0.774,0.668,-6.099,0.408,0.63,0.207,0.0,0.175,180.04,4,1,0,2.68,Medium popularity
Jamboree,"Mr Eazi, Tekno",ambient,23,2023-10-27,2023,10,2020s,0.6,0.661,-7.71,0.119,0.701,0.236,1.81e-06,0.301,205.737,4,1,4,2.53,Low popularity
Dey Play,Burna Boy,ambient,47,2023-08-24,2023,8,2020s,0.547,0.674,-5.931,0.136,0.752,0.255,0.00471,0.102,65.517,3,1,0,2.56,Medium popularity
Fefe Ne Fefe,Mr Eazi,ambient,20,2023-10-27,2023,10,2020s,0.686,0.762,-6.05,0.0979,0.746,0.105,0.000185,0.189,105.028,4,1,7,2.44,Low popularity
Anything for Love,Blackmagic,ambient,20,2019-02-28,2019,2,2010s,0.706,0.877,-7.802,0.0896,0.609,0.15,0.00203,0.632,99.964,4,1,2,3.36,Low popularity
KILO,Blaqbonez,ambient,35,2023-10-27,2023,10,2020s,0.881,0.751,-3.802,0.37,0.6,0.264,4.35e-06,0.218,116.78,5,0,5,2.4,Low popularity
COMMEND,ODUMODUBLVCK,ambient,56,2023-10-06,2023,10,2020s,0.586,0.574,-9.202,0.126,0.646,0.258,0.0,0.125,133.693,5,0,10,2.48,Medium popularity
If I'm Lying,Burna Boy,ambient,43,2023-08-24,2023,8,2020s,0.384,0.355,-8.438,0.118,0.775,0.0387,0.0,0.565,75.961,4,0,3,3.29,Medium popularity
TESLA BOY (feat. Blaqbonez),"ODUMODUBLVCK, Blaqbonez",ambient,43,2023-10-06,2023,10,2020s,0.535,0.924,-8.105,0.0916,0.684,0.274,0.000201,0.05,110.004,4,1,5,3.09,Medium popularity
My G,Kizz Daniel,ambient,56,2023-07-27,2023,7,2020s,0.662,0.808,-3.906,0.17,0.769,0.153,0.0041,0.397,103.039,4,1,8,2.68,Medium popularity
"Chop Time, No Friend",Mr Eazi,ambient,40,2023-10-27,2023,10,2020s,0.654,0.878,-6.934,0.109,0.629,0.189,0.0184,0.0933,100.001,4,0,5,2.8,Medium popularity
Jinja,Olamide,ambient,61,2023-08-08,2023,8,2020s,0.735,0.898,-7.374,0.173,0.403,0.109,0.00592,0.113,95.992,4,0,4,2.58,Medium popularity
KUBOLOR (feat. Amaarae),"ODUMODUBLVCK, Amaarae",ambient,53,2023-10-06,2023,10,2020s,0.721,0.571,-7.399,0.309,0.751,0.276,8.92e-05,0.329,105.935,4,0,4,2.15,Medium popularity
Exit,"Mr Eazi, Soweto Gospel Choir",ambient,22,2023-10-27,2023,10,2020s,0.83,0.531,-5.397,0.119,0.662,0.209,0.000104,0.00424,97.766,4,1,8,2.94,Low popularity
On Form,Burna Boy,ambient,48,2023-08-24,2023,8,2020s,0.792,0.846,-5.725,0.273,0.643,0.127,0.0162,0.0219,103.016,4,1,1,3.72,Medium popularity
Mandela,Mr Eazi,ambient,19,2023-10-27,2023,10,2020s,0.503,0.909,-7.243,0.101,0.146,0.333,4.67e-05,0.175,97.046,4,1,11,2.67,Low popularity
Final Answer (feat. Popcaan),"Bnxn, Popcaan",ambient,42,2023-10-04,2023,10,2020s,0.57,0.547,-7.687,0.0886,0.325,0.342,0.0,0.44,159.909,4,1,11,2.54,Medium popularity
"Tested, Approved & Trusted",Burna Boy,ambient,51,2023-08-24,2023,8,2020s,0.482,0.814,-9.977,0.0881,0.646,0.108,2.65e-06,0.16,92.954,4,1,6,3.67,Medium popularity
MASQUERADE (feat. M24),"Blaqbonez, M24",ambient,34,2023-10-27,2023,10,2020s,0.71,0.85,-5.555,0.107,0.667,0.252,0.0,0.175,109.307,4,0,1,2.79,Low popularity
City Boys,Burna Boy,ambient,60,2023-08-24,2023,8,2020s,0.616,0.825,-7.585,0.131,0.596,0.138,0.0,0.0652,100.008,4,0,2,2.56,Medium popularity
SHUT IT DOWN,"LADIPOE, Chocobantis",ambient,26,2023-10-12,2023,10,2020s,0.798,0.553,-5.856,0.0711,0.429,0.219,3.98e-05,0.0993,155.313,5,0,6,2.5,Low popularity
Advice,Mr Eazi,ambient,23,2023-10-27,2023,10,2020s,0.609,0.714,-5.886,0.577,0.631,0.425,0.0,0.393,106.311,4,1,1,2.77,Low popularity
Omo Eko,Adekunle Gold,ambient,30,2023-07-28,2023,7,2020s,0.742,0.834,-6.237,0.313,0.501,0.0656,0.00699,0.428,107.038,4,0,11,2.56,Low popularity
BLOOD ON THE DANCE FLOOR (feat. Bloody Civilian and Wale),"ODUMODUBLVCK, Bloody Civilian, Wale",ambient,62,2023-10-06,2023,10,2020s,0.838,0.687,-6.417,0.202,0.79,0.145,4.4e-05,0.261,111.984,4,0,1,3.89,Medium popularity
Start Am,Shallipopi,ambient,36,2024-04-11,2024,4,2020s,0.692,0.828,-9.785,0.108,0.417,0.242,0.0,0.55,113.013,4,0,1,2.9,Low popularity
DOLLERZ (feat. ODUMODUBLVCK),"Blaqbonez, ODUMODUBLVCK",ambient,47,2023-10-27,2023,10,2020s,0.821,0.654,-4.232,0.112,0.2,0.274,0.000192,0.163,167.044,4,0,1,2.9,Medium popularity
Regret (feat. 2Baba),"Bnxn, 2Baba",ambient,54,2023-10-04,2023,10,2020s,0.69,0.58,-6.897,0.209,0.672,0.0997,0.000251,0.187,114.633,5,1,5,3.25,Medium popularity
LIKE ICE SPICE,Blaqbonez,ambient,43,2023-07-07,2023,7,2020s,0.582,0.72,-7.854,0.231,0.804,0.297,0.0,0.126,178.943,4,0,3,2.06,Medium popularity
TONIGHT (feat. Libianca & Jae5),"NSG, Libianca, JAE5",ambient,46,2023-10-20,2023,10,2020s,0.626,0.829,-6.412,0.112,0.716,0.0899,0.000132,0.508,96.036,4,1,5,3.53,Medium popularity
AZONTO,NSG,ambient,26,2023-10-20,2023,10,2020s,0.525,0.62,-7.344,0.122,0.958,0.517,0.0,0.207,118.491,5,0,5,3.19,Low popularity
Cheat On Me (feat. Dave),"Burna Boy, Dave",ambient,44,2023-08-24,2023,8,2020s,0.649,0.738,-5.511,0.215,0.677,0.167,0.0,0.119,98.003,4,1,4,3.71,Medium popularity
Big 7,Burna Boy,ambient,32,2023-07-27,2023,7,2020s,0.879,0.648,-6.67,0.0898,0.624,0.158,0.0,0.117,94.77,4,1,8,2.38,Low popularity
FYN,"Rema, AJ Tracey",ambient,34,2022-03-11,2022,3,2020s,0.646,0.596,-8.083,0.109,0.591,0.0998,0.0,0.255,95.464,4,0,9,3.46,Low popularity
Blood Is Thicker,Kizz Daniel,ambient,33,2023-07-27,2023,7,2020s,0.536,0.837,-5.05,0.26,0.812,0.373,0.000774,0.481,103.999,4,1,0,2.46,Low popularity
Best Of Me,Bnxn,ambient,50,2023-10-04,2023,10,2020s,0.612,0.741,-7.327,0.133,0.496,0.145,5.81e-06,0.204,100.245,4,0,9,3.85,Medium popularity
Celebrate,Olamide,ambient,41,2023-08-08,2023,8,2020s,0.647,0.719,-7.332,0.102,0.471,0.143,6.75e-06,0.174,90.012,4,1,7,2.93,Medium popularity
Hardcore,Olamide,ambient,32,2023-08-08,2023,8,2020s,0.746,0.819,-6.087,0.103,0.23,0.309,0.000216,0.0692,132.852,5,0,11,2.28,Low popularity
Talibans II,"Burna Boy, Byron Messia",ambient,35,2023-07-20,2023,7,2020s,0.511,0.925,-6.805,0.13,0.554,0.298,3.58e-06,0.241,102.935,4,0,9,2.94,Low popularity
PICANTO,"ODUMODUBLVCK, Zlatan, ECko Miles",ambient,44,2022-11-21,2022,11,2020s,0.563,0.703,-7.251,0.0895,0.66,0.408,0.0,0.179,62.624,5,0,3,3.07,Medium popularity
Sittin' On Top Of The World,Burna Boy,ambient,40,2023-06-01,2023,6,2020s,0.849,0.783,-4.284,0.109,0.693,0.0524,0.00415,0.0264,98.044,4,1,8,2.66,Medium popularity
BEZOS,Blaqbonez,ambient,24,2023-07-07,2023,7,2020s,0.632,0.799,-7.234,0.111,0.57,0.157,0.0,0.132,95.907,4,1,0,2.71,Low popularity
Shibebe,"Olamide, Fireboy DML",ambient,39,2023-08-08,2023,8,2020s,0.612,0.786,-5.556,0.0976,0.415,0.151,0.0,0.161,113.133,4,1,7,2.73,Low popularity
Say My Name,Bnxn,ambient,42,2023-10-04,2023,10,2020s,0.533,0.505,-9.234,0.144,0.391,0.197,0.0,0.187,123.176,5,0,6,3.2,Medium popularity
Ngozi,"Crayon, Ayra Starr",ambient,65,2023-07-21,2023,7,2020s,0.594,0.58,-7.229,0.101,0.52,0.317,0.0,0.162,114.748,4,1,6,3.69,Medium popularity
Normally,"Joeboy, Bnxn, ODUMODUBLVCK",ambient,50,2023-05-19,2023,5,2020s,0.358,0.727,-9.078,0.107,0.31,0.276,7.83e-05,0.337,94.85,4,1,8,3.41,Medium popularity
Olorun,Asake,ambient,51,2023-06-15,2023,6,2020s,0.365,0.461,-10.537,0.152,0.294,0.0417,0.000611,0.8,113.009,4,0,2,2.61,Medium popularity
No Worries,Olamide,ambient,36,2023-08-08,2023,8,2020s,0.808,0.747,-6.115,0.455,0.488,0.159,9.13e-06,0.155,111.993,4,1,0,2.32,Low popularity
HIGHER,Patoranking,ambient,29,2023-08-15,2023,8,2020s,0.872,0.424,-4.953,0.155,0.713,0.0668,0.000401,0.0947,76.228,5,1,7,3.2,Low popularity
Sunshine,Asake,ambient,53,2023-06-15,2023,6,2020s,0.82,0.776,-8.071,0.195,0.576,0.0849,0.089,0.258,115.046,4,0,1,3.1,Medium popularity
GWAGWALADA,"Bnxn, Kizz Daniel, Seyi Vibez",ambient,64,2023-10-04,2023,10,2020s,0.731,0.854,-5.568,0.131,0.598,0.0485,0.00548,0.136,113.018,4,1,9,3.15,Medium popularity
Who Told You (feat. Drake),"J Hus, Drake",ambient,62,2023-06-08,2023,6,2020s,0.736,0.732,-4.607,0.124,0.87,0.323,0.0,0.156,76.656,5,0,11,3.48,Medium popularity
Money & Love,Wizkid,ambient,42,2022-10-27,2022,10,2020s,0.813,0.791,-5.018,0.487,0.845,0.0762,0.000341,0.213,97.016,4,1,2,3.19,Medium popularity
Kere,Adekunle Gold,ambient,24,2023-07-28,2023,7,2020s,0.608,0.803,-4.936,0.0775,0.667,0.105,1.48e-06,0.101,97.03,4,0,5,2.68,Low popularity
Thanks (feat. J. Cole),"Burna Boy, J. Cole",ambient,44,2023-08-24,2023,8,2020s,0.649,0.744,-6.669,0.0759,0.829,0.174,0.0,0.652,93.04,4,1,9,3.6,Medium popularity
Woodwork,Boj,ambient,21,2023-06-02,2023,6,2020s,0.592,0.727,-8.625,0.296,0.769,0.0587,0.751,0.345,94.036,4,0,6,1.91,Low popularity
Streets (feat. T-Pain),"Wande Coal, T-Pain",ambient,24,2023-05-17,2023,5,2020s,0.715,0.85,-5.148,0.142,0.637,0.164,1.25e-06,0.409,98.022,4,1,5,2.78,Low popularity
Yoga,Asake,ambient,42,2023-01-30,2023,1,2020s,0.707,0.476,-8.688,0.333,0.606,0.0667,0.00255,0.394,153.925,3,0,9,2.81,Medium popularity
Plan B,M.I. Abaga,ambient,15,2023-06-09,2023,6,2020s,0.462,0.387,-10.109,0.116,0.392,0.26,0.0,0.593,77.421,4,1,11,4.31,Low popularity
Dues,Wande Coal,ambient,29,2023-05-17,2023,5,2020s,0.744,0.761,-5.198,0.116,0.224,0.0856,0.0,0.204,140.057,4,1,2,2.87,Low popularity
Good Life {Freestyle},Zlatan,ambient,39,2023-06-23,2023,6,2020s,0.476,0.799,-8.935,0.123,0.294,0.432,0.0,0.519,100.008,4,0,5,1.54,Low popularity
Soak Garri,"Boj, Knucks, Tay Iwar",ambient,18,2023-06-02,2023,6,2020s,0.505,0.482,-8.063,0.0968,0.426,0.261,0.0,0.61,80.332,4,0,2,3.53,Low popularity
Don't Feel Love,Wande Coal,ambient,23,2023-05-17,2023,5,2020s,0.542,0.693,-5.665,0.242,0.482,0.227,0.00024,0.0575,185.812,4,1,1,3.52,Low popularity
Toxic,Bnxn,ambient,41,2023-10-04,2023,10,2020s,0.291,0.765,-13.997,0.27,0.42,0.39,0.0179,0.135,183.909,4,0,11,2.61,Medium popularity
Nobody Holy,Wande Coal,ambient,24,2023-05-17,2023,5,2020s,0.919,0.816,-3.352,0.106,0.965,0.0573,0.0,0.386,149.935,4,0,9,3.26,Low popularity
No Option,"Boj, ODUMODUBLVCK",ambient,41,2023-06-02,2023,6,2020s,0.555,0.541,-7.738,0.106,0.366,0.341,0.000523,0.124,61.256,5,0,9,2.55,Medium popularity
HOV,Rema,ambient,46,2023-04-28,2023,4,2020s,0.647,0.663,-7.492,0.0909,0.691,0.265,0.0,0.338,128.491,4,0,10,2.31,Medium popularity
IN THE GARDEN (feat. Morravey),"Davido, Morravey",ambient,46,2023-03-30,2023,3,2020s,0.701,0.859,-7.65,0.149,0.564,0.0723,0.000113,0.0816,111.998,4,1,2,2.75,Medium popularity
Let Them Know,Wande Coal,ambient,18,2023-04-19,2023,4,2020s,0.682,0.784,-4.364,0.0976,0.839,0.31,0.0,0.0725,93.949,4,0,11,3.41,Low popularity
Nanny Riddim,Juls,ambient,20,2023-04-18,2023,4,2020s,0.854,0.679,-4.896,0.642,0.629,0.0868,0.86,0.0276,160.044,4,1,1,3.93,Low popularity
Lock Up,"Nonso Amadi, Zinoleesky",ambient,33,2023-03-24,2023,3,2020s,0.594,0.835,-6.426,0.0577,0.645,0.177,0.000713,0.248,104.855,4,0,6,3.72,Low popularity
Charm,Rema,ambient,56,2023-04-28,2023,4,2020s,0.667,0.76,-6.957,0.096,0.541,0.0369,0.0,0.574,96.058,4,0,4,3.41,Medium popularity
Magician (feat. J Milla & Yung L),"Ice Prince, J-Milla, Yung L",ambient,22,2011-10-09,2011,10,2010s,0.557,0.931,-7.029,0.122,0.501,0.128,0.0,0.0254,108.018,4,1,1,3.88,Low popularity
22,JayO,ambient,63,2023-02-22,2023,2,2020s,0.821,0.534,-7.463,0.078,0.509,0.107,1.02e-05,0.693,111.032,5,1,5,2.37,Medium popularity
PICASSO (feat. Logos Olori),"Davido, Logos olori",ambient,42,2023-03-30,2023,3,2020s,0.611,0.704,-7.894,0.191,0.749,0.0721,0.0138,0.58,94.999,4,0,9,2.59,Medium popularity
You Go Know,Ajebo Hustlers,ambient,32,2023-03-22,2023,3,2020s,0.743,0.727,-7.223,0.133,0.431,0.179,0.00447,0.366,102.716,4,0,9,2.37,Low popularity
U (JUJU) (feat. Skepta),"Davido, Skepta",ambient,44,2023-03-30,2023,3,2020s,0.671,0.418,-4.002,0.116,0.71,0.104,1.68e-06,0.0473,196.505,4,0,4,3.22,Medium popularity
DECLAN RICE,ODUMODUBLVCK,ambient,44,2023-03-23,2023,3,2020s,0.779,0.69,-6.113,0.0867,0.633,0.231,0.00587,0.0297,93.564,4,1,7,2.07,Medium popularity
FOR THE ROAD,Davido,ambient,53,2023-03-30,2023,3,2020s,0.574,0.831,-5.329,0.175,0.579,0.119,0.00137,0.0644,133.112,5,1,0,2.45,Medium popularity
Ballin,Pheelz,ambient,22,2023-02-10,2023,2,2020s,0.536,0.748,-4.702,0.223,0.624,0.0978,0.000885,0.425,96.803,4,1,0,2.58,Low popularity
Personal,Zinoleesky,ambient,38,2022-12-16,2022,12,2020s,0.542,0.736,-7.362,0.101,0.766,0.215,0.0,0.452,109.956,4,0,2,2.39,Low popularity
Doldrums,Joseff Shields,ambient,53,2024-03-08,2024,3,2020s,0.000947,0.158,-42.911,0.137,0.0325,0.0507,0.969,0.986,71.912,3,1,0,2.75,Medium popularity
Cosmos,So Lis,ambient,51,2024-08-11,2024,8,2020s,0.00253,0.157,-38.091,0.113,0.0369,0.0565,0.944,0.956,133.059,5,1,1,2.98,Medium popularity
A Place For The Mind,n.i.g.h.t,ambient,53,2023-09-21,2023,9,2020s,0.000778,0.133,-36.902,0.11,0.0464,0.0507,0.869,0.953,69.847,5,1,1,3.13,Medium popularity
Simien,Petros Idris,ambient,52,2021-05-28,2021,5,2020s,0.00961,0.0602,-34.583,0.0922,0.0942,0.0498,0.989,0.923,64.154,4,1,7,3.51,Medium popularity
Ceres,Ageena,ambient,53,2024-08-15,2024,8,2020s,0.0016,0.133,-40.103,0.112,0.0315,0.0578,0.929,0.851,142.818,4,1,0,3.3,Medium popularity
Times,Medi Mindler,ambient,54,2024-02-02,2024,2,2020s,0.00776,0.149,-40.195,0.0983,0.0409,0.0381,0.952,0.991,138.427,4,1,5,2.91,Medium popularity
Renascence,Dreamlifter,ambient,50,2024-07-05,2024,7,2020s,0.0164,0.204,-45.193,0.111,0.037,0.0433,0.94,0.911,138.053,4,1,5,3.05,Medium popularity
Echoes,Leya Watson,ambient,57,2023-04-16,2023,4,2020s,0.0137,0.148,-37.611,0.119,0.0382,0.0422,0.936,0.972,137.908,5,1,7,3.49,Medium popularity
Incipits,Elviras,ambient,52,2022-09-22,2022,9,2020s,0.00478,0.0783,-37.274,0.113,0.112,0.0539,0.95,0.961,80.186,5,1,2,2.67,Medium popularity
Somnova,Reso Nata,ambient,45,2024-09-22,2024,9,2020s,0.0168,0.0914,-37.17,0.11,0.0296,0.0406,0.969,0.913,68.643,3,1,10,2.7,Medium popularity
Inner Self,Magnolia Dreams,ambient,54,2024-08-16,2024,8,2020s,0.0152,0.188,-32.487,0.107,0.0435,0.038,0.956,0.973,73.503,1,1,0,2.64,Medium popularity
Nightlight,DEX 1200,ambient,49,2024-09-10,2024,9,2020s,0.0455,0.137,-30.204,0.11,0.0388,0.0358,0.824,0.863,142.405,5,1,3,2.74,Medium popularity
Breaking Silence,Sounding Cosmos,ambient,52,2024-03-01,2024,3,2020s,0.00438,0.14,-44.145,0.114,0.0388,0.0425,0.952,0.974,70.706,3,0,10,3.33,Medium popularity
Appearance,Nessa Wright,ambient,50,2023-04-16,2023,4,2020s,0.00949,0.142,-39.818,0.0984,0.049,0.0355,0.896,0.993,140.739,3,0,2,2.18,Medium popularity
Circuting 417 Hz,Alembra,ambient,49,2024-05-31,2024,5,2020s,0.0117,0.159,-36.805,0.105,0.035,0.0432,0.971,0.841,131.199,4,1,8,3.03,Medium popularity
Subdue,Solen Taylor,ambient,49,2024-03-01,2024,3,2020s,0.0146,0.143,-40.946,0.0849,0.0548,0.0427,0.922,0.862,139.436,3,1,0,2.6,Medium popularity
Kamala Whispers,Gerda Holmes,ambient,50,2023-04-07,2023,4,2020s,0.000487,0.0823,-34.601,0.11,0.0349,0.0505,0.873,0.976,172.224,3,1,1,2.3,Medium popularity
Cove,Mareina,ambient,48,2024-03-08,2024,3,2020s,0.00295,0.226,-36.149,0.207,0.0347,0.0413,0.946,0.967,68.922,5,1,1,2.79,Medium popularity
Eon,Luna Novina,ambient,48,2024-02-02,2024,2,2020s,0.000835,0.0668,-38.7,0.111,0.0357,0.0534,0.957,0.972,74.578,3,1,0,2.87,Medium popularity
Meander,Anders Schill Paulsen,ambient,45,2024-05-31,2024,5,2020s,0.00644,0.0631,-34.111,0.107,0.0639,0.0453,0.87,0.971,69.321,4,1,2,3.18,Medium popularity
Sapphire,Onedin,ambient,60,2024-03-22,2024,3,2020s,0.00158,0.152,-43.541,0.116,0.04,0.0472,0.971,0.969,134.497,4,1,3,2.95,Medium popularity
luminesce,Flyndon,ambient,47,2024-07-07,2024,7,2020s,0.0217,0.137,-36.422,0.0818,0.0974,0.0408,0.832,0.951,142.924,3,1,7,2.91,Medium popularity
Exhale,Placidous,ambient,43,2024-11-01,2024,11,2020s,0.000816,0.148,-39.215,0.09,0.267,0.0553,0.964,0.952,136.037,1,1,3,2.97,Medium popularity
Sublimity,Aerial Lakes,ambient,54,2024-09-20,2024,9,2020s,0.0105,0.154,-38.116,0.103,0.0514,0.038,0.957,0.958,135.418,4,1,4,2.82,Medium popularity
Creation,Astred,ambient,28,2024-10-13,2024,10,2020s,0.0111,0.167,-35.209,0.092,0.0561,0.0379,0.71,0.971,70.526,3,1,5,3.33,Low popularity
Far Frontier,Mauri Zeen,ambient,46,2024-10-11,2024,10,2020s,0.0113,0.143,-40.334,0.117,0.0398,0.0462,0.785,0.962,139.355,3,0,5,3.18,Medium popularity
Sealand,Heno,ambient,32,2024-10-11,2024,10,2020s,0.00736,0.145,-36.296,0.116,0.0369,0.0403,0.775,0.99,140.011,5,1,1,2.75,Low popularity
Everlasting,Alma Meris,ambient,47,2024-07-12,2024,7,2020s,0.00587,0.145,-38.136,0.11,0.0371,0.0444,0.92,0.95,139.301,5,1,0,2.73,Medium popularity
Chasing Infinity,The Endity,ambient,27,2024-11-01,2024,11,2020s,0.00747,0.195,-38.997,0.135,0.0405,0.0571,0.945,0.988,73.896,4,1,2,2.5,Low popularity
Ancient Ruins,Slumber Boy,ambient,30,2024-10-25,2024,10,2020s,0.0324,0.0716,-33.086,0.0939,0.0368,0.0445,0.97,0.94,78.513,3,1,4,3.3,Low popularity
Expectations,different spaces,ambient,48,2024-02-02,2024,2,2020s,0.000952,0.185,-43.296,0.0966,0.0723,0.0446,0.956,0.987,69.919,3,1,2,2.79,Medium popularity
Rossø,Ganlas,ambient,64,2024-07-05,2024,7,2020s,0.00725,0.121,-38.789,0.114,0.0334,0.0441,0.971,0.871,71.939,4,1,2,2.54,Medium popularity
Bondade,Adrian Eden,ambient,46,2024-07-12,2024,7,2020s,0.000539,0.152,-35.475,0.108,0.0371,0.0512,0.934,0.913,134.125,5,1,3,3.43,Medium popularity
Subdued,Calil,ambient,27,2024-11-01,2024,11,2020s,0.00375,0.117,-40.669,0.0778,0.0581,0.0363,0.884,0.992,65.669,4,1,9,2.3,Low popularity
Reconcile,Jan Garlow,ambient,61,2024-05-10,2024,5,2020s,0.000237,0.172,-44.525,0.11,0.0383,0.0671,0.967,0.973,73.664,4,1,0,3.26,Medium popularity
Noctis,Spatia Sonica,ambient,52,2024-07-04,2024,7,2020s,0.0294,0.159,-33.472,0.11,0.0311,0.0371,0.921,0.855,136.585,3,1,4,2.31,Medium popularity
Golden Light,J. Cartwright,ambient,46,2024-09-01,2024,9,2020s,0.00403,0.136,-37.261,0.109,0.0835,0.0411,0.529,0.951,142.112,3,1,5,2.48,Medium popularity
Echoes Divided,Bright Lens,ambient,63,2024-07-08,2024,7,2020s,0.00817,0.171,-35.99,0.0859,0.0355,0.0449,0.855,0.99,67.449,3,1,0,2.57,Medium popularity
Aurora,So Lis,ambient,60,2024-07-07,2024,7,2020s,0.00081,0.151,-36.747,0.112,0.0389,0.0552,0.941,0.94,134.584,4,1,6,2.93,Medium popularity
Just Breath,Silence Concertos,ambient,45,2024-07-07,2024,7,2020s,0.0233,0.151,-34.52,0.107,0.0321,0.0449,0.946,0.942,137.355,4,1,4,2.22,Medium popularity
Chimenarius,Rosa Rogers,ambient,45,2024-05-31,2024,5,2020s,0.0808,0.22,-24.81,0.12,0.0345,0.0342,0.706,0.896,61.999,3,1,9,2.24,Medium popularity
Somniantes,Enma,ambient,66,2024-05-31,2024,5,2020s,0.0014,0.14,-41.294,0.111,0.112,0.0561,0.965,0.98,140.078,4,1,5,2.7,Medium popularity
"Nightscape, Pt. 1",Oceanic Voices,ambient,62,2024-05-31,2024,5,2020s,0.00898,0.148,-39.959,0.104,0.0632,0.0446,0.91,0.86,137.553,4,1,7,2.44,Medium popularity
Moments,Nova Ambia,ambient,45,2024-03-22,2024,3,2020s,0.00322,0.173,-44.129,0.0938,0.0345,0.0383,0.808,0.938,69.321,3,1,9,3.06,Medium popularity
Everbloom,Aerial Lakes,ambient,44,2024-05-31,2024,5,2020s,0.00379,0.14,-38.183,0.113,0.192,0.0409,0.972,0.958,140.649,1,1,7,2.71,Medium popularity
Yoga,Cosmic Nuit,ambient,44,2024-05-17,2024,5,2020s,0.0557,0.127,-30.658,0.103,0.0644,0.0434,0.819,0.984,71.766,4,1,2,3.8,Medium popularity
Torpor Voices,Ayla Nenura,ambient,44,2024-05-10,2024,5,2020s,0.0173,0.0913,-41.648,0.0999,0.039,0.0478,0.845,0.811,77.551,4,1,0,3.19,Medium popularity
Foundation,Matheo Lyon,ambient,61,2024-01-19,2024,1,2020s,0.000202,0.124,-43.713,0.11,0.0346,0.0987,0.972,0.97,71.599,4,1,0,3.11,Medium popularity
Timeless,Elm Lake,ambient,45,2024-09-27,2024,9,2020s,0.000546,0.135,-43.098,0.0908,0.0487,0.0559,0.97,0.972,141.408,5,1,3,3.02,Medium popularity
Rosy,Misha Burton,ambient,44,2023-08-24,2023,8,2020s,0.000642,0.0589,-38.447,0.114,0.424,0.0618,0.943,0.961,71.7,5,1,10,2.86,Medium popularity
Moonlight Cicadas,Castorum,ambient,46,2023-08-14,2023,8,2020s,0.00145,0.146,-41.989,0.155,0.0393,0.0544,0.96,0.974,137.261,3,1,2,3.6,Medium popularity
Mahabharata,Mellow Line,ambient,52,2023-04-29,2023,4,2020s,0.00207,0.15,-45.66,0.117,0.149,0.0411,0.853,0.993,71.505,3,1,2,2.97,Medium popularity
Rapids,Evolutionists,ambient,44,2024-04-26,2024,4,2020s,0.01,0.161,-38.885,0.0999,0.038,0.039,0.914,0.948,73.055,4,1,1,2.66,Medium popularity
Animálico,Huma,ambient,66,2024-04-26,2024,4,2020s,0.00641,0.143,-39.151,0.102,0.0539,0.0414,0.939,0.969,68.298,5,1,5,2.69,Medium popularity
Radiance,Quiet Tones,ambient,44,2024-07-09,2024,7,2020s,0.021,0.195,-33.002,0.106,0.145,0.0328,0.831,0.978,71.371,3,1,8,2.13,Medium popularity
Connection,Latehours,ambient,49,2024-04-26,2024,4,2020s,0.00167,0.175,-40.472,0.108,0.0367,0.0445,0.949,0.99,67.628,3,1,1,2.61,Medium popularity
Ascension,Echoes of Embers,ambient,43,2024-04-26,2024,4,2020s,0.0037,0.14,-37.4,0.112,0.141,0.0489,0.93,0.838,140.566,4,1,1,2.83,Medium popularity
Aftermoon Nap,Whispered Dreams,ambient,43,2024-05-31,2024,5,2020s,0.00645,0.189,-32.299,0.112,0.0487,0.0378,0.833,0.967,74.189,5,1,6,2.97,Medium popularity
Gentle Insight,Parting Clouds,ambient,44,2024-07-09,2024,7,2020s,0.003,0.19,-42.687,0.111,0.0588,0.0419,0.845,0.987,66.701,3,1,0,2.34,Medium popularity
In Vain,Kouyou,ambient,62,2024-04-26,2024,4,2020s,0.0024,0.144,-36.669,0.116,0.221,0.0559,0.971,0.829,137.633,3,1,10,2.8,Medium popularity
Hyperbola,Map Of My Mind,ambient,48,2024-04-26,2024,4,2020s,0.00389,0.145,-40.458,0.121,0.0407,0.0456,0.953,0.977,138.54,4,1,7,2.9,Medium popularity
Sogniare,Darmian Coté,ambient,47,2024-04-26,2024,4,2020s,0.00311,0.0727,-43.06,0.109,0.0374,0.0436,0.954,0.944,76.933,1,1,3,4.27,Medium popularity
Evolving,Cthulhu Ramón,ambient,43,2023-09-12,2023,9,2020s,0.00223,0.0959,-37.874,0.124,0.0389,0.0523,0.808,0.964,62.672,4,1,11,3.42,Medium popularity
Favaloro,Zoniacs,ambient,43,2024-02-02,2024,2,2020s,0.00991,0.153,-37.631,0.118,0.0387,0.0387,0.917,0.977,141.278,3,1,6,2.65,Medium popularity
Nebbia,Luca Magliano,ambient,43,2023-09-29,2023,9,2020s,0.00911,0.0703,-36.483,0.111,0.0742,0.0443,0.958,0.961,76.362,3,1,6,2.89,Medium popularity
Millenia,Dominum Nominum,wellness,55,2024-06-14,2024,6,2020s,0.00204,0.148,-34.403,0.108,0.117,0.0452,0.803,0.986,136.698,5,1,2,2.64,Medium popularity
Tauri Verme,Aitne,wellness,55,2024-06-14,2024,6,2020s,0.00257,0.146,-42.115,0.108,0.0358,0.048,0.965,0.975,138.171,4,1,8,2.74,Medium popularity
Quiescent State,Yoo Woon,wellness,54,2024-05-17,2024,5,2020s,0.00722,0.17,-39.846,0.108,0.0372,0.046,0.879,0.952,125.772,4,1,6,2.99,Medium popularity
Heima,Ronja Mair,wellness,57,2023-02-06,2023,2,2020s,0.00398,0.0932,-37.295,0.105,0.124,0.0425,0.831,0.987,85.993,3,1,0,2.65,Medium popularity
Cometus,Noah Moon,wellness,61,2024-10-04,2024,10,2020s,0.00736,0.147,-35.267,0.115,0.0399,0.0414,0.899,0.961,139.362,4,1,2,2.5,Medium popularity
Restfulness,Zion Llama,wellness,60,2022-01-15,2022,1,2020s,0.0121,0.234,-34.604,0.11,0.185,0.0464,0.785,0.991,71.632,4,1,1,2.93,Medium popularity
Beyond Sleep,Heal Divisions,wellness,49,2024-06-14,2024,6,2020s,0.0198,0.178,-37.017,0.106,0.0395,0.0389,0.963,0.921,66.825,4,1,11,2.3,Medium popularity
Huzurlu,Aidin,wellness,55,2022-02-17,2022,2,2020s,0.0285,0.151,-30.539,0.12,0.0871,0.038,0.916,0.96,73.187,4,0,11,3.05,Medium popularity
Desear,Julia Alvarez,wellness,58,2023-07-02,2023,7,2020s,0.00214,0.154,-41.74,0.108,0.037,0.0528,0.973,0.931,131.992,5,1,5,3.12,Medium popularity
One Drope On World,SWAMP&STAR,wellness,54,2023-08-16,2023,8,2020s,0.00131,0.151,-46.911,0.104,0.0501,0.0455,0.949,0.97,136.573,3,1,2,3.37,Medium popularity
Imaginations,Elijah Edwards,wellness,49,2024-10-18,2024,10,2020s,0.00913,0.179,-38.302,0.108,0.0618,0.0363,0.901,0.964,71.341,5,1,7,2.76,Medium popularity
Pembebasan,Waneesa,wellness,53,2023-11-03,2023,11,2020s,0.000323,0.181,-38.693,0.109,0.0335,0.0608,0.972,0.881,73.109,4,1,1,2.69,Medium popularity
Cosmic Enlightenment,Stepan Korolev,wellness,50,2024-09-13,2024,9,2020s,0.00555,0.166,-38.28,0.0906,0.0747,0.0344,0.71,0.994,68.571,4,1,11,2.89,Medium popularity
Shaded Cosmos,Bright Lens,wellness,58,2024-02-05,2024,2,2020s,0.00489,0.135,-37.921,0.0842,0.089,0.0467,0.873,0.976,143.452,1,1,5,2.54,Medium popularity
Pelagos,Counting Tides,wellness,52,2023-10-13,2023,10,2020s,0.00151,0.0764,-36.955,0.106,0.0891,0.0383,0.922,0.975,173.15,3,1,8,2.3,Medium popularity
Omegagigia,Galactica Pivot,wellness,58,2024-01-19,2024,1,2020s,0.00251,0.151,-40.069,0.111,0.0546,0.0456,0.967,0.977,136.472,3,1,6,2.88,Medium popularity
Come Wander,Wicker Whales,wellness,66,2024-07-21,2024,7,2020s,0.00838,0.182,-34.11,0.15,0.0327,0.0656,0.785,0.993,67.955,4,1,0,2.51,Medium popularity
Nom Mind,Aurora Dreamer,wellness,51,2024-03-29,2024,3,2020s,0.00116,0.166,-42.865,0.111,0.0332,0.0505,0.972,0.953,69.044,3,1,5,2.58,Medium popularity
Nightbreak,Ookean,wellness,51,2024-04-12,2024,4,2020s,0.00308,0.142,-37.775,0.112,0.072,0.0412,0.965,0.939,139.117,3,1,8,2.69,Medium popularity
Equinox,Laurent Emmmerling,wellness,49,2024-10-11,2024,10,2020s,0.00122,0.143,-36.993,0.113,0.163,0.047,0.961,0.968,139.652,4,1,2,2.49,Medium popularity
Endlessly,Calmative,wellness,51,2024-08-25,2024,8,2020s,0.00143,0.145,-35.782,0.11,0.0336,0.0544,0.972,0.914,137.138,3,1,1,2.74,Medium popularity
Luminescent,Luna Novina,wellness,50,2024-03-29,2024,3,2020s,0.00218,0.137,-40.358,0.115,0.0377,0.0431,0.931,0.991,68.426,3,1,0,2.95,Medium popularity
Solituda,Deep Vibrations,wellness,51,2024-08-16,2024,8,2020s,0.00235,0.144,-34.679,0.116,0.146,0.049,0.898,0.912,138.192,4,1,8,2.96,Medium popularity
The Source,SKEN,wellness,49,2024-06-14,2024,6,2020s,0.00203,0.143,-33.389,0.108,0.0397,0.0465,0.967,0.882,138.376,3,1,0,3.15,Medium popularity
Ephemara,Admira Mara,wellness,52,2024-02-09,2024,2,2020s,0.0033,0.0676,-40.803,0.106,0.0368,0.0507,0.963,0.968,72.295,4,1,7,2.8,Medium popularity
Hora Somni,Lavinium,wellness,66,2024-06-14,2024,6,2020s,0.00897,0.217,-37.465,0.109,0.0379,0.0392,0.89,0.973,72.358,3,1,7,2.51,Medium popularity
Earthly,Dhanura,wellness,48,2024-04-26,2024,4,2020s,0.00124,0.204,-38.567,0.119,0.0738,0.0516,0.953,0.987,71.562,5,1,0,2.97,Medium popularity
Villa Onieva,Two Nighthawks,wellness,47,2024-09-20,2024,9,2020s,0.00177,0.149,-38.076,0.111,0.0316,0.0515,0.788,0.97,137.129,3,1,0,2.98,Medium popularity
Luminescence,Author S,wellness,33,2024-11-01,2024,11,2020s,0.00404,0.154,-41.411,0.128,0.0389,0.0493,0.952,0.972,135.785,3,1,2,2.79,Low popularity
Nejma,A.Z. Louna,wellness,33,2024-10-27,2024,10,2020s,0.00724,0.182,-34.524,0.108,0.102,0.0427,0.813,0.98,72.04,5,0,4,2.66,Low popularity
Whispering Tides,Quiet Point,wellness,41,2024-10-28,2024,10,2020s,0.00418,0.169,-38.049,0.119,0.0673,0.047,0.703,0.973,72.675,4,1,0,2.5,Medium popularity
Beginning,Georgia Vesper,wellness,48,2024-03-05,2024,3,2020s,0.0131,0.144,-34.0,0.109,0.0369,0.0568,0.859,0.948,140.781,3,1,2,2.73,Medium popularity
Quiet Lake,ZenithEcho,wellness,47,2024-03-29,2024,3,2020s,0.00185,0.149,-37.398,0.105,0.0683,0.052,0.948,0.802,136.52,4,1,2,3.16,Medium popularity
Dust,Tristan Axvall,wellness,49,2024-03-29,2024,3,2020s,0.00175,0.138,-41.831,0.15,0.0388,0.0504,0.968,0.946,140.224,3,0,0,2.99,Medium popularity
Orbital,Tranquomo,wellness,47,2024-03-29,2024,3,2020s,0.0146,0.142,-33.083,0.112,0.131,0.0569,0.606,0.809,141.779,4,1,11,2.84,Medium popularity
Cycle of Emotions,Benjin Blund,wellness,47,2024-03-25,2024,3,2020s,0.000824,0.166,-42.18,0.109,0.0323,0.0564,0.782,0.991,69.856,3,1,0,2.67,Medium popularity
Equilibrium,Burgundy Skies,wellness,46,2024-03-29,2024,3,2020s,0.00948,0.188,-37.23,0.109,0.0738,0.0376,0.96,0.971,67.237,4,0,7,2.52,Medium popularity
Isolate My Soul,Stormfields,wellness,46,2023-11-29,2023,11,2020s,0.000438,0.143,-39.3,0.111,0.0418,0.0448,0.88,0.985,137.949,3,1,8,2.41,Medium popularity
Split Vision,Tim Eshin,wellness,46,2024-05-03,2024,5,2020s,0.001,0.162,-43.033,0.112,0.0604,0.0479,0.969,0.974,128.553,4,0,10,2.75,Medium popularity
Amaryllian,Lush Lotus,wellness,46,2024-05-03,2024,5,2020s,0.0066,0.15,-39.007,0.104,0.0352,0.0455,0.902,0.969,137.276,4,1,9,2.53,Medium popularity
Benevolent,Miriam van Steeg,wellness,65,2024-04-12,2024,4,2020s,0.00134,0.143,-39.304,0.103,0.0382,0.0517,0.968,0.948,138.002,4,1,2,2.35,Medium popularity
Aspiration,Silent Motions,wellness,46,2024-04-12,2024,4,2020s,0.000251,0.144,-37.623,0.11,0.0552,0.0964,0.972,0.813,72.786,5,1,9,2.88,Medium popularity
Pelagus,Solitary Sun,wellness,45,2024-04-12,2024,4,2020s,0.00106,0.183,-39.798,0.111,0.0798,0.0495,0.74,0.991,137.063,3,1,0,2.75,Medium popularity
Tempest,Chasing Storms,wellness,45,2024-04-12,2024,4,2020s,0.00165,0.144,-38.522,0.145,0.0336,0.0525,0.925,0.949,138.002,3,1,6,2.69,Medium popularity
Tranquillo,Escix V,wellness,47,2024-07-21,2024,7,2020s,0.00545,0.152,-37.562,0.1,0.0513,0.0488,0.839,0.984,136.382,5,1,11,2.45,Medium popularity
Abloom,Drishti,wellness,46,2024-04-12,2024,4,2020s,0.00591,0.153,-38.108,0.13,0.0583,0.0384,0.851,0.991,67.999,4,1,11,2.33,Medium popularity
Bountiful,Space Case Travel Inc.,wellness,50,2024-04-12,2024,4,2020s,0.00843,0.145,-37.593,0.148,0.0501,0.0414,0.834,0.982,139.756,3,1,7,2.49,Medium popularity
Let go,Nessa Wright,wellness,64,2024-02-07,2024,2,2020s,0.00511,0.138,-42.851,0.106,0.0353,0.0473,0.972,0.923,142.247,4,1,0,2.36,Medium popularity
Nattord,Eleonora Feldt,wellness,45,2023-09-29,2023,9,2020s,0.00177,0.162,-38.093,0.108,0.0374,0.0485,0.96,0.987,68.359,3,1,0,2.82,Medium popularity
Cavern,Lux Alba,wellness,45,2024-03-08,2024,3,2020s,0.0398,0.166,-31.035,0.1,0.0365,0.0468,0.974,0.768,126.947,5,1,3,2.92,Medium popularity
Tidal Energy,Månvarv,wellness,45,2023-09-29,2023,9,2020s,0.0117,0.198,-36.387,0.101,0.0409,0.0398,0.84,0.976,68.367,3,1,2,2.77,Medium popularity
Driftwood,Puddle of Head,wellness,48,2024-01-19,2024,1,2020s,0.00223,0.155,-44.747,0.136,0.0362,0.044,0.888,0.957,134.372,4,1,1,3.11,Medium popularity
Placidus,Elvio Martín,wellness,50,2023-09-22,2023,9,2020s,0.00382,0.149,-37.088,0.109,0.0423,0.0659,0.967,0.915,136.915,3,1,2,3.25,Medium popularity
Aligne,Casiamty,wellness,47,2023-07-06,2023,7,2020s,0.000522,0.148,-43.592,0.113,0.0578,0.0508,0.966,0.968,60.37,4,1,2,3.11,Medium popularity
Quiet Dreams,Astred,wellness,49,2024-08-04,2024,8,2020s,0.0243,0.131,-34.716,0.0854,0.197,0.0394,0.714,0.986,69.172,4,1,6,2.98,Medium popularity
Spirals,Hrothgar Tarek,wellness,55,2022-11-04,2022,11,2020s,0.0238,0.133,-34.081,0.0968,0.0973,0.0482,0.797,0.984,75.7,4,1,5,2.82,Medium popularity
Droplet of Grace,South Noon,wellness,46,2023-08-16,2023,8,2020s,0.00183,0.156,-46.861,0.114,0.126,0.0483,0.837,0.98,133.97,3,1,10,3.1,Medium popularity
Shelter,Armando Mago,wellness,49,2022-12-09,2022,12,2020s,0.00186,0.131,-33.002,0.142,0.0907,0.0383,0.932,0.994,79.471,4,1,8,2.42,Medium popularity
Faithful,Ozo Nakuru,wellness,47,2023-06-17,2023,6,2020s,0.0039,0.0632,-38.529,0.124,0.0777,0.0472,0.822,0.987,63.037,3,1,7,2.78,Medium popularity
Eleni,Carwyn,wellness,50,2022-09-22,2022,9,2020s,0.0039,0.214,-35.794,0.0924,0.144,0.0466,0.858,0.995,134.247,4,1,5,2.35,Medium popularity
Innervate,Jasmine Viola,wellness,52,2021-10-05,2021,10,2020s,0.00389,0.148,-37.419,0.108,0.0395,0.0425,0.829,0.993,138.012,3,1,7,3.26,Medium popularity
Undulating,Joseff Shields,wellness,45,2022-11-04,2022,11,2020s,0.000931,0.132,-35.376,0.125,0.183,0.0449,0.873,0.978,69.504,3,0,0,3.12,Medium popularity
"Floating, Flying",Michel LeBond,wellness,44,2024-09-05,2024,9,2020s,0.017,0.147,-30.996,0.11,0.155,0.0743,0.942,0.995,69.119,5,1,3,3.6,Medium popularity
Oscalated,Setareha,wellness,47,2023-06-17,2023,6,2020s,0.000998,0.139,-48.069,0.111,0.108,0.0523,0.888,0.958,140.753,3,1,2,3.2,Medium popularity
Listen,Maximilian Sievert,wellness,44,2024-06-19,2024,6,2020s,0.00187,0.133,-44.115,0.111,0.038,0.0516,0.926,0.993,67.35,5,1,0,3.02,Medium popularity
Dancing Thoughts,Lotus Vega,wellness,47,2023-01-20,2023,1,2020s,0.0155,0.152,-37.541,0.107,0.0891,0.042,0.969,0.841,135.482,1,0,3,3.37,Medium popularity
Intergalactico,Universo,wellness,43,2024-04-26,2024,4,2020s,0.00024,0.193,-37.46,0.109,0.0779,0.0469,0.968,0.77,68.518,3,1,3,3.33,Medium popularity
Paisible,Pierrette Tremblay,wellness,49,2022-01-06,2022,1,2020s,0.131,0.193,-25.534,0.106,0.0379,0.0444,0.91,0.979,76.125,3,1,3,2.65,Medium popularity
Soundbed,Spring Euphemia,wellness,48,2023-04-06,2023,4,2020s,0.00159,0.137,-38.056,0.122,0.0355,0.0443,0.967,0.981,142.127,4,1,9,3.42,Medium popularity
Spectral Vibrations,Paulo May,wellness,48,2023-07-07,2023,7,2020s,0.00178,0.158,-39.647,0.11,0.0378,0.0497,0.881,0.995,136.305,5,1,1,2.43,Medium popularity
Natural Beauty,Luka Vida,wellness,44,2022-10-14,2022,10,2020s,0.00718,0.27,-19.105,0.113,0.197,0.0419,0.918,0.97,74.412,4,1,3,2.28,Medium popularity
Meteor 5,Modular 53,wellness,47,2023-01-28,2023,1,2020s,0.00109,0.0654,-46.556,0.0981,0.125,0.0414,0.831,0.991,70.223,4,1,9,2.92,Medium popularity
Calming Eternity,Celestial Aura,wellness,43,2024-03-29,2024,3,2020s,0.00759,0.182,-37.935,0.0918,0.0338,0.0425,0.95,0.932,73.841,3,1,0,2.98,Medium popularity
Melancholy,Jonas Sandberg,wellness,62,2023-06-22,2023,6,2020s,0.00184,0.175,-41.3,0.0989,0.147,0.0414,0.956,0.994,73.583,4,1,10,2.99,Medium popularity
Metamorphic,Celestial Echoes,wellness,44,2023-08-18,2023,8,2020s,0.00229,0.15,-40.456,0.0869,0.113,0.0506,0.919,0.985,68.712,3,1,10,2.85,Medium popularity
We Belong Here,Aaera Mio,wellness,47,2023-08-11,2023,8,2020s,0.00514,0.195,-38.693,0.106,0.0944,0.0395,0.917,0.965,67.551,3,1,3,3.04,Medium popularity
Soundscape lord,Anis Flashbacks,wellness,45,2023-01-28,2023,1,2020s,0.00125,0.208,-47.067,0.104,0.112,0.0422,0.843,0.991,72.004,4,1,0,3.18,Medium popularity
Sanyog,Aasmi Jayavant,wellness,45,2023-08-10,2023,8,2020s,0.00203,0.137,-40.371,0.104,0.0968,0.0438,0.965,0.904,141.008,5,1,9,2.52,Medium popularity
Serenede,myndstream,wellness,48,2023-07-07,2023,7,2020s,0.0058,0.158,-36.471,0.11,0.0329,0.0646,0.94,0.952,109.481,3,1,1,3.97,Medium popularity
Aurora's Embrace,Eternalistic,wellness,47,2024-02-23,2024,2,2020s,0.0123,0.1,-31.38,0.108,0.0379,0.048,0.937,0.848,89.764,3,1,2,2.99,Medium popularity
Freedom Fighters,"Thomas Bergersen, Two Steps from Hell",classical,52,2010-05-03,2010,5,2010s,0.428,0.32,-12.204,0.11,0.0382,0.0384,0.944,0.00559,119.985,4,0,3,2.52,Medium popularity
Welcome To My Battlegrounds (Original),Tom Salta,classical,39,2019-07-29,2019,7,2010s,0.623,0.508,-10.908,0.108,0.179,0.0297,0.913,0.0773,124.006,4,0,9,4.31,Low popularity
Road to Glory,Audiomachine,classical,37,2012-03-23,2012,3,2010s,0.718,0.409,-8.525,0.0727,0.419,0.041,0.82,0.574,140.001,3,1,7,1.87,Low popularity
Live as Lions,"Glory Oath + Blood, Robert Leslie Bennett",classical,34,2017-09-22,2017,9,2010s,0.375,0.153,-12.276,0.0849,0.0785,0.0375,0.567,0.0229,104.682,3,1,1,2.8,Low popularity
Unstoppable,E.S. Posthumus,classical,41,2010-02-02,2010,2,2010s,0.542,0.341,-8.361,0.137,0.0635,0.0526,0.956,0.0794,110.097,3,1,2,3.08,Medium popularity
The Machination (ROGUE MIX),NINJA TRACKS,classical,31,2017-08-01,2017,8,2010s,0.742,0.0762,-7.642,0.133,0.0625,0.0857,0.895,0.0079,62.192,4,0,0,2.44,Low popularity
Transformers Prime,"Brian Tyler, Transformers",classical,46,2012-03-06,2012,3,2010s,0.54,0.262,-10.787,0.112,0.0506,0.0413,0.894,0.877,80.204,4,0,4,3.37,Medium popularity
Dauntless,Audiomachine,classical,39,2018-08-17,2018,8,2010s,0.488,0.161,-11.351,0.0876,0.127,0.0624,0.912,0.0589,131.92,4,0,4,3.25,Low popularity
Liberators,Epic Score,classical,49,2015-09-04,2015,9,2010s,0.861,0.216,-5.872,0.186,0.429,0.0489,0.781,0.0082,117.961,4,1,6,2.61,Medium popularity
Earth’s Ambassadors,Michael Curran,classical,31,2014-10-24,2014,10,2010s,0.475,0.317,-10.762,0.107,0.079,0.0347,0.956,0.729,140.035,4,0,2,3.87,Low popularity
A Way to Freedom,"Epic North, Peter Roe",classical,31,2023-06-30,2023,6,2020s,0.572,0.215,-7.539,0.0709,0.0862,0.0384,0.732,0.0036,89.956,4,0,9,3.97,Low popularity
Champion of the Radiant,Revolt Production Music,classical,31,2018-03-12,2018,3,2010s,0.682,0.364,-10.618,0.109,0.188,0.0678,0.894,0.094,170.053,3,1,2,2.31,Low popularity
Spirit of Valour,"Gregory Tan, Atom Music Audio",classical,28,2021-02-28,2021,2,2020s,0.738,0.432,-9.921,0.429,0.271,0.0491,0.892,0.000275,130.118,4,0,11,1.98,Low popularity
Blue Drift,Dwayne Ford,classical,30,2016-01-06,2016,1,2010s,0.625,0.303,-10.164,0.0829,0.12,0.0417,0.814,0.171,130.007,4,0,4,5.71,Low popularity
Icarus (feat. Julie Elven),"Iván Torrent, Julie Elven",classical,42,2014-12-02,2014,12,2010s,0.522,0.3,-13.177,0.144,0.222,0.0361,0.0897,0.0473,140.011,4,0,11,4.59,Medium popularity
Wrath of the Righteous Main Theme,Dmitry V. Silantyev,classical,31,2021-09-25,2021,9,2020s,0.539,0.36,-13.352,0.157,0.199,0.0564,0.947,0.812,109.769,4,0,4,2.42,Low popularity
Strength of a Thousand Men,"Thomas Bergersen, Two Steps from Hell",classical,56,2011-09-20,2011,9,2010s,0.906,0.478,-6.781,0.115,0.59,0.0419,0.919,0.0962,140.021,4,0,0,2.28,Medium popularity
See What I've Become,Zack Hemsey,classical,51,2011-06-30,2011,6,2010s,0.769,0.396,-9.445,0.112,0.039,0.0563,0.752,0.197,128.325,4,0,4,3.91,Medium popularity
Born a Legend,"Secession Studios, Greg Dombrowski",classical,35,2021-03-29,2021,3,2020s,0.519,0.379,-12.058,0.102,0.197,0.0371,0.672,0.0463,94.922,4,1,1,3.55,Low popularity
Unforgiven,"Two Steps from Hell, Thomas Bergersen",classical,38,2015-04-28,2015,4,2010s,0.698,0.456,-8.403,0.0877,0.577,0.0323,0.913,0.236,109.95,4,0,2,4.17,Low popularity
Son of War,Audio Armoury,classical,27,2022-07-20,2022,7,2020s,0.562,0.43,-11.001,0.117,0.325,0.0322,0.949,0.0959,147.025,3,1,0,3.1,Low popularity
A Legacy Uncovered,Icon,classical,32,2013-10-08,2013,10,2010s,0.417,0.223,-10.799,0.118,0.0873,0.0385,0.745,0.329,85.823,4,1,1,2.48,Low popularity
Aeternum,"Ramin Djawadi, Brandon Campbell",classical,26,2021-09-21,2021,9,2020s,0.598,0.363,-11.384,0.0951,0.203,0.0404,0.921,0.342,139.843,3,0,9,2.45,Low popularity
The Dynasty,"Andreas Waldetoft, Paradox Interactive",classical,30,2020-08-28,2020,8,2020s,0.266,0.176,-14.622,0.0786,0.0577,0.0397,0.895,0.951,109.961,4,0,9,5.21,Low popularity
The Last of Us,Gustavo Santaolalla,gaming,60,2013-06-07,2013,6,2010s,0.467,0.587,-12.392,0.098,0.353,0.0306,0.928,0.867,154.636,3,0,4,3.06,Medium popularity
Ezio's Family,"Jesper Kyd, Assassin's Creed",gaming,60,2009-11-16,2009,11,2000s,0.344,0.375,-12.561,0.0682,0.106,0.0335,0.776,0.81,126.06,4,0,2,3.96,Medium popularity
Dragonborn,Jeremy Soule,gaming,57,2013-01-31,2013,1,2010s,0.482,0.193,-13.311,0.111,0.121,0.0842,0.685,0.895,66.771,4,0,11,3.93,Medium popularity
Shared Vision,"Halo, Sean Callery, Colin Stetson",gaming,28,2024-11-12,2024,11,2020s,0.223,0.128,-16.005,0.108,0.0372,0.0356,0.952,0.667,145.522,3,1,2,4.76,Low popularity
God of War II - Main Titles,Gerard Marino,gaming,41,2024-10-04,2024,10,2020s,0.54,0.322,-6.223,0.127,0.311,0.0359,0.38,0.765,99.936,4,1,7,2.93,Medium popularity
Sweden,C418,gaming,67,2011-03-04,2011,3,2010s,0.01,0.642,-25.164,0.103,0.197,0.0446,0.945,0.992,87.971,4,1,2,3.59,Medium popularity
The Rebel Path,P.T. Adamczyk,gaming,58,2020-12-11,2020,12,2020s,0.571,0.413,-7.329,0.0885,0.338,0.0485,0.126,0.00236,89.982,4,1,9,4.18,Medium popularity
Race To Destruction,Brain,gaming,31,2024-10-04,2024,10,2020s,0.937,0.561,-5.051,0.384,0.607,0.0472,0.812,2.04e-05,114.996,4,1,7,2.97,Low popularity
"Secunda (Transcr. Trifonov for Piano) - From ""The Elder Scrolls: Skyrim""","Jeremy Soule, Daniil Trifonov",gaming,52,2024-07-19,2024,7,2020s,0.00229,0.25,-40.887,0.0732,0.105,0.0716,0.886,0.995,66.833,3,0,7,2.45,Medium popularity
Divine Overture (Main Theme),Stephen Barton,gaming,31,2024-08-20,2024,8,2020s,0.601,0.419,-12.041,0.11,0.187,0.0518,0.948,0.0472,121.86,4,0,7,2.83,Low popularity
Mirage Theme - From Assassin's Creed Mirage,"Brendan Angelides, Assassin's Creed, Layth Sidiq",gaming,34,2023-09-29,2023,9,2020s,0.348,0.181,-12.796,0.179,0.0561,0.0361,0.938,0.11,69.386,4,1,5,3.54,Low popularity
Enthroned on Mount Olympus,Winifred Phillips,gaming,32,2024-10-04,2024,10,2020s,0.132,0.171,-22.437,0.116,0.0356,0.0449,0.972,0.873,115.897,3,1,7,1.96,Low popularity
Into the Starfield (Main Theme),Inon Zur,gaming,36,2023-09-01,2023,9,2020s,0.334,0.209,-15.702,0.0733,0.0383,0.0482,0.922,0.729,79.91,4,0,6,2.82,Low popularity
The Lost Crown (Prince of Persia),"2WEI, Joznez, Kataem",gaming,42,2023-06-09,2023,6,2020s,0.738,0.551,-7.695,0.204,0.39,0.167,0.0,0.117,143.861,4,1,11,3.32,Medium popularity
Elden Ring,Tsukasa Saitoh,gaming,21,2022-09-09,2022,9,2020s,0.541,0.251,-14.774,0.104,0.078,0.0472,0.682,0.00825,76.519,4,1,0,1.64,Low popularity
Greater Together (Album Version),"John Paesano, Ben Billions",gaming,42,2023-10-20,2023,10,2020s,0.539,0.473,-12.547,0.108,0.214,0.0424,0.896,0.229,119.963,4,0,5,3.31,Medium popularity
Fields of Dusk - Orchestral Version,TATRAN,gaming,35,2023-04-28,2023,4,2020s,0.267,0.262,-18.461,0.116,0.0648,0.0343,0.951,0.623,103.837,4,1,1,4.69,Low popularity
Astro,Kenneth C M Young,gaming,39,2024-10-04,2024,10,2020s,0.834,0.613,-8.122,0.337,0.791,0.0348,0.258,0.000599,102.021,4,1,2,4.32,Low popularity
Assassin's Creed IV Black Flag Main Theme,"Brian Tyler, Assassin's Creed",gaming,53,2013-10-14,2013,10,2010s,0.621,0.32,-12.207,0.0802,0.319,0.0563,0.896,0.0429,128.025,3,1,7,2.22,Medium popularity
"Overture to the Unwritten (from ""Hogwarts Legacy"")","chuck e. myers 'sea', J Scott Rakozy, Peter Murray, Hogwarts Legacy",gaming,37,2023-02-10,2023,2,2020s,0.337,0.215,-12.91,0.0731,0.0369,0.0373,0.749,0.868,74.02,4,1,0,5.0,Low popularity
Fontaine,HOYO-MiX,gaming,49,2023-10-02,2023,10,2020s,0.249,0.175,-14.043,0.0773,0.118,0.0375,0.933,0.917,180.186,3,0,4,4.56,Medium popularity
Force Projection,P.T. Adamczyk,gaming,46,2023-09-14,2023,9,2020s,0.947,0.485,-9.425,0.23,0.511,0.0393,0.923,6.63e-05,150.059,4,0,7,2.77,Medium popularity
The Last of Us Part II,Gustavo Santaolalla,gaming,48,2020-06-19,2020,6,2020s,0.0457,0.451,-18.026,0.102,0.128,0.0423,0.783,0.904,128.594,3,0,2,2.88,Medium popularity
Arkham City Main Theme,Nick Arundel,gaming,46,2011-10-18,2011,10,2010s,0.535,0.219,-13.862,0.0863,0.0788,0.0516,0.667,0.449,94.965,4,1,1,2.79,Medium popularity
New York's Only Spider-Man,John Paesano,gaming,40,2020-11-10,2020,11,2020s,0.608,0.463,-11.931,0.12,0.284,0.0435,0.951,0.243,158.641,4,1,8,2.89,Medium popularity
The First Hunter,SIE Sound Team,gaming,47,2015-04-22,2015,4,2010s,0.353,0.1,-11.679,0.104,0.0399,0.0347,0.776,0.2,79.416,3,0,2,5.2,Medium popularity
The Streets of Whiterun,Jeremy Soule,gaming,59,2013-01-31,2013,1,2010s,0.186,0.0664,-17.679,0.108,0.0363,0.0346,0.887,0.943,72.162,3,0,1,4.08,Medium popularity
The Way of the Ghost,Ilan Eshkeri,gaming,43,2020-07-17,2020,7,2020s,0.162,0.171,-15.387,0.149,0.0368,0.0432,0.921,0.709,114.473,4,0,7,4.25,Medium popularity
Je te laisserai des mots,Patrick Watson,ambient,24,2010-09-10,2010,9,2010s,0.187,0.303,-16.757,0.102,0.212,0.0356,0.499,0.989,132.679,4,1,2,2.68,Low popularity
In the Woods Somewhere,Hozier,ambient,53,2014-09-19,2014,9,2010s,0.426,0.354,-8.704,0.115,0.185,0.0295,0.11,0.782,98.062,3,0,6,5.52,Medium popularity
When the Night is Over,Lord Huron,ambient,58,2018-04-20,2018,4,2010s,0.413,0.686,-6.332,0.122,0.595,0.0263,0.115,0.103,95.989,3,0,6,5.19,Medium popularity
Persephone,The Tragic Thrills,ambient,33,2017-01-31,2017,1,2010s,0.125,0.466,-11.579,0.114,0.108,0.0307,0.0,0.708,106.107,4,1,2,2.5,Low popularity
Good Place,Kathleen Regan,ambient,33,2022-02-18,2022,2,2020s,0.256,0.542,-15.161,0.13,0.334,0.0419,0.0,0.903,79.81,4,1,0,2.7,Low popularity
Please Don't Go,Abbey Glover,ambient,38,2020-04-03,2020,4,2020s,0.318,0.478,-16.528,0.394,0.192,0.035,4.35e-05,0.197,137.983,4,1,1,4.69,Low popularity
Writer In The Dark,Lorde,ambient,61,2017-06-16,2017,6,2010s,0.271,0.325,-8.069,0.301,0.279,0.0418,0.0,0.73,71.855,4,1,7,3.61,Medium popularity
toler,kaido,ambient,29,2023-08-26,2023,8,2020s,0.433,0.284,-10.01,0.114,0.193,0.0365,0.00386,0.742,179.789,3,1,4,1.75,Low popularity
NFWMB,Hozier,ambient,44,2018-09-06,2018,9,2010s,0.373,0.391,-12.171,0.115,0.347,0.0306,0.0694,0.894,175.854,1,0,3,4.32,Medium popularity
Novels,Rusty Clanton,ambient,36,2016-10-28,2016,10,2010s,0.281,0.516,-10.991,0.0871,0.152,0.0333,0.00861,0.172,131.039,4,1,9,5.87,Low popularity
Scared of You,"Bobby, I Miss You",ambient,39,2018-02-20,2018,2,2010s,0.36,0.454,-14.11,0.102,0.26,0.029,0.636,0.969,95.204,4,1,4,3.33,Low popularity
Every Breath You Take,Chase Holfelder,ambient,40,2015-09-08,2015,9,2010s,0.429,0.338,-8.517,0.122,0.167,0.033,2.59e-06,0.103,146.054,4,0,11,2.77,Medium popularity
Whitacre: The Seal Lullaby,"Eric Whitacre, Eric Whitacre Singers",classical,44,2010-01-01,2010,1,2010s,0.0218,0.104,-29.785,0.0836,0.0664,0.0468,0.825,0.988,72.808,3,1,1,4.22,Medium popularity
The Road Home,"Stephen Paulus, Conspirare, Craig Hella Johnson",classical,39,2006-03-28,2006,3,2000s,0.0539,0.196,-28.217,0.116,0.0482,0.0438,0.0316,0.993,132.747,3,1,5,3.95,Low popularity
Nimrod (Lux Aeterna),"Edward Elgar, VOCES8",classical,42,2015-01-01,2015,1,2010s,0.0949,0.178,-21.002,0.0847,0.0366,0.0399,0.369,0.993,77.314,3,1,1,3.88,Medium popularity
"Requiem in D Minor, K .626: III. Sequentia: 6. Lacrimosa - Amen, appendix","Wolfgang Amadeus Mozart, Franz Xaver Süssmayr, Ensemble Pygmalion, Raphael Pichon",classical,37,2024-10-04,2024,10,2020s,0.0846,0.0902,-20.056,0.0674,0.0345,0.0341,0.0291,0.946,78.633,4,1,9,3.98,Low popularity
Media Vita,"Kerensa Briggs, Anna Lapwood, The Chapel Choir of Pembroke College, Cambridge",classical,35,2020-03-06,2020,3,2020s,0.0759,0.137,-25.74,0.105,0.0363,0.0401,0.263,0.975,142.767,4,0,11,3.0,Low popularity
Versa est in luctum,"Alonso Lobo, Tenebrae, Nigel Short",classical,35,2011-03-28,2011,3,2010s,0.118,0.155,-22.038,0.0867,0.0386,0.0423,0.927,0.995,135.276,4,0,7,5.54,Low popularity
La Kanteletar: I. Herkä neito,"Veljo Tormis, Mikrokosmos, Loïc Pierre",classical,32,1997-07-01,1997,7,1990s,0.0151,0.2,-35.53,0.103,0.0656,0.037,0.413,0.991,68.649,3,1,6,2.19,Low popularity
Upon Your Heart,"Eleanor Daley, The Chapel Choir of Pembroke College, Cambridge, The Pembroke College Girls’ Choir, Anna Lapwood",classical,33,2020-09-16,2020,9,2020s,0.115,0.123,-22.439,0.168,0.0389,0.0541,0.633,0.987,70.782,1,1,4,3.9,Low popularity
The Day Is Done (2006),"Stephen Paulus, Stephen Layton, The Choir Of Trinity College, Cambridge",classical,28,2011-06-27,2011,6,2010s,0.0422,0.156,-28.174,0.113,0.0392,0.0456,0.00136,0.985,134.837,5,1,2,5.35,Low popularity
Fljótavík (Arr. Lawson for Ensemble),"Jónsi, Georg Holm, Kjartan Sveinsson, Orri Pall Dyrason, VOCES8, Thomas Gould, Emma Denton, Sam Becker",classical,32,2024-09-27,2024,9,2020s,0.0476,0.162,-24.307,0.107,0.0538,0.0426,0.943,0.941,131.97,4,1,8,4.19,Low popularity
Avinu Malkeinu (Arr. Clements for Cello & Vocal Ensemble),"Max Janowski, Sheku Kanneh-Mason, VOCES8",classical,30,2024-11-01,2024,11,2020s,0.104,0.164,-21.526,0.105,0.0461,0.0401,0.799,0.977,132.766,4,0,5,3.89,Low popularity
Stopping by Woods on a Snowy Evening,"Rebecca Dale, Robert Frost, Tenebrae, Nigel Short",classical,28,2024-02-21,2024,2,2020s,0.0611,0.0873,-24.177,0.0942,0.0344,0.0372,0.57,0.994,79.45,4,0,2,5.12,Low popularity
"Veris gratia, Op. 6: VII. Hymn to Cypris","Kenneth Leighton, David Cuthbert, The Choir of The Queen's College Oxford, Owen Rees, Britten Sinfonia",classical,19,2024-10-08,2024,10,2020s,0.105,0.128,-21.612,0.0962,0.0406,0.0516,0.00768,0.973,74.721,4,0,0,4.23,Low popularity
Psalm 22.21,"jung jaeil, VOCES8",classical,30,2024-09-27,2024,9,2020s,0.00683,0.191,-33.714,0.0917,0.0359,0.0363,0.991,0.99,73.135,4,1,0,1.5,Low popularity
Seek Him That Maketh The Seven Stars,"Jonathan Dove, The Choir of Magdalen College, Oxford, Edward Byrne, Mark Williams",classical,18,2024-10-11,2024,10,2020s,0.17,0.208,-21.811,0.0785,0.038,0.0466,0.332,0.948,128.137,4,1,0,6.61,Low popularity
Now Sleeps The Crimson Petal (Four Madrigals On Rose Texts): Now Sleeps The Crimson Petal,"Paul Mealor, Tenebrae, Nigel Short",classical,34,2011-01-01,2011,1,2010s,0.0144,0.161,-30.883,0.0836,0.0336,0.0365,0.117,0.986,82.646,4,1,6,3.29,Low popularity
Dreamweaver: 1. Prologue,"Ola Gjeilo, The Choir of Royal Holloway, Royal Philharmonic Orchestra, Rupert Gough",classical,28,2023-08-04,2023,8,2020s,0.105,0.196,-23.818,0.193,0.0731,0.0418,0.782,0.986,122.977,3,1,7,2.7,Low popularity
Whilst Great Is Our Poverty,"Cyrillus Kreek, Traditional, Anna-Liisa Eller, Angela Ambrosini, Marco Ambrosini, Vox Clamantis, Jaan-Eik Tulve",classical,27,2020-05-08,2020,5,2020s,0.0746,0.0816,-25.357,0.0856,0.036,0.0409,0.48,0.989,75.575,3,1,1,5.3,Low popularity
Shenandoah,"Traditional, Westminster Choir, James Jordan, Gregory Stout",classical,32,2024-05-03,2024,5,2020s,0.0286,0.111,-30.35,0.0671,0.0334,0.0489,0.835,0.991,87.516,4,1,4,4.59,Low popularity
Only in Sleep,"Ēriks Ešenvalds, Stephen Layton, The Choir Of Trinity College, Cambridge",classical,31,2015-02-01,2015,2,2010s,0.0997,0.14,-24.394,0.0651,0.0465,0.045,0.428,0.989,71.775,3,1,6,5.29,Low popularity
"Heyr, himna smiður","Härlanda Chamber Choir, David Molin",classical,27,2016-12-13,2016,12,2010s,0.105,0.134,-25.24,0.125,0.0388,0.0423,0.855,0.994,81.11,4,0,9,3.64,Low popularity
There Will Come Soft Rains,"Ēriks Ešenvalds, The Pacific Lutheran Choir Of The West, Richard Nance",classical,29,2020-01-17,2020,1,2020s,0.0768,0.187,-23.199,0.0911,0.0387,0.0441,0.0475,0.98,123.193,4,1,8,3.92,Low popularity
The Promised Light of Life,"Cheryl Frances-Hoad, Owain Park, The Gesualdo Six",classical,25,2019-11-01,2019,11,2010s,0.0301,0.149,-25.001,0.113,0.0342,0.0358,0.00497,0.968,104.157,3,1,6,2.58,Low popularity
Stardust,"Taylor Scott Davis, VOCES8",classical,35,2024-09-27,2024,9,2020s,0.0293,0.064,-24.309,0.0978,0.0322,0.0415,0.643,0.986,57.809,3,0,11,5.56,Low popularity
L'Amour,"WUULA, Dr Feel",electronic,36,2024-05-10,2024,5,2020s,0.933,0.816,-6.973,0.1,0.763,0.0392,0.604,0.0181,122.003,4,1,4,4.66,Low popularity
Nomathemba - Enoo Napa Remix,"FiNE, Lizwi, Enoo Napa",electronic,24,2024-05-10,2024,5,2020s,0.766,0.718,-7.737,0.084,0.286,0.035,0.429,0.00302,118.997,4,0,11,7.31,Low popularity
Kolwa,"Euggy, Suraj, Mumba Yachi",electronic,22,2023-12-01,2023,12,2020s,0.7,0.691,-9.648,0.111,0.0569,0.0388,0.819,0.135,120.019,4,0,11,6.74,Low popularity
Hajikwai,"Naarly, Thabza De Soul, Idd Aziz",electronic,37,2024-07-19,2024,7,2020s,0.751,0.872,-8.339,0.104,0.0762,0.0826,0.296,0.19,122.062,4,1,0,6.07,Low popularity
Sina,"Lakwister, Aweko Brian, Moses rallo",electronic,15,2024-07-26,2024,7,2020s,0.822,0.704,-9.628,0.0878,0.714,0.0545,0.723,0.000425,121.996,4,0,3,7.73,Low popularity
Moors,Drumetic Boyz,electronic,19,2024-04-25,2024,4,2020s,0.739,0.635,-8.897,0.376,0.536,0.0354,0.775,0.000224,123.024,4,1,1,7.57,Low popularity
Letha,"Thandi Draai, Dj Beekay",electronic,19,2023-11-17,2023,11,2020s,0.706,0.533,-8.968,0.094,0.245,0.0391,0.459,0.0229,119.98,4,0,1,7.0,Low popularity
Space Fair,"Hanna Haïs, KingDonna",electronic,23,2024-06-14,2024,6,2020s,0.895,0.613,-7.223,0.111,0.0438,0.0341,0.834,0.0106,119.997,4,1,0,6.95,Low popularity
Nomvula (feat. Nia Pearl & Bontle Smith),"Citizen Deep, Nia Pearl, Bontle Smith",electronic,29,2024-09-20,2024,9,2020s,0.689,0.791,-9.959,0.0782,0.578,0.0536,0.318,0.111,118.009,4,0,0,4.37,Low popularity
Don't Give Up,Afro Swanky,electronic,17,2024-03-15,2024,3,2020s,0.784,0.425,-11.272,0.185,0.549,0.0735,0.911,0.185,149.61,5,0,1,6.0,Low popularity
Tsoang Tsoang - Remix,"DJ Leo Cris, Dr. Victor",electronic,14,2024-03-23,2024,3,2020s,0.799,0.772,-7.74,0.0903,0.157,0.0522,0.363,0.00128,121.011,4,1,1,5.28,Low popularity
Udokotela,Muzari,electronic,20,2024-05-31,2024,5,2020s,0.817,0.762,-11.339,0.0769,0.653,0.0498,0.893,0.00271,116.007,4,0,10,5.37,Low popularity
FIND A WAY,"NAAK, Atmos Blaq",electronic,25,2024-06-14,2024,6,2020s,0.643,0.409,-8.591,0.0943,0.323,0.0525,0.46,0.323,147.247,5,0,5,4.64,Low popularity
let it breathe (feat. Roddy Ricch),"Gunna, Roddy Ricch",hip-hop,66,2024-05-10,2024,5,2020s,0.728,0.788,-3.765,0.11,0.287,0.261,4.82e-06,0.17,153.07,1,0,1,3.35,Medium popularity
Goddard Song,Lil Uzi Vert,hip-hop,66,2024-11-01,2024,11,2020s,0.729,0.602,-5.306,0.156,0.302,0.172,0.0,0.084,124.013,4,1,2,2.33,Medium popularity
Topanga,Trippie Redd,hip-hop,65,2018-11-09,2018,11,2010s,0.616,0.753,-8.245,0.109,0.0388,0.0495,1.77e-06,0.00583,105.952,4,1,4,3.59,Medium popularity
WRONG (feat. Lil Mosey),"The Kid LAROI, Lil Mosey",hip-hop,58,2021-07-27,2021,7,2020s,0.768,0.389,-4.765,0.119,0.334,0.256,0.0,0.038,90.146,4,1,1,3.06,Medium popularity
Hard Work Pays Off,"Future, Juice WRLD",hip-hop,60,2018-10-19,2018,10,2010s,0.482,0.736,-8.242,0.229,0.608,0.196,0.0,0.327,140.064,4,1,4,3.74,Medium popularity
ALWAYS,YOON MIRAE,korean,60,2016-02-18,2016,2,2010s,0.604,0.41,-3.453,0.312,0.28,0.0331,0.0,0.777,128.845,4,1,10,3.42,Medium popularity
Beautiful,Crush,korean,65,2016-12-17,2016,12,2010s,0.41,0.416,-6.146,0.107,0.219,0.0292,0.0,0.843,110.252,4,1,10,3.79,Medium popularity
Say Yes,"Loco, Punch",korean,67,2016-08-29,2016,8,2010s,0.778,0.696,-4.653,0.329,0.41,0.0585,0.0,0.352,94.996,4,0,1,3.65,Medium popularity
Everytime,"CHEN, Punch",korean,64,2016-02-25,2016,2,2010s,0.736,0.514,-4.364,0.18,0.495,0.0321,0.0,0.483,90.002,4,1,10,3.16,Medium popularity
With you,"Jimin, HA SUNG WOON",korean,64,2022-04-24,2022,4,2020s,0.426,0.532,-6.117,0.134,0.137,0.0288,0.0,0.639,149.898,3,1,3,3.37,Medium popularity
Love Me Like That,Sam Kim,korean,63,2021-07-24,2021,7,2020s,0.294,0.59,-8.125,0.0873,0.461,0.0654,0.0,0.854,87.895,4,1,9,3.52,Medium popularity
You Are My Everything,Gummy,korean,61,2016-03-10,2016,3,2010s,0.499,0.343,-5.121,0.119,0.104,0.0387,0.0,0.665,131.076,4,1,6,4.01,Medium popularity
I Will Go To You Like the First Snow,AILEE,korean,63,2017-01-07,2017,1,2010s,0.431,0.497,-4.755,0.153,0.167,0.0287,0.0,0.66,133.675,4,0,5,3.83,Medium popularity
This Love,DAVICHI,korean,62,2016-03-03,2016,3,2010s,0.446,0.406,-4.306,0.194,0.214,0.0335,0.0,0.739,138.66,4,1,9,3.75,Medium popularity
Like A Dream,MINNIE,korean,61,2024-04-16,2024,4,2020s,0.517,0.539,-5.244,0.181,0.217,0.0282,0.0,0.321,132.319,4,1,7,4.15,Medium popularity
Run Run,ECLIPSE,korean,60,2024-04-08,2024,4,2020s,0.817,0.604,-3.24,0.419,0.625,0.0452,0.0,0.016,131.985,4,0,9,3.58,Medium popularity
Your Existence,Wonstein,korean,60,2022-02-26,2022,2,2020s,0.603,0.418,-9.379,0.11,0.657,0.204,2.52e-05,0.536,100.171,4,1,7,3.4,Medium popularity
For You,"CHEN, BAEKHYUN, XIUMIN",korean,59,2016-08-25,2016,8,2010s,0.838,0.533,-3.723,0.394,0.449,0.0319,0.0,0.102,75.021,4,1,0,3.28,Medium popularity
I Miss You,SOYOU,korean,59,2016-12-31,2016,12,2010s,0.344,0.482,-6.002,0.129,0.211,0.0318,0.0,0.901,133.499,4,1,5,2.82,Medium popularity
Descendants Of The Sun (Original Television Soundtrack) Pt.6 - Talk Love,K.Will,korean,58,2016-03-18,2016,3,2010s,0.834,0.603,-2.339,0.0989,0.555,0.0287,0.0,0.353,102.038,4,0,1,3.61,Medium popularity
Good Person (2022),HAECHAN,korean,58,2022-03-05,2022,3,2020s,0.366,0.565,-8.611,0.131,0.385,0.0278,1.21e-05,0.657,81.943,4,1,11,4.67,Medium popularity
If It Is You,Jung Seung Hwan,korean,58,2016-05-31,2016,5,2010s,0.515,0.387,-5.529,0.16,0.199,0.0338,0.0,0.686,135.221,4,1,2,4.55,Medium popularity
Round And Round,"HEIZE, Han Suji",korean,56,2017-01-21,2017,1,2010s,0.687,0.604,-5.13,0.0718,0.504,0.0327,0.234,0.757,119.992,4,0,0,3.36,Medium popularity
Stand By Me,SHINee,korean,56,2009-01-08,2009,1,2000s,0.839,0.756,-3.994,0.101,0.702,0.0299,0.0,0.193,110.989,4,1,0,4.12,Medium popularity
MY LOVE,LeeHi,korean,56,2016-10-04,2016,10,2010s,0.343,0.375,-7.224,0.134,0.158,0.0345,0.0,0.859,121.879,4,1,11,3.68,Medium popularity
Can You Hear My Heart (feat. LEE HI),"Epik High, LeeHi",korean,56,2016-09-20,2016,9,2010s,0.592,0.694,-6.406,0.124,0.305,0.0367,0.0,0.742,95.047,4,1,7,4.14,Medium popularity
"Very, Slowly",BIBI,korean,55,2022-02-20,2022,2,2020s,0.423,0.528,-7.381,0.167,0.249,0.0264,0.00148,0.678,135.917,4,1,8,3.58,Medium popularity
Breath,Sam Kim,korean,55,2020-06-28,2020,6,2020s,0.501,0.642,-6.643,0.0914,0.298,0.0324,1.8e-05,0.837,122.973,4,1,6,4.22,Medium popularity
Here Always,Seungmin,korean,55,2021-10-10,2021,10,2020s,0.39,0.573,-8.017,0.104,0.118,0.0272,2.64e-06,0.345,82.035,4,1,2,4.25,Medium popularity
Starlight,TAEIL,korean,55,2022-02-13,2022,2,2020s,0.735,0.643,-3.703,0.101,0.502,0.0302,0.0,0.0786,111.961,4,1,2,3.76,Medium popularity
Tus Ojos,Los Cafres,world,66,1997-09-01,1997,9,1990s,0.48,0.853,-9.052,0.0323,0.815,0.0512,0.000618,0.0234,92.157,4,1,8,4.25,Medium popularity
Confianza,Micro TDH,world,66,2017-06-16,2017,6,2010s,0.515,0.669,-6.064,0.105,0.289,0.284,0.0,0.746,169.874,4,0,4,3.46,Medium popularity
Hablar de Ti,Gepe,world,64,2017-05-26,2017,5,2010s,0.487,0.592,-9.052,0.0768,0.638,0.251,0.0,0.485,170.285,4,1,9,3.43,Medium popularity
Lo Que Hoy Quieras,Koino Yokan,world,64,2022-03-17,2022,3,2020s,0.434,0.851,-9.551,0.171,0.926,0.072,0.0,0.52,80.015,4,1,0,2.92,Medium popularity
Mi Balcon,"Vicente Garcia, Cultura Profética",world,58,2011-01-01,2011,1,2010s,0.559,0.835,-8.09,0.0881,0.751,0.0438,2.16e-06,0.202,126.046,4,1,0,4.32,Medium popularity
Runaway,"Los Pericos, The Original Wailers",world,58,2010-09-28,2010,9,2010s,0.731,0.676,-5.253,0.624,0.812,0.0368,1.26e-05,0.0438,150.151,4,1,9,3.89,Medium popularity
Decide Tú,Dread Mar I,world,58,2018-05-24,2018,5,2010s,0.448,0.789,-7.514,0.178,0.727,0.0441,0.0,0.126,145.997,4,1,0,4.14,Medium popularity
Casi q' me pierdo,Los Cafres,world,63,2011-09-27,2011,9,2010s,0.638,0.697,-5.246,0.103,0.598,0.091,0.00286,0.0216,165.929,4,1,8,4.43,Medium popularity
Caney,"Rawayana, Jambene",world,56,2021-11-22,2021,11,2020s,0.731,0.543,-6.736,0.314,0.636,0.189,0.00523,0.257,85.183,4,1,7,3.84,Medium popularity
BSOS,Mora Navarro,world,27,2022-09-30,2022,9,2020s,0.647,0.732,-7.031,0.0788,0.82,0.109,8.12e-05,0.654,149.877,4,1,1,3.1,Low popularity
Por el Bien de los Dos,Abril Olivera,world,31,2023-04-21,2023,4,2020s,0.324,0.881,-10.11,0.292,0.78,0.196,0.00516,0.353,95.961,4,0,7,2.66,Low popularity
Verte,"Nicki Nicole, Dread Mar I, Bizarrap",world,56,2020-12-10,2020,12,2020s,0.668,0.773,-4.254,0.0763,0.741,0.366,0.0,0.374,150.043,4,0,4,2.62,Medium popularity
Anónimos (feat. Carla Morrison),"Los Pericos, Carla Morrison",world,54,2016-10-28,2016,10,2010s,0.603,0.717,-7.108,0.0854,0.808,0.0334,6.43e-05,0.277,144.018,4,0,6,5.27,Medium popularity
San Bá,Vicente Garcia,world,54,2019-05-24,2019,5,2010s,0.687,0.883,-7.862,0.0955,0.716,0.0894,0.000336,0.647,126.956,4,0,4,3.24,Medium popularity
Fugaz,Connie Isla,world,18,2023-04-13,2023,4,2020s,0.614,0.72,-7.877,0.159,0.53,0.0405,0.000778,0.142,105.071,4,0,9,3.19,Low popularity
Porque Yo,"Pahua, Eva de Marce",world,34,2023-01-27,2023,1,2020s,0.815,0.751,-6.996,0.136,0.52,0.102,0.0271,0.345,93.984,4,0,9,3.03,Low popularity
Isla del Ritmo,Ritmo Machine,world,24,2023-01-27,2023,1,2020s,0.702,0.77,-7.898,0.327,0.536,0.0467,0.834,0.434,97.514,4,0,3,3.28,Low popularity
Una Cumbia Triste,Rels B,world,53,2020-12-26,2020,12,2020s,0.785,0.781,-6.773,0.134,0.644,0.257,0.0,0.264,91.986,4,0,4,3.53,Medium popularity
9 to 5,The Mayries,folk,34,2024-10-18,2024,10,2020s,0.21,0.514,-15.23,0.109,0.38,0.0326,0.0,0.903,147.92,4,1,3,3.35,Low popularity
Cult to A Saint,"Rhys, AKA lisa",folk,43,2024-05-17,2024,5,2020s,0.342,0.478,-13.648,0.134,0.206,0.0358,0.00654,0.871,87.479,4,1,2,3.64,Medium popularity
"I Miss You, I Do",Arny Margret,folk,34,2024-10-16,2024,10,2020s,0.254,0.504,-12.507,0.0969,0.388,0.0329,0.00627,0.886,143.916,4,1,9,4.11,Low popularity
i don’t know what i saw in you,Malen,folk,30,2024-05-24,2024,5,2020s,0.23,0.754,-13.228,0.107,0.418,0.0759,0.000228,0.693,87.492,4,1,3,2.16,Low popularity
The Speed of Life,Malin Pettersen,folk,29,2024-05-02,2024,5,2020s,0.0697,0.528,-11.051,0.111,0.25,0.0535,2.24e-05,0.921,75.447,4,1,1,3.36,Low popularity
Flowers at a Funeral,NOEL,folk,34,2024-08-23,2024,8,2020s,0.55,0.534,-8.047,0.0958,0.434,0.0673,0.0,0.188,143.885,4,1,10,3.46,Low popularity
codepending,AKA lisa,folk,31,2024-06-14,2024,6,2020s,0.426,0.618,-12.846,0.146,0.173,0.0403,0.0268,0.723,137.989,4,1,3,3.25,Low popularity
Turning Onto You,First Aid Kit,folk,30,2022-09-30,2022,9,2020s,0.634,0.558,-5.629,0.0896,0.796,0.0325,7.71e-05,0.114,159.896,4,1,10,3.36,Low popularity
Beautiful Woman,Sarah Klang,folk,42,2024-08-02,2024,8,2020s,0.226,0.507,-11.126,0.108,0.246,0.0325,0.000197,0.804,131.052,4,1,2,3.55,Medium popularity
I Let the Good Ones Go,Smith & Thell,folk,36,2024-08-23,2024,8,2020s,0.782,0.418,-5.281,0.364,0.173,0.0569,1.54e-05,0.59,173.582,4,1,7,3.92,Low popularity
Bloom,Alexander Grandjean,folk,14,2024-04-18,2024,4,2020s,0.337,0.565,-10.716,0.405,0.35,0.0302,0.00409,0.919,90.007,4,1,9,3.69,Low popularity
Love Songs,Emmelie de Forest,folk,26,2024-10-18,2024,10,2020s,0.443,0.472,-8.325,0.0981,0.148,0.0307,0.003,0.767,114.735,4,1,10,2.92,Low popularity
Animal,Oklahoma,folk,29,2024-08-23,2024,8,2020s,0.484,0.525,-10.562,0.123,0.247,0.04,0.00016,0.587,87.993,4,0,8,2.94,Low popularity
anywhere,Malen,folk,44,2024-08-30,2024,8,2020s,0.355,0.64,-12.288,0.118,0.306,0.0313,0.000644,0.808,157.959,4,1,11,2.52,Medium popularity
Fear/Hope,Malin Pettersen,folk,28,2024-11-08,2024,11,2020s,0.101,0.568,-10.487,0.113,0.309,0.0662,0.0,0.899,75.478,1,1,0,2.92,Low popularity
Atmosphere,Crying Day Care Choir,folk,28,2024-11-08,2024,11,2020s,0.439,0.698,-9.737,0.636,0.33,0.0795,0.0,0.343,116.143,4,0,11,3.58,Low popularity
For What We Love,"Gunnhild Sundli, Ski-VM Trondheim 2025",folk,27,2024-11-01,2024,11,2020s,0.707,0.414,-4.651,0.0984,0.273,0.0379,0.0,0.0264,119.946,4,0,11,3.0,Low popularity
JUBA,Anendlessocean,gospel,50,2024-10-31,2024,10,2020s,0.717,0.704,-5.831,0.487,0.394,0.104,0.0,0.333,130.004,4,1,8,3.02,Medium popularity
E Dey Flow,"Moses Bliss, Neeja, Ajay Asika, Festizie, S.O.N Music, Chizie",gospel,56,2024-06-28,2024,6,2020s,0.765,0.782,-5.309,0.262,0.771,0.0445,0.0,0.714,112.972,4,1,5,2.6,Medium popularity
Big God,"Tim Godfrey, Fearless Community, Anderson",gospel,52,2023-10-06,2023,10,2020s,0.941,0.701,-5.114,0.134,0.72,0.0347,0.00217,0.0249,117.978,4,1,1,10.97,Medium popularity
Holy Spirit,Sunmisola Agbebi,gospel,47,2024-11-15,2024,11,2020s,0.543,0.33,-8.617,0.338,0.241,0.0322,0.0,0.0983,143.869,4,1,10,5.86,Medium popularity
You Are Great,"Moses Bliss, Festizie, Chizie, Neeja, S.O.N Music, Ajay Asika",gospel,59,2024-01-26,2024,1,2020s,0.85,0.64,-5.519,0.148,0.698,0.18,0.0,0.1,118.174,4,0,6,3.05,Medium popularity
Defe Defe,Team Eternity Ghana,gospel,55,2024-05-01,2024,5,2020s,0.81,0.517,-6.569,0.115,0.301,0.0729,0.0,0.0806,139.892,4,1,8,6.78,Medium popularity
Calling My Name (I'm A Soldier) - Live,Ebuka Songs,gospel,54,2023-09-29,2023,9,2020s,0.79,0.392,-5.402,0.562,0.305,0.0876,0.0,0.00662,126.993,4,0,6,10.65,Medium popularity
Kumama Papa,"Grace Lokwa, Moses Bliss, Prinx Emmanuel",gospel,55,2022-06-03,2022,6,2020s,0.624,0.464,-4.771,0.144,0.481,0.0617,1.79e-06,0.83,143.853,4,0,0,4.33,Medium popularity
E Ti Tobi to (Live),"EmmaOMG, The OhEmGee Choir, Pelumi Deborah, BBO",gospel,51,2024-08-11,2024,8,2020s,0.781,0.465,-7.564,0.0921,0.659,0.081,0.0,0.386,72.397,4,1,5,13.77,Medium popularity
Darling Jesus,"S.O.N Music, Neeja",gospel,57,2023-08-25,2023,8,2020s,0.688,0.772,-9.39,0.274,0.785,0.103,0.000258,0.201,112.891,4,1,9,2.02,Medium popularity
B'Ola - Honour,Sunmisola Agbebi,gospel,53,2023-05-19,2023,5,2020s,0.555,0.303,-4.734,0.0719,0.284,0.0323,0.0,0.736,148.166,4,1,9,5.41,Medium popularity
Worthy of My Praise,"Dunsin Oyekan, Lawrence Oyor",gospel,56,2024-04-12,2024,4,2020s,0.82,0.422,-5.148,0.617,0.331,0.0444,0.00174,0.00432,144.058,4,1,10,13.48,Medium popularity
Gratitude,Anendlessocean,gospel,52,2023-12-01,2023,12,2020s,0.524,0.579,-7.764,0.11,0.787,0.0584,0.0,0.296,81.999,4,1,10,4.58,Medium popularity
Look what you've done,Greatman Takit,gospel,42,2022-12-02,2022,12,2020s,0.61,0.313,-9.305,0.0889,0.273,0.0383,0.0,0.295,139.456,4,1,4,8.8,Medium popularity
Yeshua - Live,Jesus Image,gospel,58,2022-04-15,2022,4,2020s,0.534,0.168,-7.976,0.564,0.115,0.0384,0.197,0.115,137.092,4,1,6,11.95,Medium popularity
Worship Medley I,Okunade Adedeji,gospel,36,2023-10-20,2023,10,2020s,0.713,0.419,-8.021,0.16,0.396,0.0848,0.0,0.465,153.999,4,1,7,16.24,Low popularity
Another One (feat. Chris Brown),"Elevation Worship, Chris Brown",gospel,54,2024-02-09,2024,2,2020s,0.754,0.43,-7.088,0.567,0.12,0.0619,0.0,0.00463,137.762,4,1,2,6.54,Medium popularity
PRAYER (ADURA),Biola Yakubu,gospel,33,2024-03-21,2024,3,2020s,0.642,0.53,-7.103,0.13,0.387,0.05,1.99e-06,0.171,149.791,4,1,11,5.09,Low popularity
Bigger - odogwu,Prinx Emmanuel,gospel,48,2023-08-18,2023,8,2020s,0.525,0.858,-13.455,0.365,0.469,0.374,0.000293,0.616,112.944,4,0,2,2.93,Medium popularity
Worship Medley II,Okunade Adedeji,gospel,32,2023-10-20,2023,10,2020s,0.742,0.333,-9.271,0.483,0.389,0.117,0.0,0.109,159.983,4,0,1,20.68,Low popularity
In The Room (feat. Tasha Cobbs Leonard),"Maverick City Music, Naomi Raine, Chandler Moore, Tasha Cobbs Leonard",gospel,44,2023-10-27,2023,10,2020s,0.829,0.472,-4.615,0.255,0.342,0.0634,0.0,0.0991,103.792,4,1,11,9.96,Medium popularity
Turn It Up / No Longer a Slave / Made a Way / Ekwueme (Medley) [Live],Big Bolaji,gospel,31,2020-05-14,2020,5,2020s,0.836,0.656,-4.44,0.143,0.612,0.201,0.0,0.0186,130.627,4,1,5,22.59,Low popularity
Praise Combo,Olamilekan Akamo,gospel,30,2023-09-24,2023,9,2020s,0.898,0.779,-4.589,0.182,0.675,0.085,0.142,0.022,132.027,4,1,8,17.23,Low popularity
Altar (Hosanna),"Oba Reengy, Limoblaze, Gaise Baba",gospel,41,2024-01-26,2024,1,2020s,0.785,0.718,-8.343,0.0807,0.471,0.0516,0.000666,0.118,113.012,4,1,7,2.87,Medium popularity
Praise Fest 1.0,Blessing Lopez,gospel,37,2023-11-13,2023,11,2020s,0.897,0.725,-3.521,0.311,0.707,0.123,1.23e-06,0.487,124.92,4,0,11,13.15,Low popularity
Today,Ibquake,gospel,33,2023-08-30,2023,8,2020s,0.477,0.651,-12.015,0.235,0.263,0.547,0.0,0.682,69.982,4,0,9,1.37,Low popularity
Kelechi,Mazi Floss,gospel,28,2023-12-08,2023,12,2020s,0.81,0.682,-5.25,0.157,0.867,0.069,0.0,0.235,93.068,3,1,11,3.1,Low popularity
Oil on My Head,Eben,gospel,50,2022-12-01,2022,12,2020s,0.929,0.813,-4.813,0.0922,0.855,0.163,0.0,0.156,127.003,4,1,7,3.59,Medium popularity
"My Daddy, My Daddy - Live at AiiiH - As It Is In Heaven","Sunmisola Agbebi, Lawrence Oyor",gospel,46,2022-12-23,2022,12,2020s,0.604,0.264,-6.828,0.381,0.155,0.0436,0.00146,0.0221,125.085,4,1,0,13.54,Medium popularity
OLÙGBÈJÀ,"Veekee James, Shallom Matthew, OBA",gospel,37,2023-09-29,2023,9,2020s,0.802,0.26,-5.649,0.489,0.377,0.137,0.0,0.013,80.872,3,1,10,14.8,Low popularity
I Get Backing,Victoria Orenze,gospel,50,2022-09-30,2022,9,2020s,0.86,0.4,-4.899,0.108,0.434,0.0533,5.69e-06,0.139,143.586,4,1,8,9.1,Medium popularity
Ifunanya,"Prinx Emmanuel, Limoblaze",gospel,43,2023-01-30,2023,1,2020s,0.496,0.591,-8.431,0.332,0.295,0.339,1.07e-06,0.501,89.853,4,0,2,3.64,Medium popularity
Obinasom,Mercy Chinwo,gospel,48,2020-07-03,2020,7,2020s,0.641,0.509,-4.837,0.117,0.44,0.073,0.0,0.455,80.052,4,1,11,5.01,Medium popularity
"Breathe (feat. Jonathan McReynolds, DOE & Mav City Gospel Choir) - Studio Version","Maverick City Music, Chandler Moore, Jonathan McReynolds, DOE, Mav City Gospel Choir",gospel,47,2022-02-11,2022,2,2020s,0.612,0.311,-5.944,0.113,0.117,0.038,0.0,0.00377,148.008,4,1,1,5.44,Medium popularity
Daaku,"Young Stunners, Bohemia",hip-hop,17,2024-10-01,2024,10,2020s,0.868,0.777,-6.726,0.511,0.486,0.129,0.0,0.381,127.939,4,1,5,2.77,Low popularity
Joota Japani,"KR$NA, Mukesh, Shankar Jaikishan",hip-hop,41,2024-01-17,2024,1,2020s,0.864,0.787,-4.665,0.107,0.877,0.0926,8.97e-05,0.232,129.933,4,1,7,2.58,Medium popularity
3:59 AM,DIVINE,hip-hop,62,2020-12-03,2020,12,2020s,0.588,0.669,-6.902,0.179,0.237,0.339,0.0,0.177,97.026,4,1,2,4.54,Medium popularity
Payal,"Yo Yo Honey Singh, Paradox",hip-hop,66,2024-08-26,2024,8,2020s,0.663,0.819,-6.976,0.202,0.736,0.1,0.00012,0.643,98.022,4,0,10,3.78,Medium popularity
Khatta Flow,"Seedhe Maut, KR$NA",hip-hop,61,2023-08-19,2023,8,2020s,0.737,0.858,-7.077,0.117,0.717,0.266,0.0,0.284,140.055,4,1,9,2.54,Medium popularity
Illegal,Dhanda Nyoliwala,hip-hop,60,2024-10-19,2024,10,2020s,0.703,0.816,-7.642,0.12,0.591,0.322,0.0,0.121,90.012,4,1,9,2.89,Medium popularity
I Guess,KR$NA,hip-hop,59,2022-10-26,2022,10,2020s,0.905,0.83,-5.018,0.153,0.926,0.237,0.0,0.172,137.953,4,0,8,3.1,Medium popularity
Murder,"Real Boss, BIG KAY SMG",hip-hop,65,2022-10-21,2022,10,2020s,0.568,0.928,-4.022,0.129,0.513,0.315,0.0,0.182,95.251,4,1,0,3.05,Medium popularity
100 Million,"DIVINE, Karan Aujla",hip-hop,58,2024-01-18,2024,1,2020s,0.837,0.598,-4.83,0.191,0.893,0.299,1.83e-06,0.185,85.075,4,0,10,3.21,Medium popularity
12 Bande,Varinder Brar,hip-hop,67,2021-10-11,2021,10,2020s,0.693,0.706,-5.502,0.346,0.838,0.259,0.0,0.0123,141.794,4,1,0,3.41,Medium popularity
love lost,"Umair, Talha Anjum",hip-hop,64,2024-08-08,2024,8,2020s,0.46,0.636,-8.036,0.114,0.474,0.306,0.0,0.745,149.909,4,0,3,3.01,Medium popularity
Afsanay,"Young Stunners, Talha Anjum, Talhah Yunus",hip-hop,62,2021-03-29,2021,3,2020s,0.456,0.816,-8.281,0.189,0.534,0.569,0.0,0.529,95.992,4,0,9,5.72,Medium popularity
Laado,"MC SQUARE, Hiten",hip-hop,62,2023-08-30,2023,8,2020s,0.548,0.871,-8.912,0.12,0.652,0.186,0.000157,0.669,129.972,4,1,2,2.48,Medium popularity
Downers At Dusk,"Talha Anjum, Umair",hip-hop,59,2023-02-18,2023,2,2020s,0.447,0.856,-7.86,0.108,0.391,0.102,0.0,0.744,120.069,4,1,9,4.27,Medium popularity
Ektarfa,King,hip-hop,60,2022-05-20,2022,5,2020s,0.472,0.748,-9.266,0.102,0.364,0.125,1.1e-05,0.596,149.97,4,0,0,3.85,Medium popularity
Drippy,"Sidhu Moose Wala, Mxrci, AR Paisley",hip-hop,64,2024-02-02,2024,2,2020s,0.644,0.749,-6.558,0.12,0.446,0.336,0.0,0.0435,150.015,4,1,9,3.25,Medium popularity
Takeover,"AP Dhillon, Gurinder Gill, Money Musik, AR Paisley",hip-hop,58,2020-12-23,2020,12,2020s,0.752,0.788,-3.823,0.61,0.236,0.0843,0.0,0.0711,140.032,4,1,1,3.49,Medium popularity
Haryana Hood,Irshad Khan,hip-hop,65,2022-12-27,2022,12,2020s,0.622,0.715,-6.318,0.253,0.644,0.213,0.0,0.237,144.005,4,0,8,3.52,Medium popularity
Rubicon Drill,"Laddi Chahal, Parmish Verma, Gurlez Akhtar",hip-hop,67,2022-11-16,2022,11,2020s,0.745,0.868,-5.82,0.431,0.762,0.268,0.000342,0.187,139.9,4,0,11,3.14,Medium popularity
Kaun Talha,"Talha Anjum, Umair",hip-hop,58,2024-06-10,2024,6,2020s,0.558,0.683,-7.947,0.128,0.362,0.313,1.66e-05,0.0561,112.617,5,1,8,4.49,Medium popularity
An Irish Pub Song,The Rumjacks,punk,50,2010-09-22,2010,9,2010s,0.848,0.63,-3.463,0.37,0.738,0.0373,3.99e-06,0.075,147.009,4,1,2,3.37,Medium popularity
What's Left of the Flag,Flogging Molly,punk,49,2002-03-19,2002,3,2000s,0.957,0.209,-4.336,0.315,0.578,0.0921,3.38e-05,0.00306,155.06,4,1,7,3.65,Medium popularity
My Son John,Smokey Bastard,punk,49,2011-02-16,2011,2,2010s,0.506,0.828,-10.297,0.318,0.897,0.485,0.0,0.87,113.77,3,0,5,1.68,Medium popularity
The Cruel Wars,The Dreadnoughts,punk,47,2011-06-08,2011,6,2010s,0.482,0.83,-9.063,0.131,0.741,0.202,0.0,0.767,104.717,4,1,3,3.13,Medium popularity
Rose Tattoo,Dropkick Murphys,punk,59,2013-01-08,2013,1,2010s,0.912,0.323,-2.059,0.373,0.609,0.0425,0.0,0.0219,108.084,4,0,9,5.11,Medium popularity
Arrive On St. Patrick's Day,Sir Reg,punk,45,2010-04-06,2010,4,2010s,0.957,0.581,-2.324,0.367,0.961,0.04,3.68e-06,0.119,144.889,4,0,9,3.28,Medium popularity
Salty Dog,Flogging Molly,punk,48,2000-03-07,2000,3,2000s,0.934,0.373,-6.581,0.398,0.776,0.085,0.000184,0.00742,79.949,4,1,7,2.36,Medium popularity
A Fistful O' Roses,The Rumjacks,punk,44,2016-08-05,2016,8,2010s,0.973,0.405,-2.835,0.157,0.81,0.0485,0.0495,0.00292,151.18,4,1,7,4.79,Medium popularity
Drunken Sailor,Blaggards,punk,43,2005-01-01,2005,1,2000s,0.752,0.461,-8.738,0.116,0.897,0.0606,0.00043,0.0211,141.085,4,1,7,2.64,Medium popularity
The State Of Massachusetts,Dropkick Murphys,punk,55,2007-09-18,2007,9,2000s,0.967,0.398,-3.232,0.18,0.611,0.0611,5.71e-06,0.000945,111.676,4,0,2,3.87,Medium popularity
Fight Song,The Stanfields,punk,43,2015-09-18,2015,9,2010s,0.903,0.461,-6.124,0.0825,0.828,0.0436,0.00623,0.00538,149.881,4,1,2,2.79,Medium popularity
The Worst Day Since Yesterday,Flogging Molly,punk,44,2000-03-07,2000,3,2000s,0.489,0.347,-7.662,0.221,0.361,0.0341,2.09e-06,0.287,136.16,4,1,2,3.65,Medium popularity
"Cheer Up Love (Worse Things Happen at Sea), Pt. 3",Smokey Bastard,punk,42,2011-02-16,2011,2,2010s,0.906,0.576,-5.483,0.393,0.801,0.0744,0.0,0.0507,89.963,4,0,6,2.53,Medium popularity
How To Fly,Sticky Fingers,reggae,67,2013-03-08,2013,3,2010s,0.644,0.677,-9.337,0.106,0.536,0.0971,0.00178,0.161,151.065,4,0,8,3.37,Medium popularity
Smokin' Love (with Collie Buddz),"Stick Figure, Collie Buddz",reggae,65,2015-11-13,2015,11,2010s,0.624,0.763,-7.454,0.104,0.851,0.0736,0.00131,0.408,82.524,4,0,7,3.57,Medium popularity
Doin' Time,Sublime,reggae,66,1996-07-30,1996,7,1990s,0.757,0.708,-5.121,0.17,0.552,0.0791,0.0,0.0362,80.976,4,1,7,4.23,Medium popularity
Love Me Easy,"ANORA, Stick Figure, Walshy Fire",reggae,49,2022-03-04,2022,3,2020s,0.651,0.677,-7.245,0.198,0.434,0.0538,0.0327,0.0706,85.091,4,0,1,2.83,Medium popularity
That's Not True,"Skip Marley, Damian Marley",reggae,50,2020-08-28,2020,8,2020s,0.728,0.71,-4.736,0.145,0.859,0.0873,0.0,0.153,133.999,4,0,6,3.48,Medium popularity
Falling Down (with Nick Hexum of 311),"Tropidelic, 311",reggae,48,2022-08-05,2022,8,2020s,0.771,0.655,-4.606,0.0825,0.703,0.0334,0.0,0.0924,139.989,4,1,0,3.3,Medium popularity
This Joint,Slightly Stoopid,reggae,50,2005-04-19,2005,4,2000s,0.726,0.781,-5.733,0.0764,0.961,0.102,0.00204,0.241,74.995,4,0,10,4.13,Medium popularity
Warning (feat. Stick Figure),"Pepper, Stick Figure",reggae,50,2019-06-28,2019,6,2010s,0.527,0.801,-7.191,0.131,0.52,0.118,0.118,0.0192,76.022,4,0,1,3.87,Medium popularity
Feeling Good,Dirty Heads,reggae,45,2016-07-15,2016,7,2010s,0.803,0.624,-4.704,0.361,0.846,0.0343,2.15e-06,0.0154,96.014,4,1,0,3.36,Medium popularity
Gold Snafu,Sticky Fingers,reggae,60,2014-08-01,2014,8,2010s,0.849,0.66,-5.97,0.0878,0.839,0.029,0.000107,0.00458,102.003,4,1,0,3.65,Medium popularity
World on Fire (feat. Slightly Stoopid),"Stick Figure, Slightly Stoopid",reggae,62,2019-08-30,2019,8,2010s,0.538,0.869,-6.239,0.162,0.742,0.0437,0.128,0.333,141.017,4,0,2,3.98,Medium popularity
Sounds Of Summer (with Slightly Stoopid),"The Movement, Slightly Stoopid",reggae,50,2022-07-29,2022,7,2020s,0.65,0.674,-6.021,0.0953,0.793,0.213,6.21e-05,0.0323,77.6,4,1,9,3.69,Medium popularity
Guajira Linda,"Putumayo, Cuba Quartet",jazz,37,2024-01-12,2024,1,2020s,0.392,0.774,-12.751,0.0669,0.963,0.0669,0.947,0.406,117.644,4,0,7,1.19,Low popularity
Congo Mulence,"Machito & His Orchestra, Candido Camero, Paul Cohen, Curtis Fuller, Joe Newman, Herbie Mann, Cannonball Adderley, Doc Cheatham",jazz,31,2011-04-05,2011,4,2010s,0.477,0.802,-12.882,0.112,0.785,0.0608,0.728,0.823,117.403,4,1,5,3.01,Low popularity
Jive Samba,Los Poboycitos,jazz,29,2020-10-23,2020,10,2020s,0.531,0.707,-9.62,0.0762,0.947,0.0378,0.724,0.0172,123.195,4,0,0,2.6,Low popularity
El Sabroson,Poncho Sanchez,jazz,34,1991-01-01,1991,1,1990s,0.449,0.634,-13.302,0.318,0.791,0.0432,0.151,0.565,120.753,4,0,2,5.23,Low popularity
Adios Guajira,Jesús Alejandro El Niño,jazz,29,2022-07-29,2022,7,2020s,0.485,0.847,-10.652,0.12,0.696,0.0341,0.000248,0.472,120.001,4,1,10,4.11,Low popularity
Cha Cha Cha,Tito Puente,jazz,32,1990-01-01,1990,1,1990s,0.379,0.7,-12.316,0.229,0.545,0.0351,0.19,0.8,122.509,4,0,2,6.63,Low popularity
La Melodía,"Putumayo, Guaschara",jazz,31,2024-02-23,2024,2,2020s,0.589,0.857,-6.889,0.0993,0.925,0.044,0.000607,0.612,120.005,4,0,0,4.82,Low popularity
Bessoka - Version Courte,Manu Dibango,jazz,28,2022-07-29,2022,7,2020s,0.47,0.779,-12.726,0.15,0.678,0.0362,0.703,0.581,103.728,4,0,7,3.46,Low popularity
Hægt en bítandi,Tómas R. Einarsson,jazz,32,2003-01-01,2003,1,2000s,0.423,0.799,-10.155,0.245,0.852,0.039,0.746,0.275,127.942,4,1,2,2.84,Low popularity
Requiem de l'Amour,Mel Malonga,jazz,27,2022-07-29,2022,7,2020s,0.412,0.73,-13.887,0.0724,0.75,0.0389,0.00192,0.757,140.046,4,0,7,4.06,Low popularity
Chan Chan,Armando Garzon,jazz,30,2017-05-26,2017,5,2010s,0.605,0.662,-10.289,0.0852,0.576,0.0458,0.0128,0.0323,154.781,4,1,7,6.48,Low popularity
Píntame un Son,"Putumayo, Dany Martinez & His Charanga",jazz,28,2023-09-14,2023,9,2020s,0.67,0.716,-9.614,0.304,0.97,0.0646,0.00293,0.512,163.227,4,0,7,4.2,Low popularity
Condena,"Francisco Canaro, Roberto Maida",latin,19,2016-04-26,2016,4,2010s,0.209,0.662,-12.024,0.0964,0.807,0.0979,0.0975,0.864,128.222,4,1,6,2.68,Low popularity
La Maleva,"Francisco Canaro, Orquesta Francisco Canaro",latin,14,2014-08-08,2014,8,2010s,0.356,0.524,-6.831,0.332,0.696,0.0419,0.527,0.889,134.7,4,1,5,2.75,Low popularity
Mi Dolor,Alfredo De Angelis,latin,14,2009-04-16,2009,4,2000s,0.399,0.645,-9.095,0.245,0.849,0.0322,0.173,0.811,121.014,4,0,2,2.85,Low popularity
Bahia Blanca,Carlos Di Sarli,latin,21,2012-05-11,2012,5,2010s,0.266,0.463,-11.204,0.111,0.54,0.0326,0.807,0.849,116.479,4,0,6,2.76,Low popularity
A la Gran Muñeca,Alberto Di Paulo,latin,15,2015-07-15,2015,7,2010s,0.281,0.511,-8.761,0.104,0.528,0.0284,0.877,0.911,112.087,4,1,9,2.89,Low popularity
Yunta de Oro,Color Tango,latin,23,2005-03-22,2005,3,2000s,0.257,0.527,-9.949,0.108,0.488,0.038,0.53,0.742,117.325,4,0,0,3.41,Low popularity
Buscándote,Romántica Milonguera,latin,26,2017-04-28,2017,4,2010s,0.359,0.53,-8.459,0.114,0.724,0.037,0.0014,0.783,121.875,4,1,7,2.93,Low popularity
Oigo Tu Voz,Romántica Milonguera,latin,26,2017-04-28,2017,4,2010s,0.339,0.593,-6.827,0.177,0.602,0.0501,0.00106,0.837,123.064,4,0,0,3.25,Low popularity
To Vals Tou Gamou - Remastered,Orchestra Eleni Karaindrou,latin,40,2006-04-14,2006,4,2000s,0.244,0.36,-14.016,0.101,0.538,0.0397,0.0,0.297,157.413,3,0,11,4.25,Medium popularity
Iko Iko,The Dixie Cups,world,51,2006-12-13,2006,12,2000s,0.664,0.914,-10.437,0.168,0.946,0.229,0.000186,0.431,101.9,4,0,9,2.11,Medium popularity
La danse de Mardi Gras,The Balfa Brothers,world,33,1990-07-18,1990,7,1990s,0.264,0.56,-16.773,0.43,0.916,0.0325,0.0,0.531,90.895,4,1,7,2.37,Low popularity
Sunrise,Tab Benoit,world,39,2011-01-01,2011,1,2010s,0.377,0.7,-7.258,0.0807,0.319,0.0468,0.189,0.201,96.105,3,1,0,3.76,Low popularity
I'm Coming Home (To See My Mother),Clifton Chenier,world,26,2003-01-01,2003,1,2000s,0.428,0.307,-8.418,0.125,0.403,0.0334,0.0,0.0578,67.559,4,0,2,3.33,Low popularity
Put n' Work,Chris Ardoin,world,30,2014-02-25,2014,2,2010s,0.778,0.693,-7.807,0.0327,0.976,0.038,0.00193,0.11,149.956,4,0,1,4.13,Low popularity
My Toot Toot,Rockin' Sidney,world,26,1991-02-13,1991,2,1990s,0.649,0.789,-10.496,0.0997,0.973,0.055,2.17e-06,0.29,167.366,4,1,5,3.83,Low popularity
Overcome,"Keith Frank, The Soileau Zydeco Band",world,26,2009-05-26,2009,5,2000s,0.89,0.76,-5.152,0.118,0.931,0.0563,0.00189,0.115,77.278,4,1,7,4.82,Low popularity
Beast Of Burden,Buckwheat Zydeco,world,23,1990-01-01,1990,1,1990s,0.393,0.414,-12.353,0.155,0.517,0.033,1.55e-06,0.215,172.226,3,1,2,3.71,Low popularity
I Got Loaded,Lil' Bob & the Lollipops,world,31,1991-06-17,1991,6,1990s,0.33,0.536,-13.939,0.531,0.961,0.0398,0.845,0.822,177.976,4,1,7,2.49,Low popularity
Valse a Bamboula,Latché Swing,world,40,2014-02-14,2014,2,2010s,0.337,0.776,-7.236,0.189,0.734,0.0505,0.931,0.96,96.059,4,0,2,2.36,Medium popularity
Amor del Bajo Corrales,Cafe Accordion Orchestra,world,44,1996-01-01,1996,1,1990s,0.384,0.436,-13.446,0.155,0.704,0.0326,0.823,0.505,145.408,3,1,9,3.47,Medium popularity
Lucciola,Patrick Saussois,world,40,1996-03-01,1996,3,1990s,0.34,0.85,-12.183,0.115,0.781,0.0454,0.869,0.807,121.01,4,1,9,2.46,Medium popularity
Quel temps fait-il à Paris ?,Gus Viseur,world,29,2002-01-01,2002,1,2000s,0.0987,0.497,-18.567,0.244,0.412,0.0442,0.891,0.989,78.926,4,1,7,1.72,Low popularity
Il battagliero - Valzer,Riccardo Tesi,world,30,1997-01-01,1997,1,1990s,0.675,0.804,-8.997,0.108,0.821,0.0584,0.75,0.792,105.138,4,1,5,2.62,Low popularity
Fiesta de negritos - Remastered,Lucho Bermúdez,world,48,2023-12-31,2023,12,2020s,0.619,0.6,-10.252,0.067,0.889,0.0556,0.000146,0.0982,99.444,4,0,9,2.53,Medium popularity
To Nie Vetier,Stars Of St. Petersburg,world,29,2012-02-07,2012,2,2010s,0.338,0.368,-11.419,0.109,0.202,0.0283,0.924,0.872,105.677,4,0,6,2.98,Low popularity
Poso Lipame - Remix,"Sofia Vebo, Imam Baildi",world,29,2007-01-01,2007,1,2000s,0.394,0.696,-7.454,0.0992,0.543,0.0902,0.0194,0.0554,82.643,4,0,1,4.3,Low popularity
A Vaibele A Tsnien,Dave Tarras,world,11,2005-06-20,2005,6,2000s,0.394,0.436,-7.924,0.547,0.829,0.102,0.0,0.961,197.358,4,1,11,2.73,Low popularity
Paris au mois de Septembre,Tatiana Eva-Marie,world,23,2019-07-14,2019,7,2010s,0.309,0.62,-14.296,0.1,0.595,0.0414,0.0376,0.91,131.552,4,1,10,3.22,Low popularity
La Zingara,Cafe Accordion Orchestra,world,26,2013-01-02,2013,1,2010s,0.478,0.472,-5.847,0.226,0.724,0.0313,0.213,0.617,142.934,3,0,9,3.31,Low popularity
Say What,"Rampa, Adam Port, &ME, chuala, Keinemusik",electronic,60,2024-10-25,2024,10,2020s,0.721,0.756,-9.453,0.225,0.571,0.0405,0.251,0.0965,119.995,4,1,7,3.03,Medium popularity
Gabriel,"Hydawai, CMC$, Benji (UK)",electronic,63,2024-06-28,2024,6,2020s,0.851,0.669,-5.008,0.118,0.0825,0.0383,0.0377,0.0913,122.971,4,0,10,3.28,Medium popularity
CORAÇAO - 20th Anniversary Mix,"Jerry Ropero, HUGEL, Mijangos, Jesús Fernández",electronic,63,2024-08-09,2024,8,2020s,0.865,0.764,-6.907,0.0617,0.177,0.109,0.722,0.0118,125.997,4,0,6,2.93,Medium popularity
Another Life - Marten Lou Remix,"Naomi Sharon, Marten Lou",electronic,61,2023-08-24,2023,8,2020s,0.826,0.642,-5.247,0.092,0.501,0.0522,0.727,0.00406,121.009,4,0,11,5.05,Medium popularity
La Verdolaga (feat. Totó La Momposina),"HUGEL, Totó La Momposina",electronic,62,2024-06-28,2024,6,2020s,0.954,0.772,-6.176,0.193,0.396,0.0801,0.521,0.00444,123.943,4,1,4,2.52,Medium popularity
Gorah,"Nitefreak, Emmanuel Jal",electronic,67,2023-11-03,2023,11,2020s,0.755,0.597,-7.341,0.205,0.114,0.0336,0.885,0.000135,120.036,4,0,1,4.1,Medium popularity
Pasilda - Knee Deep Mix,"Afro Medusa, Knee Deep",electronic,64,1999-01-29,1999,1,1990s,0.783,0.714,-5.979,0.0841,0.539,0.0383,0.881,0.000178,127.01,4,0,5,3.49,Medium popularity
Papi (Bhabi),Eden Shalev,electronic,59,2022-12-02,2022,12,2020s,0.656,0.672,-8.313,0.0756,0.338,0.0426,0.538,0.000577,119.003,4,1,8,5.77,Medium popularity
Nothing On Me,"Maz, APACHE (FR), MAXI MERAKI, Tabia",electronic,59,2023-07-14,2023,7,2020s,0.745,0.692,-7.785,0.131,0.302,0.0519,0.879,0.00184,122.015,4,0,6,4.04,Medium popularity
Makeda,Alice DiMar,electronic,57,2024-08-02,2024,8,2020s,0.739,0.578,-9.019,0.148,0.123,0.0312,0.634,0.000969,122.986,4,1,7,4.0,Medium popularity
Andalucia,"HUGEL, GROSSOMODDO",electronic,62,2024-05-31,2024,5,2020s,0.812,0.662,-7.719,0.234,0.0977,0.0451,0.763,0.00396,119.994,4,0,1,3.82,Medium popularity
Baiana - Radio Edit,Space Motion,electronic,56,2024-02-16,2024,2,2020s,0.873,0.735,-3.971,0.348,0.348,0.0459,0.164,0.00273,121.999,4,1,2,3.48,Medium popularity
Hey Hey - Jack Back Remix,"Dennis Ferrer, Jack Back, David Guetta",electronic,55,2024-02-02,2024,2,2020s,0.777,0.672,-7.994,0.0751,0.446,0.0443,0.174,0.00535,122.021,4,0,1,2.49,Medium popularity
Ode Ireti - Nitefreak Remix,"&friends, Nitefreak, eL-Jay, Oluwadamvic",electronic,59,2022-10-07,2022,10,2020s,0.708,0.675,-7.42,0.0898,0.586,0.0325,0.0841,0.0132,119.988,4,0,8,4.0,Medium popularity
Sawa,"Ahmed Spins, Idd Aziz",electronic,51,2020-07-10,2020,7,2020s,0.714,0.696,-9.122,0.137,0.067,0.0547,0.00837,0.0991,123.946,4,1,5,4.79,Medium popularity
Yumi - edit,Notre Dame,electronic,50,2023-06-23,2023,6,2020s,0.811,0.645,-6.177,0.0983,0.196,0.0284,0.377,0.00822,122.013,4,0,5,3.29,Medium popularity
Milkshake 20 - Alex Wann Remix,"Kelis, Alex Wann",electronic,63,2023-09-12,2023,9,2020s,0.901,0.625,-9.194,0.148,0.12,0.0429,0.929,0.486,118.006,4,1,10,2.95,Medium popularity
Banho de Folhas - Maz Remix,"Luedji Luna, Maz",electronic,59,2022-04-06,2022,4,2020s,0.914,0.754,-8.151,0.0994,0.346,0.0413,0.764,0.0275,126.001,4,0,6,3.59,Medium popularity
Halele - Alex Wann Remix,"&friends, Samuel Cosmic, Oluwadamvic, Alex Wann",electronic,57,2023-10-27,2023,10,2020s,0.911,0.617,-7.846,0.0911,0.454,0.0496,0.231,0.161,119.998,4,0,7,3.8,Medium popularity
Somebody’s Watching Me,"ItsArius, Lynnic, Dinia",electronic,54,2024-07-26,2024,7,2020s,0.653,0.652,-9.869,0.138,0.0745,0.0704,0.0273,0.428,120.051,4,0,11,2.82,Medium popularity
It's Not Right - Radio Edit,"Gianni Romano, Emanuele Esposito, Helen Tesfazghi",electronic,50,2023-01-13,2023,1,2020s,0.726,0.7,-9.583,0.115,0.122,0.0358,0.046,0.132,122.978,4,1,1,3.25,Medium popularity
Your Voice - Adam Port Remix,"Caiiro, AWEN, Adam Port",electronic,63,2022-08-19,2022,8,2020s,0.816,0.701,-10.55,0.123,0.207,0.0355,0.413,0.0112,121.983,4,0,11,4.34,Medium popularity
Anchor Point,"Ahmed Spins, Stevo Atambire",electronic,66,2022-06-03,2022,6,2020s,0.794,0.679,-9.803,0.0928,0.389,0.0353,0.51,0.389,123.025,4,1,2,5.98,Medium popularity
Dancing Nihilist,Pathetic,electronic,48,2023-08-25,2023,8,2020s,0.878,0.521,-4.424,0.124,0.563,0.0273,0.000299,0.158,129.996,4,1,7,3.66,Medium popularity
Xtal,Aphex Twin,electronic,62,1992-02-10,1992,2,1990s,0.505,0.51,-13.053,0.117,0.318,0.0344,0.96,0.342,114.532,4,0,9,4.9,Medium popularity
̸ ̡ ҉ ҉.·๑ඕั ҉ ̸ ̡ ҉ ҉.·๑ඕั ҉ ̸ ̡ ҉ ҉.·๑ඕั ҉ ̸ ̡ ҉ ҉.·๑ඕั ҉ ̸ ̡ ҉ ҉.·๑ඕั ҉ ̸ ̡ ҉ ҉.·๑ඕั ҉ ̸ ̡ ҉ ҉.·๑ඕั ҉,⣎⡇ꉺლ༽இ•̛)ྀ◞ ༎ຶ ༽ৣৢ؞ৢ؞ؖ ꉺლ,electronic,35,2018-03-15,2018,3,2010s,0.8,0.655,-11.549,0.0927,0.108,0.0541,0.888,0.0337,121.873,4,0,11,6.04,Low popularity
Adrift,Yamaneko,electronic,37,2014-11-24,2014,11,2010s,0.128,0.571,-18.872,0.107,0.263,0.0422,0.955,0.949,129.995,4,1,7,2.0,Low popularity
awakenin,RAMZi,electronic,36,2022-11-28,2022,11,2020s,0.444,0.465,-23.11,0.123,0.957,0.0332,0.932,0.907,177.954,4,1,5,3.0,Low popularity
Night Arp Blues,Indian Wells,electronic,36,2020-10-22,2020,10,2020s,0.306,0.643,-18.385,0.0999,0.211,0.0504,0.909,0.958,120.024,4,0,10,4.03,Low popularity
Sink,7038634357,electronic,32,2022-09-22,2022,9,2020s,0.237,0.365,-28.82,0.106,0.796,0.0689,0.964,0.985,76.739,5,0,0,3.07,Low popularity
Red Curbs Loop (Stuff I Dream About),Teebs,electronic,32,2011-11-07,2011,11,2010s,0.665,0.265,-9.731,0.38,0.188,0.0472,0.855,0.107,179.42,3,1,8,2.07,Low popularity
Vizion - Centered,Machinedrum,electronic,35,2014-11-17,2014,11,2010s,0.404,0.254,-14.197,0.0789,0.112,0.0299,0.929,0.889,149.846,3,1,0,2.36,Low popularity
Memory Arc,Rival Consoles,electronic,48,2018-04-13,2018,4,2010s,0.204,0.126,-21.014,0.091,0.0393,0.0381,0.834,0.811,79.158,3,0,6,2.22,Medium popularity
Sol,Dinamarca,electronic,27,2018-06-15,2018,6,2010s,0.923,0.633,-3.974,0.113,0.199,0.0418,0.746,0.474,94.989,4,0,2,3.13,Low popularity
2008,Pathetic,electronic,46,2023-01-20,2023,1,2020s,0.914,0.525,-4.964,0.444,0.96,0.0283,0.926,0.00679,134.994,4,1,5,3.73,Medium popularity
Pulsewidth,Aphex Twin,electronic,55,1992-02-10,1992,2,1990s,0.486,0.765,-14.671,0.332,0.303,0.0724,0.876,0.42,119.319,4,1,1,3.8,Medium popularity
()vȯ)) ̷̨ʅ(۝ʅ(Ɵʅ():::()̵̳̗̊(Ɵʅ()vȯ)) ̷̨ʅ,⣎⡇ꉺლ༽இ•̛)ྀ◞ ༎ຶ ༽ৣৢ؞ৢ؞ؖ ꉺლ,electronic,37,2022-08-19,2022,8,2020s,0.93,0.852,-7.02,0.0573,0.236,0.209,0.494,0.0127,129.028,4,1,1,4.53,Low popularity
Heroine,Dimitri Vegas & Like Mike,electronic,59,2024-10-11,2024,10,2020s,0.988,0.508,-4.262,0.288,0.273,0.121,0.804,0.0933,79.147,4,1,1,2.05,Medium popularity
Falling In Love,"Hardwell, Outsiders",electronic,62,2024-10-11,2024,10,2020s,0.851,0.219,-3.706,0.0984,0.152,0.0534,0.132,0.1,159.957,4,1,8,3.03,Medium popularity
WELCOME 2 DA RECORDSHOP,Rooler,electronic,56,2024-11-07,2024,11,2020s,0.992,0.574,-2.363,0.229,0.41,0.327,0.0001,0.0129,159.991,4,0,11,2.56,Medium popularity
DON'T SLEEP,"Slaughterhouse, N-Vitral, Deadly Guns",electronic,61,2024-09-20,2024,9,2020s,0.898,0.531,-0.892,0.61,0.297,0.327,0.00012,0.0761,169.913,4,1,0,1.94,Medium popularity
The Age Of Love - Brennan Heart & ANDY SVGE Remix,"Age Of Love, Brennan Heart, ANDY SVGE",electronic,52,2024-11-01,2024,11,2020s,0.974,0.495,-2.801,0.369,0.316,0.0642,1.19e-06,0.000396,150.008,4,1,1,3.12,Medium popularity
New Perspective,"Frontliner, The Prophet",electronic,46,2024-11-15,2024,11,2020s,0.911,0.427,-1.028,0.18,0.227,0.0598,0.00525,0.0289,154.986,4,1,6,2.54,Medium popularity
Ride Or Die,"Ran-D, Rebelion",electronic,55,2024-11-07,2024,11,2020s,0.951,0.422,-1.785,0.111,0.263,0.397,0.0,0.00552,155.01,4,0,8,4.4,Medium popularity
Redemption & Rage,"Radical Redemption, Act of Rage, GLDY LX",electronic,53,2024-10-25,2024,10,2020s,0.935,0.529,-0.993,0.63,0.699,0.193,0.0,0.0279,157.992,1,1,8,2.34,Medium popularity
Off My Face,"Toneshifterz, Colin Hennerz, Audiofreq, Code Black, 3Blokes",electronic,41,2024-11-14,2024,11,2020s,0.895,0.695,-4.263,0.0452,0.776,0.0873,0.601,0.00125,154.999,4,0,9,2.79,Medium popularity
Do What I Wanna Do - Rave Mix,"LNY TNZ, Lil Jon",electronic,46,2024-10-18,2024,10,2020s,0.96,0.598,-1.194,0.247,0.0903,0.165,0.0,0.0273,156.952,4,1,5,2.55,Medium popularity
Defiance,"Wildstylez, Sound Rush",electronic,52,2024-10-25,2024,10,2020s,0.726,0.342,-6.274,0.102,0.155,0.0507,1.06e-06,0.00756,154.984,4,0,4,3.41,Medium popularity
Wanna Play?,The Prophet,electronic,60,2019-05-22,2019,5,2010s,0.996,0.569,-0.45,0.707,0.461,0.224,0.0114,0.198,100.02,3,1,5,3.36,Medium popularity
Drop That,Lil Texas,electronic,50,2024-10-25,2024,10,2020s,0.977,0.633,1.075,0.448,0.404,0.0513,0.000351,0.00131,92.5,4,1,2,2.08,Medium popularity
Live Forever,Headhunterz,electronic,57,2024-11-01,2024,11,2020s,0.877,0.337,-5.74,0.104,0.125,0.126,0.0306,0.00575,155.063,4,0,11,3.51,Medium popularity
Save Me,"Sub Zero Project, Rebelion",electronic,57,2024-10-03,2024,10,2020s,0.902,0.432,-5.566,0.124,0.211,0.0752,0.00748,0.00253,153.064,4,0,3,3.72,Medium popularity
Turn The Tide,"Felix Harrer, Jerome",electronic,60,2024-05-31,2024,5,2020s,0.917,0.584,-4.989,0.801,0.411,0.061,0.000481,0.0156,150.086,4,0,9,3.0,Medium popularity
Woops - Dimitri Vegas & Junkie Kid Remix,"Dj Bountyhunter, Dimitri Vegas, Junkie Kid",electronic,52,2024-10-18,2024,10,2020s,0.987,0.688,-6.85,0.116,0.276,0.0771,0.871,0.104,157.275,4,1,7,2.64,Medium popularity
Keep on Moving,Jordiz,electronic,59,2021-06-25,2021,6,2020s,0.95,0.497,-2.087,0.22,0.557,0.0336,0.000129,0.0699,150.024,4,1,10,3.01,Medium popularity
Crossover,"Da Tweekaz, Used, LePrince",electronic,53,2024-10-18,2024,10,2020s,0.966,0.402,-2.273,0.0809,0.781,0.0857,1.91e-05,0.00482,154.973,4,1,1,3.52,Medium popularity
Now We Are Free,"Brennan Heart, Timmy Trumpet, Blademasterz",electronic,55,2024-09-20,2024,9,2020s,0.682,0.237,-5.343,0.111,0.0856,0.048,0.872,0.00351,149.996,4,0,6,3.18,Medium popularity
Open Sesame (Abracadabra) - D-Block & S-te-Fan Remix,"Maddix, Leila K, D-Block & S-te-Fan",electronic,52,2024-05-03,2024,5,2020s,0.995,0.544,-2.918,0.642,0.0782,0.362,0.000336,0.0323,155.046,3,0,11,3.05,Medium popularity
TAKE ME AWAY,"Rooler, Sickmode, Paul Elstak",electronic,59,2024-05-23,2024,5,2020s,0.91,0.432,-3.902,0.772,0.249,0.0636,0.0838,0.000751,180.059,4,1,1,3.34,Medium popularity
Moonlight Shadow,"W&W, Groove Coverage",electronic,59,2021-11-26,2021,11,2020s,0.92,0.457,-4.309,0.133,0.39,0.102,3.43e-05,0.0137,145.176,4,1,5,2.99,Medium popularity
Ratata - Outsiders Remix,"La Fuente, Outsiders",electronic,58,2024-06-07,2024,6,2020s,0.991,0.624,-1.28,0.371,0.301,0.207,0.00169,0.00869,160.029,4,0,1,2.92,Medium popularity
Dangerous,"Basswell, So Juice",electronic,58,2024-04-19,2024,4,2020s,0.959,0.771,-0.75,0.321,0.361,0.37,0.213,0.129,159.97,4,1,4,2.12,Medium popularity
Hard Beat,"TNT, Darren Styles, Technoboy, Tuneboy",electronic,57,2024-07-11,2024,7,2020s,0.998,0.522,-3.728,0.375,0.124,0.262,0.564,0.000894,160.02,4,1,1,3.15,Medium popularity
Behind Enemy Lines,"Ran-D, D-Block & S-te-Fan",electronic,57,2024-10-25,2024,10,2020s,0.963,0.452,-2.786,0.426,0.154,0.114,3.39e-05,0.0164,154.974,4,0,4,3.71,Medium popularity
Weekend!,Jordiz,electronic,57,2021-03-26,2021,3,2020s,0.944,0.5,-1.975,0.638,0.404,0.0373,0.148,0.0378,150.065,4,1,8,3.12,Medium popularity
Burning Down,Dual Damage,electronic,56,2024-07-25,2024,7,2020s,0.97,0.533,-0.317,0.309,0.386,0.352,0.001,0.06,159.944,4,0,5,3.33,Medium popularity
DOWN DOWN,"Sickmode, Rooler",electronic,56,2022-12-08,2022,12,2020s,0.909,0.577,-3.746,0.957,0.929,0.279,0.0,0.141,159.898,4,1,6,3.44,Medium popularity
Hit The Floor,"Bloodlust, Holy Priest",electronic,56,2024-06-20,2024,6,2020s,0.993,0.599,-1.494,0.0654,0.182,0.28,0.00823,0.0894,159.915,4,1,11,2.82,Medium popularity
Gimme Bass,Outsiders,electronic,56,2022-10-27,2022,10,2020s,0.914,0.394,-3.048,0.335,0.0864,0.0856,0.000539,0.00732,154.955,4,0,9,2.74,Medium popularity
FCK DAT!,"Rooler, Kronos",electronic,56,2023-06-08,2023,6,2020s,0.98,0.445,-2.042,0.975,0.209,0.398,0.000473,0.00321,159.991,4,0,10,2.79,Medium popularity
Anadrol,Yosuf,electronic,56,2022-03-17,2022,3,2020s,0.966,0.3,-3.671,0.574,0.17,0.102,0.333,0.00106,89.72,4,1,7,2.33,Medium popularity
DLMD,"Darren Styles, TNT, Technoboy, Tuneboy",electronic,55,2020-04-16,2020,4,2020s,0.99,0.487,-2.282,0.331,0.161,0.094,0.843,0.000595,160.046,4,1,0,2.67,Medium popularity
I Like To Move It,"AXMO, le Shuuk, LePrince",electronic,55,2023-06-23,2023,6,2020s,0.905,0.509,-3.696,0.623,0.217,0.0661,5.54e-05,0.00573,149.965,4,0,0,2.3,Medium popularity
Rave Mozart,"W&W, Vini Vici",electronic,55,2024-05-03,2024,5,2020s,0.936,0.636,-6.463,0.164,0.141,0.32,0.925,0.0198,160.04,4,1,7,2.1,Medium popularity
Trip to Valhalla,Dr. Peacock,electronic,54,2021-02-19,2021,2,2020s,0.988,0.567,-2.879,0.149,0.0634,0.187,0.0351,0.0232,100.025,4,1,1,3.88,Medium popularity
Melody Of The World,"Dimitri Vegas & Like Mike, Loic D, Ronald-V",electronic,54,2024-09-06,2024,9,2020s,0.896,0.332,-4.649,0.379,0.173,0.226,0.0146,0.0218,165.054,4,0,11,2.53,Medium popularity
GO STUPID,Sickmode,electronic,54,2022-04-07,2022,4,2020s,0.864,0.557,-4.574,0.878,0.464,0.0702,0.0084,0.0151,160.04,4,0,11,3.62,Medium popularity
I Want It All,Da Tweekaz,electronic,54,2023-10-27,2023,10,2020s,0.925,0.498,-4.161,0.282,0.585,0.0653,0.0,0.0284,154.915,4,1,2,3.05,Medium popularity
I Like To Party,"AXMO, DJ Junior (TW)",electronic,54,2022-09-16,2022,9,2020s,0.803,0.553,-5.066,0.27,0.368,0.0973,1.06e-06,0.00232,154.952,4,0,6,2.66,Medium popularity
Come With Me,"W&W, Harris & Ford, Special D.",electronic,54,2022-07-08,2022,7,2020s,0.989,0.676,-2.731,0.311,0.553,0.13,0.0022,0.0442,145.019,4,1,8,2.69,Medium popularity
See You Tomorrow,Evgeny Grinko,classical,67,2021-10-29,2021,10,2020s,0.028,0.639,-29.729,0.116,0.4,0.039,0.397,0.971,130.02,3,0,6,1.52,Medium popularity
Camping,Jóhann Jóhannsson,classical,64,2014-11-04,2014,11,2010s,0.107,0.367,-20.273,0.107,0.146,0.0471,0.926,0.862,129.368,3,0,9,1.31,Medium popularity
Ultraviolet,James Heather,classical,62,2022-04-22,2022,4,2020s,0.0621,0.248,-31.174,0.144,0.0398,0.0362,0.873,0.988,68.537,5,1,5,1.56,Medium popularity
Dreamy,Hania Rani,classical,57,2023-02-17,2023,2,2020s,0.0696,0.495,-31.384,0.119,0.276,0.0296,0.898,0.96,95.193,3,0,7,3.0,Medium popularity
Reflections,Borrtex,classical,60,2019-12-15,2019,12,2010s,0.134,0.567,-25.988,0.107,0.0642,0.0339,0.921,0.99,134.986,4,0,9,2.29,Medium popularity
Beving: Ala,Joep Beving,classical,64,2021-08-06,2021,8,2020s,0.116,0.324,-22.841,0.113,0.299,0.0348,0.926,0.986,79.487,1,0,7,2.01,Medium popularity
Cornfield Chase - Piano-Cello Version,"Michael Forster, Anna Stevens",classical,55,2018-02-23,2018,2,2010s,0.216,0.325,-17.214,0.128,0.109,0.0352,0.861,0.977,99.635,3,0,9,2.07,Medium popularity
Le début du bonheur - Instrumental,Daprinski,classical,60,2017-07-12,2017,7,2010s,0.232,0.287,-15.804,0.108,0.47,0.0336,0.947,0.904,171.226,3,0,8,1.79,Medium popularity
Le Onde,Ludovico Einaudi,classical,55,1994-10-01,1994,10,1990s,0.154,0.242,-26.525,0.0964,0.0489,0.0564,0.897,0.975,123.077,3,1,2,5.4,Medium popularity
Upper Egypt & Lower Egypt - Medley,Pharoah Sanders,jazz,15,1993-01-01,1993,1,1990s,0.341,0.374,-17.532,0.105,0.288,0.0416,0.561,0.576,107.098,4,0,1,16.26,Low popularity
Mantra,Alice Coltrane,jazz,22,1996-01-01,1996,1,1990s,0.563,0.333,-11.324,0.118,0.158,0.0359,0.723,0.645,108.622,3,1,9,16.59,Low popularity
Been So Long,"Neon Vectors, Macross 82-99",funk,40,2023-01-20,2023,1,2020s,0.838,0.672,-10.685,0.116,0.812,0.0566,0.413,0.148,125.006,4,0,8,3.12,Medium popularity
FUTURE//PAST,Remlarr,funk,36,2023-06-23,2023,6,2020s,0.846,0.742,-7.296,0.536,0.481,0.276,0.0104,0.0296,122.433,4,0,10,4.35,Low popularity
Love,BarbWalters,funk,33,2023-07-14,2023,7,2020s,0.901,0.598,-5.332,0.704,0.656,0.367,0.335,0.00447,120.002,4,0,10,4.0,Low popularity
I'm Attached To You,ED.,funk,32,2023-05-19,2023,5,2020s,0.771,0.726,-7.76,0.568,0.251,0.206,0.0691,0.000145,125.021,4,1,1,3.86,Low popularity
Whatever Man,CHANCE デラソウル,funk,33,2023-06-02,2023,6,2020s,0.947,0.513,-6.678,0.386,0.36,0.572,0.0477,0.000598,123.825,4,0,5,3.1,Low popularity
Excuses - 2023 Remaster,"Tupperwave, Meltnet",funk,29,2023-04-11,2023,4,2020s,0.553,0.846,-7.653,0.0778,0.463,0.279,1.16e-06,0.392,101.018,4,0,11,3.03,Low popularity
HELLO TODAY!!,yuugen,funk,20,2022-01-07,2022,1,2020s,0.789,0.734,-8.474,0.559,0.652,0.359,0.00708,0.0345,139.918,4,1,1,2.79,Low popularity
They Should've Let Me Host Family Feud,Engelwood,funk,28,2023-07-07,2023,7,2020s,0.921,0.78,-7.219,0.666,0.823,0.248,0.87,0.00954,121.008,4,1,7,3.36,Low popularity
Fly with Me,サクラSAKURA-LEE,funk,37,2023-06-28,2023,6,2020s,0.835,0.88,-9.271,0.293,0.622,0.262,0.0,0.000374,119.002,4,0,4,2.83,Low popularity
So Sunny,SUPERCAT64 ビンクス猫,funk,31,2023-07-21,2023,7,2020s,0.581,0.936,-10.544,0.301,0.828,0.327,0.409,0.000779,123.952,4,0,11,2.81,Low popularity
Million Miles Away - Edit,"Vantage, Milk Talk",funk,31,2023-07-05,2023,7,2020s,0.846,0.685,-6.108,0.315,0.765,0.0385,0.00917,0.0154,108.01,4,0,1,3.53,Low popularity
Night Cross,"Zai Kowen, Brayan Rojitas",funk,27,2023-07-10,2023,7,2020s,0.732,0.732,-9.566,0.369,0.374,0.272,0.926,0.0011,128.05,4,0,6,2.78,Low popularity
There's Something,"Neon Vectors, Macross 82-99, Vantage",funk,31,2023-01-20,2023,1,2020s,0.893,0.649,-9.227,0.746,0.813,0.0492,0.62,0.00368,123.798,4,0,11,3.37,Low popularity
New Romantic (feat. Maki Nomiya),"Night Tempo, Maki Nomiya",funk,29,2023-05-31,2023,5,2020s,0.93,0.707,-8.479,0.134,0.964,0.054,0.44,0.114,123.982,4,0,3,3.22,Low popularity
Stasis,BarbWalters,funk,27,2023-07-14,2023,7,2020s,0.935,0.666,-4.99,0.465,0.822,0.371,0.000128,0.0334,118.022,4,0,10,3.32,Low popularity
Lvst,Flammy,funk,25,2023-07-04,2023,7,2020s,0.841,0.854,-7.504,0.173,0.139,0.0867,0.655,0.00753,108.082,4,1,7,2.15,Low popularity
Downtown,Kouek,funk,31,2023-07-07,2023,7,2020s,0.581,0.651,-8.5,0.529,0.681,0.432,0.138,0.00118,123.844,4,1,1,3.13,Low popularity
Nu Diskette,DUCAT,funk,25,2020-03-27,2020,3,2020s,0.628,0.679,-9.078,0.0622,0.744,0.0467,0.83,0.000978,120.013,4,1,1,3.48,Low popularity
Yuu-Huu,"Night Tempo, JEF",funk,28,2018-05-20,2018,5,2010s,0.864,0.773,-8.639,0.113,0.759,0.277,0.0505,0.0677,110.104,4,1,1,2.91,Low popularity
Green Path,Rhodes Rodosu,funk,29,2021-07-30,2021,7,2020s,0.719,0.71,-4.868,0.0675,0.857,0.133,0.00665,0.00155,115.0,4,1,4,3.1,Low popularity
Fun Tonight,Macross 82-99,funk,51,2015-10-21,2015,10,2010s,0.938,0.612,-7.253,0.329,0.595,0.0562,0.717,2.51e-05,129.994,4,0,10,2.71,Medium popularity
50//50 - Edit,Vantage,funk,46,2020-08-21,2020,8,2020s,0.676,0.809,-7.803,0.064,0.548,0.0498,0.879,0.0561,124.013,4,0,7,2.15,Medium popularity
Radiant Memories,TANUKI,funk,37,2018-06-30,2018,6,2010s,0.866,0.633,-6.025,0.184,0.825,0.11,0.835,0.00587,110.038,4,1,6,3.32,Low popularity
It's Good to See You Again!!,Adrianwave,funk,37,2016-06-09,2016,6,2010s,0.757,0.707,-9.052,0.108,0.905,0.316,0.000294,0.00345,124.986,4,1,1,3.9,Low popularity
City Nightlife - Original Mix,"architecture in tokyo, Macross 82-99",funk,35,2014-03-10,2014,3,2010s,0.937,0.53,-5.143,0.093,0.301,0.197,0.0408,0.0025,119.961,4,0,8,3.6,Low popularity
Starlight,Andora,funk,34,2021-07-21,2021,7,2020s,0.907,0.617,-4.58,0.103,0.607,0.0329,0.838,0.000245,128.012,4,0,0,3.06,Low popularity
Sunset On The Shore,Android Apartment,funk,34,2016-11-08,2016,11,2010s,0.689,0.696,-8.777,0.166,0.968,0.294,0.82,0.000325,125.941,4,0,5,2.86,Low popularity
Dolce Disco,Superflat,funk,25,2023-07-14,2023,7,2020s,0.923,0.738,-4.88,0.101,0.435,0.0414,0.916,0.173,115.984,4,1,10,5.11,Low popularity
Resonance - Slowed & Reverb,noturgf,electronic,62,2023-01-07,2023,1,2020s,0.457,0.652,-13.775,0.157,0.0733,0.0294,0.913,0.841,113.974,3,1,1,5.3,Medium popularity
SimpsonWave1995,FrankJavCee,electronic,65,2016-06-05,2016,6,2010s,0.375,0.661,-10.134,0.105,0.645,0.0432,0.555,0.0566,169.951,3,0,3,2.38,Medium popularity
Equinox,admo,electronic,52,2019-06-28,2019,6,2010s,0.515,0.671,-16.738,0.11,0.0984,0.0388,0.932,0.815,105.001,4,1,1,2.71,Medium popularity
School Rooftop - Slowed Down Version,"Hisohkah, WMD",electronic,62,2021-01-01,2021,1,2020s,0.255,0.74,-7.293,0.105,0.231,0.0534,0.894,0.275,142.568,4,1,10,3.23,Medium popularity
5:32pm,The Deli,electronic,59,2016-10-17,2016,10,2010s,0.181,0.686,-14.133,0.0772,0.647,0.049,0.934,0.652,86.393,4,1,1,2.28,Medium popularity
Goth (Slowed + Reverb),Sidewalks and Skeletons,electronic,67,2023-07-28,2023,7,2020s,0.599,0.377,-10.281,0.0857,0.0545,0.0293,0.475,0.00303,94.322,4,0,5,4.21,Medium popularity
Thelema,Øfdream,electronic,59,2017-10-20,2017,10,2010s,0.855,0.606,-8.923,0.082,0.422,0.0383,0.889,0.447,142.026,3,1,1,3.49,Medium popularity
aquatic ambience,Scizzie,electronic,57,2022-10-15,2022,10,2020s,0.118,0.251,-22.077,0.0988,0.049,0.0346,0.93,0.898,139.688,4,0,6,2.06,Medium popularity
Memory Reboot,"VØJ, Narvent",electronic,61,2023-09-01,2023,9,2020s,0.894,0.469,-6.341,0.125,0.456,0.0428,0.000194,0.00024,81.377,4,1,8,3.49,Medium popularity
distorted memories,"Øneheart, reidenshi",electronic,67,2022-07-01,2022,7,2020s,0.222,0.382,-24.021,0.0863,0.212,0.0325,0.901,0.929,75.048,4,0,8,1.84,Medium popularity
Suffocation,Crystal Castles,electronic,68,2010-01-01,2010,1,2010s,0.705,0.543,-5.779,0.21,0.163,0.0296,0.0341,0.00251,119.942,4,1,11,4.04,Medium popularity
Mbappe - Remix,"Eladio Carrion, Future",latin,47,2023-03-09,2023,3,2020s,0.68,0.729,-5.502,0.246,0.504,0.0762,0.0,0.219,130.019,4,1,7,3.96,Medium popularity
Full of Diamonds,YOVNGCHIMI,latin,37,2023-07-14,2023,7,2020s,0.721,0.596,-6.611,0.129,0.841,0.288,1.52e-05,0.829,138.591,4,1,3,4.4,Low popularity
Demasia’o de Grande,Tempo,latin,23,2024-03-29,2024,3,2020s,0.651,0.741,-7.241,0.972,0.36,0.299,0.0,0.154,139.927,4,0,11,3.13,Low popularity
6PM EN MALLORCA,Eladio Carrion,latin,50,2023-07-26,2023,7,2020s,0.541,0.662,-7.236,0.208,0.167,0.0663,0.0,0.449,140.021,4,1,6,2.41,Medium popularity
"Danger (with DJ Drama, G Herbo & Sugarhill Ddot)","YOVNGCHIMI, DJ Drama, G Herbo, Sugarhill Ddot",latin,31,2023-05-19,2023,5,2020s,0.648,0.593,-6.84,0.249,0.665,0.381,0.000273,0.233,140.819,4,1,2,3.87,Low popularity
Fulete,"Cazzu, Brray, Luar La L, Ankhal",latin,35,2023-04-13,2023,4,2020s,0.684,0.795,-4.413,0.087,0.571,0.206,1.65e-06,0.425,139.654,4,1,2,4.59,Low popularity
La 2blea,Anuel AA,latin,51,2022-09-30,2022,9,2020s,0.712,0.495,-6.509,0.318,0.386,0.18,0.0,0.414,143.989,4,0,10,5.43,Medium popularity
Los Palos,"De La Ghetto, Luar La L, YOVNGCHIMI",latin,39,2023-01-13,2023,1,2020s,0.801,0.829,-3.4,0.349,0.692,0.202,0.0,0.415,121.804,4,1,7,4.67,Low popularity
Bape (Remix),"Jovaan, KEVVO, Ñengo Flow, Brray, YOVNGCHIMI, Jon Z",latin,28,2022-07-01,2022,7,2020s,0.73,0.83,-5.616,0.242,0.734,0.326,0.0,0.187,140.041,4,0,10,6.04,Low popularity
REDBULL,"Eladio Carrion, Beny Jr",latin,49,2021-11-24,2021,11,2020s,0.559,0.801,-9.192,0.0956,0.755,0.39,0.0,0.502,140.083,4,0,6,3.21,Medium popularity
AL CAPONE,Eladio Carrion,latin,41,2021-06-25,2021,6,2020s,0.636,0.802,-7.35,0.124,0.482,0.303,4.25e-05,0.462,141.903,4,0,0,2.71,Medium popularity
Holy Shit - Remix,"Ankhal, JHAYCO",latin,41,2021-10-29,2021,10,2020s,0.659,0.689,-7.974,0.159,0.441,0.195,0.0,0.221,142.044,4,0,4,3.46,Medium popularity
IVIMA,"Shake Da Block, 0contactos",latin,18,2024-10-10,2024,10,2020s,0.49,0.87,-10.947,0.111,0.528,0.376,0.000257,0.0558,111.976,4,1,2,3.16,Low popularity
Verde Y Azul (feat. Piero47),"Pablo Chill-E, Piero47",latin,41,2023-03-29,2023,3,2020s,0.78,0.733,-5.986,0.335,0.558,0.33,0.0,0.459,139.849,4,1,9,2.4,Medium popularity
Dame Luz,Brytiago,latin,26,2023-05-18,2023,5,2020s,0.641,0.732,-7.627,0.112,0.747,0.253,5.57e-05,0.271,150.058,4,1,2,3.79,Low popularity
Wag1,Akapellah,latin,39,2022-10-23,2022,10,2020s,0.84,0.728,-4.575,0.0972,0.598,0.0813,0.0,0.164,141.958,4,1,2,1.95,Low popularity
PA' LA VUELTA,"Eladio Carrion, Morad",latin,46,2023-08-04,2023,8,2020s,0.624,0.467,-6.804,0.387,0.107,0.0552,0.0,0.101,154.992,4,0,11,3.73,Medium popularity
TATA - Remix,"Eladio Carrion, J Balvin, Daddy Yankee, Bobby Shmurda",latin,43,2021-07-28,2021,7,2020s,0.786,0.737,-5.268,0.369,0.643,0.126,0.0,0.683,140.042,4,0,0,4.41,Medium popularity
Patrón,"Big Soto, Neutro Shorty, De La Ghetto, Noriel",latin,32,2021-12-09,2021,12,2020s,0.755,0.786,-2.827,0.227,0.469,0.266,0.0,0.28,139.923,4,1,11,5.5,Low popularity
"Skeem Set, Pt. 2","Milli Major, Jme, Scorcher, SeriousXSyikes, Crazy Titch",hip-hop,36,2024-07-10,2024,7,2020s,0.864,0.621,-5.91,0.0882,0.897,0.376,0.0,0.099,142.689,4,1,6,4.62,Low popularity
Sticky,"Bashy, GRM Daily",hip-hop,38,2024-07-11,2024,7,2020s,0.741,0.542,-7.875,0.538,0.189,0.345,0.0,0.0643,108.088,3,1,1,3.2,Low popularity
Must Be Bored,"Big Zuu, D7, Crafty 893, Drifter",hip-hop,28,2024-06-07,2024,6,2020s,0.735,0.566,-9.475,0.0931,0.71,0.352,2.22e-05,0.342,93.374,5,0,11,3.06,Low popularity
#skeptacore pt.2,"Ryder, Skepta",hip-hop,48,2023-11-24,2023,11,2020s,0.622,0.794,-10.931,0.225,0.658,0.311,0.0,0.315,138.054,4,1,6,1.91,Medium popularity
Eyes on Me,Skepta,hip-hop,40,2021-07-30,2021,7,2020s,0.785,0.86,-4.633,0.0603,0.856,0.218,0.0,0.0348,137.056,4,1,8,3.12,Medium popularity
Trenches,"Duke & Jones, Flowdan",hip-hop,38,2021-08-13,2021,8,2020s,0.882,0.865,-6.341,0.134,0.719,0.196,0.00037,0.116,140.029,4,0,1,2.83,Low popularity
Young Money,LZee,hip-hop,37,2023-05-19,2023,5,2020s,0.74,0.767,-11.585,0.242,0.946,0.109,8.4e-05,0.0724,135.026,4,0,9,3.13,Low popularity
Iniesta Flow,"namesbliss, scruz",hip-hop,37,2023-07-21,2023,7,2020s,0.613,0.563,-10.245,0.106,0.42,0.393,0.0,0.813,140.434,4,0,10,2.32,Low popularity
Knock Your Block Off,"Jme, Giggs",hip-hop,34,2020-06-01,2020,6,2020s,0.922,0.708,-2.978,0.395,0.669,0.171,0.0,0.0439,140.009,4,0,10,3.51,Low popularity
Energy Gang,"D Double E, Sir Spyro",hip-hop,28,2024-06-07,2024,6,2020s,0.798,0.713,-5.072,0.331,0.655,0.298,0.0,0.00452,140.198,4,1,0,3.93,Low popularity
Stuttering,"P Money, Silencer, Chip, Dizzee Rascal, D Double E",hip-hop,34,2021-10-01,2021,10,2020s,0.754,0.751,-3.677,0.0921,0.508,0.282,0.0,0.125,140.04,4,1,1,4.17,Low popularity
MYWAY!,"ROMderful, KayFaraway",hip-hop,19,2024-07-06,2024,7,2020s,0.708,0.652,-6.616,0.0813,0.859,0.321,0.0,0.055,90.999,5,0,6,1.89,Low popularity
VEX,slowthai,hip-hop,34,2021-02-12,2021,2,2020s,0.805,0.625,-7.213,0.656,0.647,0.244,0.34,0.00649,140.023,4,1,7,2.31,Low popularity
Hurdy Gurdy,"Big Narstie, Sir Spyro",hip-hop,33,2020-10-23,2020,10,2020s,0.595,0.789,-7.188,0.113,0.406,0.499,0.0,0.052,90.328,5,1,4,2.64,Low popularity
Who's Dat,"Silencer, Lil ambush, Lil Shakz, YaroAlways, Kai Nero, Shakes",hip-hop,25,2024-07-05,2024,7,2020s,0.811,0.435,-2.969,0.0861,0.487,0.243,0.0,0.0659,171.723,5,1,1,4.51,Low popularity
Tekky,"Chip, Frisco, K-Trap, Krept",hip-hop,33,2023-04-27,2023,4,2020s,0.722,0.891,-8.2,0.164,0.395,0.286,6.34e-06,0.0145,141.999,4,1,1,1.97,Low popularity
Quest For Coin II,"Ezra Collective, Jme, Swindle",hip-hop,32,2020-11-17,2020,11,2020s,0.604,0.898,-4.184,0.0876,0.492,0.377,8.91e-05,0.0413,135.144,4,1,1,2.95,Low popularity
LEON EDWARDS,"Snowy, LVNDLXRD",hip-hop,17,2024-07-26,2024,7,2020s,0.891,0.395,-9.04,0.4,0.612,0.138,0.00337,0.0126,138.878,4,1,0,2.57,Low popularity
On Top,Jaykae,hip-hop,32,2020-04-02,2020,4,2020s,0.733,0.839,-5.36,0.11,0.633,0.35,0.0,0.063,139.969,4,0,6,3.21,Low popularity
Circles24,Preditah,hip-hop,16,2024-03-29,2024,3,2020s,0.607,0.678,-5.331,0.354,0.756,0.0489,0.85,0.0751,140.043,4,1,11,3.49,Low popularity
This Year,"P Money, Silencer, Tobi",hip-hop,33,2021-03-19,2021,3,2020s,0.634,0.824,-8.894,0.12,0.229,0.164,0.0,0.0193,139.975,4,1,2,2.98,Low popularity
Shake It,Trillary Banks,hip-hop,17,2024-08-04,2024,8,2020s,0.832,0.673,-7.273,0.0926,0.73,0.316,2.85e-05,0.137,135.835,4,0,4,2.22,Low popularity
IC3 (feat. Skepta) - Single Version,"Ghetts, Skepta",hip-hop,31,2020-10-07,2020,10,2020s,0.645,0.663,-7.977,0.166,0.394,0.398,0.0,0.443,128.023,4,1,8,3.85,Low popularity
Loading,Central Cee,hip-hop,55,2020-10-22,2020,10,2020s,0.68,0.85,-6.18,0.0964,0.694,0.338,0.0,0.732,144.006,1,0,3,2.89,Medium popularity
Keisha & Becky - Remix,"Russ Millions, Tion Wayne, Aitch, Swarmz, Sav'o, JAY1",hip-hop,59,2019-04-11,2019,4,2010s,0.471,0.863,-9.545,0.121,0.644,0.478,0.0,0.251,140.969,4,1,6,4.22,Medium popularity
Obsessed With You,Central Cee,hip-hop,42,2022-02-23,2022,2,2020s,0.825,0.746,-4.457,0.365,0.904,0.0435,0.0,0.192,143.062,4,1,3,1.81,Medium popularity
Je M'appelle,Benzz,hip-hop,44,2023-07-26,2023,7,2020s,0.75,0.807,-4.396,0.164,0.961,0.237,0.0,0.17,141.176,4,1,11,2.33,Medium popularity
Clash (feat. Stormzy),"Dave, Stormzy",hip-hop,57,2021-07-08,2021,7,2020s,0.519,0.871,-6.549,0.0869,0.532,0.258,8.14e-06,0.313,140.013,4,1,2,4.2,Medium popularity
Commitment Issues,Central Cee,hip-hop,52,2021-02-11,2021,2,2020s,0.71,0.8,-6.403,0.339,0.795,0.295,0.0,0.463,147.171,4,0,5,2.51,Medium popularity
Oliver Twist,ArrDee,hip-hop,55,2021-06-03,2021,6,2020s,0.807,0.725,-4.332,0.462,0.848,0.315,0.0,0.352,140.045,4,1,11,2.91,Medium popularity
6 For 6,Central Cee,hip-hop,61,2021-03-12,2021,3,2020s,0.792,0.855,-4.949,0.17,0.623,0.143,0.0,0.552,142.965,4,1,2,2.48,Medium popularity
I Dunno (feat. Dutchavelli & Stormzy),"Tion Wayne, dutchavelli, Stormzy",hip-hop,58,2020-05-29,2020,5,2020s,0.666,0.821,-7.237,0.319,0.739,0.342,0.0,0.0954,145.066,4,1,1,2.97,Medium popularity
Only If You Knew,dutchavelli,hip-hop,40,2020-08-07,2020,8,2020s,0.766,0.816,-4.759,0.0943,0.349,0.31,3.34e-05,0.192,144.105,4,1,1,2.94,Medium popularity
Flowers (Say My Name),ArrDee,hip-hop,54,2021-11-04,2021,11,2020s,0.713,0.723,-6.879,0.513,0.803,0.241,0.0,0.495,143.052,4,0,2,2.64,Medium popularity
Ain't It Different (feat. AJ Tracey & Stormzy),"Headie One, AJ Tracey, Stormzy",hip-hop,55,2020-08-20,2020,8,2020s,0.569,0.767,-6.805,0.109,0.524,0.216,1.45e-05,0.00988,77.052,4,0,4,3.27,Medium popularity
Coming for You (feat. A1 x J1),"SwitchOTR, A1 x J1",hip-hop,59,2021-10-29,2021,10,2020s,0.481,0.813,-6.71,0.0931,0.842,0.231,0.0,0.217,140.122,4,1,1,2.97,Medium popularity
TPL x Fumez The Engineer - Plugged In Freestyle,"Fumez The Engineer, OTP, BM, BM X MINI",hip-hop,56,2020-10-01,2020,10,2020s,0.419,0.877,-14.419,0.12,0.255,0.512,0.0,0.0837,140.012,4,0,10,3.63,Medium popularity
Wow,Tion Wayne,hip-hop,48,2021-06-03,2021,6,2020s,0.62,0.811,-4.82,0.211,0.638,0.43,0.0,0.1,139.927,4,0,10,2.89,Medium popularity
Only You Freestyle,"Headie One, Drake",hip-hop,56,2020-07-20,2020,7,2020s,0.826,0.68,-2.561,0.254,0.804,0.27,0.0,0.562,146.95,4,1,5,4.15,Medium popularity
Darling,D-Block Europe,hip-hop,63,2019-09-27,2019,9,2010s,0.596,0.848,-8.043,0.0853,0.793,0.235,0.0,0.5,150.035,4,0,2,2.39,Medium popularity
Big Shark,Russ Millions,hip-hop,56,2021-07-01,2021,7,2020s,0.93,0.81,-5.857,0.0796,0.936,0.294,3.32e-06,0.398,139.995,4,0,10,3.2,Medium popularity
Streatham,Dave,hip-hop,63,2019-03-08,2019,3,2010s,0.621,0.892,-7.67,0.109,0.638,0.0949,0.0,0.496,124.015,4,1,2,3.43,Medium popularity
AirForce,DigDat,hip-hop,51,2018-11-09,2018,11,2010s,0.673,0.855,-7.58,0.385,0.66,0.373,0.0,0.45,142.031,4,1,1,3.69,Medium popularity
Reggae & Calypso (Russ Millions x Buni x YV),"Russ Millions, Buni, YV",hip-hop,59,2022-02-10,2022,2,2020s,0.803,0.759,-6.77,0.362,0.895,0.277,0.0,0.413,140.994,4,0,1,2.35,Medium popularity
Khabib,Central Cee,hip-hop,38,2022-02-23,2022,2,2020s,0.672,0.773,-5.885,0.0851,0.624,0.225,0.0,0.522,145.014,4,0,4,3.35,Low popularity
Ungrateful,Central Cee,hip-hop,54,2022-02-25,2022,2,2020s,0.616,0.826,-7.3,0.0601,0.782,0.394,0.0,0.313,143.176,4,1,2,2.9,Medium popularity
6:30,Russ Millions,hip-hop,54,2021-10-07,2021,10,2020s,0.738,0.875,-6.205,0.393,0.659,0.332,0.000119,0.492,141.067,4,1,8,2.28,Medium popularity
Thula Moya Wami,Mr Thela,afrobeats,40,2024-09-13,2024,9,2020s,0.651,0.66,-6.306,0.456,0.161,0.0691,0.84,0.000244,127.054,4,1,1,8.1,Medium popularity
Izinto Zam,"Jabs CPT, Sangzin",afrobeats,11,2024-05-22,2024,5,2020s,0.66,0.795,-11.93,0.177,0.489,0.0399,0.0456,0.173,127.008,4,0,6,5.83,Low popularity
Buya Nini,"Mr Thela, Peace",afrobeats,38,2024-05-03,2024,5,2020s,0.852,0.751,-8.238,0.454,0.413,0.0456,0.00662,0.0469,122.035,4,0,10,6.33,Low popularity
Street Fighter,Assertive Fam,afrobeats,11,2024-05-01,2024,5,2020s,0.722,0.685,-7.223,0.0696,0.516,0.0349,0.108,0.0017,125.018,4,0,1,6.53,Low popularity
Oh My Sax,"Cairo CPT, Don Vino",afrobeats,33,2024-03-22,2024,3,2020s,0.783,0.718,-7.71,0.103,0.344,0.0322,0.763,0.000912,120.02,4,1,2,5.4,Low popularity
FOMO,"Goldmax, Dlala Thukzin, Funky Qla, Zee Nxumalo, Beast Rsa",afrobeats,49,2024-03-08,2024,3,2020s,0.5,0.843,-10.155,0.112,0.189,0.0435,0.799,0.0258,121.999,4,1,11,4.56,Medium popularity
Ngenyimini,"Rhass, Mapressa, Dj Ndista, Luzzar",afrobeats,21,2024-02-29,2024,2,2020s,0.799,0.805,-11.008,0.144,0.269,0.0399,0.00613,0.0253,126.027,4,0,1,6.15,Low popularity
Sicel'Imithandazo,Cairo CPT,afrobeats,32,2021-06-27,2021,6,2020s,0.928,0.787,-9.052,0.065,0.612,0.0339,0.775,0.0391,127.023,4,1,11,6.13,Low popularity
Sinomhlobo,"Cairo CPT, Xola Sofuthe",afrobeats,28,2023-03-26,2023,3,2020s,0.987,0.782,-8.221,0.0697,0.756,0.0391,0.723,0.0358,127.009,4,1,1,6.22,Low popularity
Kwandonga Ziyaduma,"Mr Thela, Njelic",afrobeats,41,2023-11-17,2023,11,2020s,0.891,0.701,-7.501,0.119,0.26,0.0722,0.0844,0.00621,123.992,4,1,8,7.26,Medium popularity
No Contest (Broken kick),"UJeje, UBizza Wethu",afrobeats,21,2022-12-02,2022,12,2020s,0.903,0.675,-7.629,0.334,0.123,0.0332,0.685,0.00103,127.002,4,1,2,5.96,Low popularity
S'yophanda,"Rhass, Mshayi, Mr Thela",afrobeats,30,2020-10-16,2020,10,2020s,0.739,0.716,-8.904,0.0956,0.394,0.0327,0.0864,0.00209,126.024,4,0,11,6.13,Low popularity
Wami (feat. Nia Pearl),"Mas Musiq, Nia Pearl",afrobeats,25,2020-11-06,2020,11,2020s,0.498,0.822,-12.544,0.0342,0.826,0.0498,0.0419,0.0489,113.001,4,0,1,6.32,Low popularity
Ivili Liyajikeleza 2.0,Cairo CPT,afrobeats,34,2020-12-27,2020,12,2020s,0.897,0.59,-5.046,0.0375,0.679,0.063,0.769,0.0106,127.018,4,0,1,6.08,Low popularity
Izigqibo Zakho 2.0,"Cairo CPT, Minollar",afrobeats,33,2022-07-31,2022,7,2020s,0.685,0.863,-9.264,0.137,0.502,0.0502,0.0382,0.00124,127.017,4,1,8,5.69,Low popularity
Abathakathi,"Mshayi & Mr Thela, Rhass",afrobeats,29,2020-12-17,2020,12,2020s,0.769,0.814,-8.858,0.0945,0.778,0.0309,0.00988,0.0379,125.968,4,1,1,6.19,Low popularity
Bhabhalaza,"Rhass, Mr Thela",afrobeats,21,2022-11-14,2022,11,2020s,0.794,0.773,-6.74,0.107,0.522,0.0432,0.000324,0.0164,125.996,4,1,8,6.64,Low popularity
Ngeke Badaniswe,"Mshayi, Mr Thela, Betusile",afrobeats,30,2020-07-26,2020,7,2020s,0.716,0.78,-12.97,0.0783,0.53,0.0398,0.0192,0.0162,126.99,4,0,8,6.21,Low popularity
Sun EL Style,Mr Thela,afrobeats,19,2023-09-29,2023,9,2020s,0.866,0.648,-8.235,0.122,0.232,0.0331,0.855,0.0768,126.038,4,0,8,6.13,Low popularity
Ndincede,"Bee DeeJay, Rhass, Mshayi, Mr Thela",afrobeats,26,2021-03-25,2021,3,2020s,0.631,0.708,-8.96,0.127,0.42,0.0322,0.00465,0.0016,115.004,4,1,8,5.06,Low popularity
Famalay,"Skinny Fabulous, Machel Montano, Bunji Garlin",soca,47,2019-01-04,2019,1,2010s,0.914,0.745,-4.108,0.0814,0.837,0.188,2.69e-06,0.0393,149.971,4,1,6,3.32,Medium popularity
Like Ah Boss,Machel Montano,soca,41,2015-02-04,2015,2,2010s,0.944,0.804,-1.139,0.329,0.746,0.175,0.0,0.105,133.97,4,0,10,3.16,Medium popularity
Workout,"Kes, Nailah Blackman",soca,40,2016-12-20,2016,12,2010s,0.848,0.808,-5.518,0.299,0.606,0.0979,0.0,0.0783,130.021,4,1,8,3.97,Medium popularity
Overdue,Erphaan Alves,soca,45,2017-09-12,2017,9,2010s,0.797,0.792,-5.748,0.091,0.351,0.0412,0.00489,0.0123,110.034,4,1,0,2.97,Medium popularity
Practice,GBM Nutron,soca,43,2018-11-16,2018,11,2010s,0.824,0.836,-4.591,0.105,0.573,0.0482,0.00534,0.164,106.012,4,1,6,3.09,Medium popularity
Runaway,Mical Teja,soca,39,2023-12-10,2023,12,2020s,0.919,0.736,-3.608,0.0604,0.861,0.0401,0.000179,0.331,107.991,4,1,6,3.78,Low popularity
Hard Fete,Bunji Garlin,soca,41,2022-11-25,2022,11,2020s,0.943,0.666,-4.474,0.31,0.897,0.209,0.0,0.387,159.996,4,1,1,3.84,Medium popularity
Born Wit It (Bumpa Riddim),Alison Hinds,soca,37,2016-07-23,2016,7,2010s,0.902,0.94,-3.135,0.367,0.938,0.0717,0.0,0.123,116.066,4,1,4,3.37,Low popularity
Long Live Soca,Voice,soca,35,2022-12-10,2022,12,2020s,0.951,0.682,-3.957,0.068,0.821,0.191,0.0,0.143,130.207,4,0,5,3.75,Low popularity
Holiday,"Problem Child, Jus Jay King, Nelieux",soca,36,2023-10-24,2023,10,2020s,0.689,0.911,-6.662,0.0893,0.389,0.151,0.0,0.23,117.067,4,1,2,2.26,Low popularity
Whine & Kotch,"J Capri, Charly Black",soca,61,2012-11-13,2012,11,2010s,0.675,0.699,-5.383,0.143,0.442,0.387,0.0,0.0654,105.151,4,1,9,3.62,Medium popularity
Mr. Fete,Machel Montano,soca,43,2012-03-10,2012,3,2010s,0.935,0.927,-3.951,0.0728,0.912,0.106,0.0,0.135,131.055,4,1,10,3.85,Medium popularity
Wotless,Kes,soca,40,2011-02-09,2011,2,2010s,0.792,0.843,-3.672,0.0694,0.9,0.0542,5.02e-05,0.0671,119.992,4,1,9,3.64,Medium popularity
Feels Good - Carrots & Beets,Electra,disco,22,1993-01-01,1993,1,1990s,0.331,0.853,-17.22,0.0713,0.804,0.0529,0.61,0.000494,119.627,4,1,8,6.27,Low popularity
Stop,B.W.H.,disco,26,2016-10-26,2016,10,2010s,0.736,0.681,-14.483,0.0974,0.987,0.0424,0.602,0.0588,107.393,4,0,10,6.71,Low popularity
Stranger in a Strange Land - Club Mix 1983,N.O.I.A.,disco,19,2015-02-16,2015,2,2010s,0.761,0.775,-10.463,0.0549,0.431,0.0482,0.776,0.0413,112.979,4,1,1,7.52,Low popularity
Robot Is Systematic (Vocal Version),Lectric Workers,disco,14,2021-04-16,2021,4,2020s,0.823,0.569,-8.555,0.202,0.811,0.0381,0.00723,3.81e-05,125.237,4,1,7,8.87,Low popularity
Ma quale idea,Pino D'Angiò,disco,52,2016-01-20,2016,1,2010s,0.788,0.868,-4.321,0.0801,0.961,0.0547,2.6e-05,0.0334,114.674,4,1,1,4.37,Medium popularity
Take A Chance - Original Mix,Mr. Flagio,disco,35,2015-01-01,2015,1,2010s,0.728,0.671,-9.78,0.385,0.488,0.0403,0.00391,0.000372,118.031,4,0,2,7.87,Low popularity
On and On (Fears Keep On) - Italoconnection Mix,"Decadance, Italoconnection",disco,13,2013-04-14,2013,4,2010s,0.956,0.698,-5.782,0.263,0.321,0.0408,0.8,0.000316,104.595,4,0,4,9.01,Low popularity
Lamento Boliviano,Los Enanitos Verdes,rock,55,1999-01-01,1999,1,1990s,0.69,0.715,-8.172,0.11,0.676,0.0307,0.000657,0.192,123.555,4,0,4,3.72,Medium popularity
Amores Lejanos,Los Enanitos Verdes,rock,59,2002-01-01,2002,1,2000s,0.837,0.726,-5.325,0.322,0.559,0.032,1.31e-05,0.257,120.04,4,0,9,4.92,Medium popularity
Mala Gente,Juanes,rock,56,2002-01-01,2002,1,2000s,0.851,0.663,-3.007,0.0771,0.921,0.0491,0.0,0.0992,95.019,4,0,6,3.28,Medium popularity
Bésame,Camila,rock,66,2010-02-09,2010,2,2010s,0.385,0.258,-8.143,0.0802,0.174,0.033,0.0,0.0527,174.167,3,0,6,4.2,Medium popularity
La Paga,Juanes,rock,58,2002-01-01,2002,1,2000s,0.779,0.787,-3.559,0.0623,0.978,0.0391,0.0,0.0215,99.999,4,1,9,3.42,Medium popularity
Mariposa Traicionera,Maná,rock,55,2010-03-16,2010,3,2010s,0.794,0.773,-4.954,0.113,0.907,0.0326,0.000354,0.527,101.143,4,0,5,4.41,Medium popularity
Labios Compartidos,Maná,rock,48,2010-03-16,2010,3,2010s,0.898,0.527,-3.624,0.0686,0.462,0.0367,0.0,0.027,162.058,4,0,0,5.29,Medium popularity
Bendita Tu Luz,"Maná, Juan Luis Guerra 4.40",rock,28,2012-10-26,2012,10,2010s,0.773,0.786,-5.042,0.103,0.573,0.0288,2.57e-06,0.152,115.995,4,1,7,4.4,Low popularity
Amor Clandestino,Maná,rock,27,2012-10-26,2012,10,2010s,0.726,0.647,-6.761,0.15,0.514,0.0289,5.11e-06,0.159,147.883,4,1,2,4.86,Low popularity
Blaise Bailey Finnegan III,Godspeed You! Black Emperor,rock,31,1999-03-08,1999,3,1990s,0.313,0.273,-11.784,0.163,0.0399,0.0455,0.0922,0.11,132.899,3,0,10,17.75,Low popularity
Vizardit,"Hildá Länsman, Tuomas Norvio",world,14,2024-09-20,2024,9,2020s,0.694,0.727,-10.218,0.0977,0.236,0.064,0.118,0.0639,139.019,4,1,0,4.48,Low popularity
Raven Strut (feat. K.Clevenger) - DASH Remix,"DKD Dancers, DASH, K.Clevenger",world,17,2017-11-14,2017,11,2010s,0.486,0.701,-9.322,0.426,0.0391,0.0324,0.0779,0.00319,94.993,4,1,1,3.65,Low popularity
Tapwe,"Boogey the Beat, Young Spirit, Drezus, Pj Vegas",world,28,2023-05-12,2023,5,2020s,0.871,0.867,-3.851,0.0499,0.467,0.243,0.0282,0.00213,108.028,4,0,6,3.78,Low popularity
Nuivunga - GFD Collective,"Jens Kleist, JASMIN, Da Bartali Crew",world,12,2020-11-13,2020,11,2020s,0.802,0.729,-6.346,0.0905,0.705,0.179,4.42e-06,0.0924,96.015,4,1,7,3.89,Low popularity
Meditjin,"Baker Boy, JessB",world,35,2021-10-15,2021,10,2020s,0.878,0.825,-3.356,0.122,0.53,0.185,2.42e-05,0.0657,119.963,4,1,1,2.99,Low popularity
Break It Down,Tjaka,world,16,2022-08-16,2022,8,2020s,0.917,0.85,-4.932,0.239,0.798,0.0803,0.000101,0.138,120.006,4,1,0,3.37,Low popularity
uduli 跳一波,ABAO阿爆,world,13,2019-12-30,2019,12,2010s,0.821,0.58,-6.599,0.177,0.648,0.0415,8.71e-05,0.00315,100.061,4,0,1,3.04,Low popularity
Half Breed - Remix,DJ Shub,world,11,2023-11-03,2023,11,2020s,0.831,0.844,-5.561,0.2,0.698,0.262,0.00012,0.00688,125.012,4,1,7,4.78,Low popularity
Sisters,"The Halluci Nation, Northern Voice",world,39,2013-05-07,2013,5,2010s,0.629,0.725,-4.729,0.212,0.194,0.0356,0.0673,0.00139,130.023,4,1,9,4.53,Low popularity
Emta Njawzak Yamma,DAM,world,35,2019-06-07,2019,6,2010s,0.731,0.819,-6.502,0.118,0.0484,0.0479,0.0731,0.026,122.012,4,1,1,4.48,Low popularity
Behold a Pale Horse,"STOiK, Jah'kota, Plex, Drezus",world,18,2019-04-09,2019,4,2010s,0.474,0.707,-8.705,0.64,0.534,0.147,0.000689,0.201,79.933,4,1,0,4.37,Low popularity
AVINU CHAI (AM YISRAEL CHAI),Yoni Z,world,33,2024-03-15,2024,3,2020s,0.927,0.6,-4.776,0.327,0.442,0.107,0.00581,0.025,141.961,4,1,6,3.09,Low popularity
Lech Lecha (K3LZ Remix),"K3LZ, Eli Levin",world,27,2023-01-24,2023,1,2020s,0.907,0.684,-3.949,0.112,0.336,0.0648,0.000175,0.346,115.087,4,1,8,3.48,Low popularity
The Rain,TAI,world,42,2024-09-02,2024,9,2020s,0.59,0.377,-4.164,0.15,0.563,0.0336,0.0,0.514,78.459,1,1,5,2.86,Medium popularity
תלוי בנו,נהוראי אריאלי,world,32,2022-03-26,2022,3,2020s,0.465,0.794,-8.144,0.103,0.652,0.057,1.37e-06,0.751,110.014,4,0,1,2.64,Low popularity
ארץ ישראל,Ishay Ribo,world,46,2024-09-16,2024,9,2020s,0.513,0.788,-9.877,0.0811,0.82,0.0464,1.92e-05,0.774,99.022,4,0,4,2.63,Medium popularity
Az Yashir 2.0,"K3LZ, Eli Levin, MOiSHE'LE",world,25,2024-03-13,2024,3,2020s,0.568,0.806,-11.061,0.104,0.628,0.0315,0.00165,0.0462,118.027,4,0,5,3.07,Low popularity
Eimosai (K3LZ Remix),"Danny Palgon, K3LZ",world,24,2023-10-09,2023,10,2020s,0.695,0.666,-8.157,0.0758,0.422,0.0402,2.03e-06,0.148,120.043,4,1,2,3.47,Low popularity
LOVE ME,"Nissim Black, Oryahh",world,28,2023-09-26,2023,9,2020s,0.833,0.55,-5.513,0.103,0.577,0.0521,4.53e-05,0.0523,169.964,4,1,8,2.4,Low popularity
BaTachti,Dovid Lowy,world,24,2020-05-17,2020,5,2020s,0.737,0.66,-4.931,0.0477,0.802,0.0384,0.0,0.536,92.006,4,1,10,4.09,Low popularity
Brighter,Zusha,world,41,2024-01-31,2024,1,2020s,0.766,0.741,-7.358,0.103,0.321,0.0774,4.51e-05,0.129,126.079,4,1,1,2.64,Medium popularity
Ani Maamin,TAI,world,42,2024-02-15,2024,2,2020s,0.514,0.598,-4.537,0.305,0.49,0.0344,0.0,0.461,120.142,4,1,2,3.57,Medium popularity
נקודות,שמואל,world,41,2023-03-15,2023,3,2020s,0.69,0.747,-7.22,0.234,0.603,0.105,0.0,0.108,104.995,4,1,7,3.67,Medium popularity
Chaneinu,"Moshe Lang, Waterbury Mesivta, Sruli, Moyo",world,21,2020-03-27,2020,3,2020s,0.699,0.536,-6.614,0.213,0.266,0.0512,0.0,0.59,133.069,4,1,10,3.37,Low popularity
Before I Go,"DJ Kraz, Isaac Ben",world,27,2020-08-27,2020,8,2020s,0.57,0.555,-10.277,0.112,0.28,0.0448,3.51e-05,0.261,127.956,4,1,2,3.59,Low popularity
Mili Deshtuta - Crazy Stuff,"Thank You Hashem, DJ Farbreng, Moshe Storch, Mikey Mause",world,26,2023-02-21,2023,2,2020s,0.765,0.497,-3.308,0.0941,0.669,0.0899,1.11e-05,0.113,170.115,4,1,8,2.35,Low popularity
Ki Hu Levado,"Yossi Newman, Aryeh Barnett",world,25,2020-09-23,2020,9,2020s,0.603,0.752,-5.973,0.311,0.841,0.0862,3.03e-05,0.19,104.98,4,1,8,3.36,Low popularity
SCREAM,Nissim Black,world,22,2023-08-27,2023,8,2020s,0.795,0.62,-4.835,0.132,0.628,0.0402,3.9e-06,0.273,75.03,4,0,6,2.92,Low popularity
Eliyahu Hanavi,"K3LZ, Avi Abikhzer",world,20,2023-07-30,2023,7,2020s,0.41,0.753,-9.847,0.367,0.337,0.248,0.0,0.464,94.993,4,0,10,2.57,Low popularity
Bou,Danny Palgon,world,22,2020-03-01,2020,3,2020s,0.851,0.641,-4.552,0.0996,0.724,0.213,0.0,0.333,100.028,4,0,0,3.44,Low popularity
Not Today (Dear Yetzer Hara),TAI,world,35,2023-05-11,2023,5,2020s,0.471,0.404,-5.848,0.119,0.497,0.0535,0.0,0.287,76.934,4,1,6,3.61,Low popularity
End of the Tunnel,A.Y. Bouzaglou,world,19,2019-08-15,2019,8,2010s,0.705,0.595,-9.872,0.0883,0.562,0.052,0.000326,0.221,159.97,4,0,6,3.99,Low popularity
Ein Od Milvado,Mordechai Shapiro,world,34,2020-09-28,2020,9,2020s,0.749,0.798,-3.585,0.143,0.81,0.0445,0.0,0.258,100.017,4,0,2,3.13,Low popularity
Ad Matai (Blue),iZZy D JaY,world,34,2023-05-17,2023,5,2020s,0.952,0.654,-3.017,0.332,0.664,0.0288,7.67e-06,0.00635,127.996,4,0,7,2.63,Low popularity
Ahalela,Avi Zelinger,world,20,2019-07-15,2019,7,2010s,0.752,0.604,-5.09,0.0896,0.444,0.0564,0.0,0.0331,128.046,4,0,11,3.72,Low popularity
Yom Yom,Dovid Lowy,world,22,2018-07-19,2018,7,2010s,0.887,0.738,-4.241,0.162,0.798,0.0384,1.63e-05,0.604,125.052,4,1,2,3.79,Low popularity
Ana,"Matt Dubb, Itzik Dadya",world,31,2020-05-30,2020,5,2020s,0.746,0.607,-5.512,0.0968,0.476,0.0453,3.79e-06,0.0334,99.97,4,1,6,3.42,Low popularity
Tzur,Matt Dubb,world,19,2020-12-19,2020,12,2020s,0.873,0.596,-2.956,0.0686,0.64,0.051,0.000195,0.0417,120.005,4,0,7,3.3,Low popularity
Set Me Free,DeScribe,world,30,2017-03-27,2017,3,2010s,0.725,0.689,-7.246,0.051,0.847,0.0757,0.0,0.0334,160.037,4,1,8,3.51,Low popularity
Yesh Kan,Mendy Piamenta,world,29,2019-01-28,2019,1,2010s,0.752,0.768,-4.353,0.123,0.29,0.0878,0.0,0.0808,99.984,4,1,11,3.64,Low popularity
This Is My Home,Duvie Shapiro,world,31,2019-12-29,2019,12,2010s,0.855,0.589,-5.196,0.0362,0.764,0.0487,0.0,0.0649,75.03,4,1,2,3.37,Low popularity
Closer,"DJ Kraz, Aryeh Kunstler",world,23,2020-05-11,2020,5,2020s,0.782,0.489,-6.278,0.231,0.706,0.0432,1.08e-05,0.28,179.878,4,1,7,4.36,Low popularity
Zeh Keili,Ari Goldwag,world,21,2020-07-31,2020,7,2020s,0.844,0.593,-3.197,0.266,0.651,0.0471,0.0,0.598,159.915,4,1,2,3.33,Low popularity
Schar Mitzvah,Mordechai Shapiro,world,32,2016-03-14,2016,3,2010s,0.73,0.677,-5.798,0.139,0.691,0.0482,0.0,0.378,92.06,4,1,8,3.72,Low popularity
So Alive,DeScribe,world,27,2017-03-27,2017,3,2010s,0.874,0.648,-6.135,0.13,0.535,0.0557,0.0,0.00054,128.045,4,0,2,3.21,Low popularity
Friends,Mordechai Shapiro,world,28,2019-06-10,2019,6,2010s,0.785,0.629,-5.188,0.0937,0.567,0.0388,0.0,0.317,128.945,4,1,2,3.57,Low popularity
Es Shem,Yechiel Lazarus,world,13,2024-03-20,2024,3,2020s,0.741,0.616,-3.394,0.331,0.267,0.0279,0.0,0.132,109.928,4,1,9,4.09,Low popularity
Shema,Nachas,world,20,2017-06-06,2017,6,2010s,0.897,0.806,-2.796,0.158,0.912,0.042,0.015,0.124,113.01,4,0,8,4.38,Low popularity
Dreamer,DeScribe,world,27,2013-11-07,2013,11,2010s,0.813,0.644,-7.604,0.0709,0.391,0.0504,1.91e-06,0.0426,120.014,4,0,11,3.2,Low popularity
V'hu Haya,"Yossi Newman, Aryeh Barnett",world,18,2020-09-29,2020,9,2020s,0.672,0.547,-8.226,0.0938,0.345,0.0854,0.0,0.0496,133.992,4,1,10,3.74,Low popularity
Long for the Day,Tani Polansky,world,16,2019-05-23,2019,5,2010s,0.817,0.599,-5.752,0.287,0.644,0.0272,1.16e-06,0.00799,105.017,4,1,2,4.25,Low popularity
מצווה גדולה,Mikey Mocton,world,15,2019-09-02,2019,9,2010s,0.701,0.738,-6.089,0.195,0.414,0.0678,0.0289,0.261,126.062,4,1,7,3.63,Low popularity
Welcome Back - Akiva Hammond Remix,"Waterbury Mesivta, Eli Dachs, Akiva Hammond",world,17,2019-09-22,2019,9,2010s,0.633,0.434,-7.843,0.195,0.464,0.0484,0.0,0.0228,104.415,4,1,9,3.34,Low popularity
Flames,"DJ Kraz, Sholom",world,19,2019-11-11,2019,11,2010s,0.818,0.511,-7.707,0.165,0.519,0.116,0.000189,0.0405,180.004,4,1,3,4.22,Low popularity
V'ohavta,"Yechiel Lazarus, DJ YLK",world,12,2019-12-13,2019,12,2010s,0.939,0.52,-3.887,0.0521,0.558,0.0979,0.000187,0.000343,134.973,4,1,0,3.68,Low popularity
Hodu,Danny Palgon,world,15,2020-03-01,2020,3,2020s,0.825,0.7,-5.446,0.125,0.546,0.0416,0.0,0.0183,113.04,4,0,6,3.61,Low popularity
Everything Is from You,Moshe Siegel,world,16,2020-03-08,2020,3,2020s,0.527,0.601,-9.26,0.184,0.292,0.0335,0.00307,0.00168,132.017,4,1,0,3.94,Low popularity
Modeh Ani,Moshe Tischler,world,29,2020-05-11,2020,5,2020s,0.853,0.728,-3.927,0.117,0.77,0.0649,0.0,0.318,94.958,4,1,11,3.64,Low popularity
Ki Le'olam Chasdo,Joey Newcomb,world,17,2019-01-28,2019,1,2010s,0.726,0.709,-6.023,0.115,0.879,0.0266,0.000697,0.479,110.988,4,0,7,4.43,Low popularity
Sameach,Moshe Lichtenstein,world,15,2020-12-10,2020,12,2020s,0.721,0.665,-7.696,0.14,0.333,0.0321,0.00019,0.161,119.967,4,1,0,3.5,Low popularity
Lo Nafsik Lirkod,Ari Goldwag,world,27,2018-09-06,2018,9,2010s,0.88,0.692,-4.125,0.107,0.894,0.0439,0.0001,0.0654,125.004,4,0,11,4.35,Low popularity
Adama V'shamayim - Remix,DJ Kraz,world,16,2019-02-14,2019,2,2010s,0.707,0.592,-8.98,0.132,0.291,0.0582,1.62e-06,0.0915,105.015,4,0,7,4.54,Low popularity
Ani Maamin,DJ Kraz,world,13,2018-12-21,2018,12,2010s,0.633,0.573,-11.519,0.113,0.357,0.0379,3.43e-05,0.0618,149.99,4,1,11,3.93,Low popularity
Ashira,"Danny Palgon, Yoni Z",world,16,2021-01-15,2021,1,2020s,0.769,0.683,-4.719,0.0493,0.492,0.0432,1.1e-05,0.0891,120.057,4,1,5,3.28,Low popularity
Baruch Hashem,"Zusha, Pumpidisa, Matt Dubb",world,33,2017-07-21,2017,7,2010s,0.675,0.378,-9.647,0.251,0.27,0.24,0.000207,0.00531,141.905,4,0,6,3.46,Low popularity
It's You,Ruvi New,world,12,2020-09-09,2020,9,2020s,0.685,0.669,-6.197,0.122,0.638,0.0342,0.0,0.533,111.974,4,1,11,3.96,Low popularity
Geshmak to Be a Yid,"Moshe Storch, DRS Senior Choir",world,23,2020-03-09,2020,3,2020s,0.853,0.686,-6.138,0.124,0.897,0.137,0.0,0.325,149.916,4,1,6,3.5,Low popularity
Olam Chesed Yibaneh - Remix,"RJ2, Moshe Lang",world,18,2020-08-18,2020,8,2020s,0.834,0.58,-7.476,0.564,0.3,0.0422,0.00583,0.0669,127.908,4,1,7,3.3,Low popularity
Rachem,RJ2,world,13,2017-10-16,2017,10,2010s,0.851,0.6,-5.411,0.148,0.608,0.0411,1.32e-06,0.000291,128.016,4,1,0,4.84,Low popularity
Kol Sasson,RJ2,world,14,2017-10-16,2017,10,2010s,0.943,0.557,-4.549,0.159,0.572,0.117,0.0,0.0259,142.0,4,1,0,3.65,Low popularity
Emes 2.0,"Baruch Naftel, Caudio",world,12,2020-12-30,2020,12,2020s,0.928,0.546,-3.692,0.352,0.524,0.034,0.329,0.243,128.028,4,1,0,4.96,Low popularity
Lehodos,Yehuda Freundlich,world,17,2020-07-31,2020,7,2020s,0.877,0.713,-3.726,0.329,0.758,0.0386,0.000238,0.228,122.041,4,0,0,4.0,Low popularity
Ashira Lashem,"Ari Goldwag, Dovid Pearlman",world,23,2020-07-31,2020,7,2020s,0.828,0.643,-3.842,0.0414,0.606,0.0495,0.0,0.153,103.964,4,0,6,3.9,Low popularity
Shifchi,Danny Palgon,world,12,2020-03-01,2020,3,2020s,0.847,0.608,-5.58,0.0952,0.468,0.0588,0.0,0.261,100.035,4,1,0,3.2,Low popularity
Pischi,Danny Palgon,world,11,2020-03-01,2020,3,2020s,0.816,0.697,-6.428,0.139,0.497,0.206,0.0,0.1,99.983,4,0,4,3.1,Low popularity
Simcha Strong - Camp Simcha 2019 Boys Song - Camp Simcha Remix,"Ami Eller, Camp Simcha",world,18,2019-08-05,2019,8,2010s,0.503,0.648,-9.513,0.182,0.574,0.0384,0.0,0.648,121.966,4,1,8,2.77,Low popularity
Ponies (Turning Around) [feat. Aryeh Kunstler],"A.K.A. Pella, Aryeh Kunstler",world,15,2015-07-29,2015,7,2010s,0.885,0.59,-2.536,0.52,0.427,0.043,2.26e-05,0.00624,122.035,4,1,5,4.02,Low popularity
Thank You Hashem,Baruch Levine,world,15,2020-12-06,2020,12,2020s,0.83,0.669,-5.196,0.374,0.56,0.0386,0.0,0.179,128.172,4,0,4,0.67,Low popularity
Anim,Gad Feureisen,world,26,2019-03-05,2019,3,2010s,0.778,0.687,-4.604,0.0771,0.892,0.0335,0.0,0.0897,95.05,4,1,0,3.77,Low popularity
Bsimcha,Danny Palgon,world,16,2018-12-04,2018,12,2010s,0.633,0.578,-6.666,0.0996,0.386,0.0424,0.0,0.429,144.04,4,1,6,3.05,Low popularity
Ayeh! - DJ Roi Cohen Remix,"Reuven Garber ראובן גרבר, DJ Roi Cohen",world,23,2020-03-02,2020,3,2020s,0.852,0.708,-5.729,0.357,0.533,0.0795,1.04e-06,0.0438,104.982,4,0,4,4.69,Low popularity
Eimosai,Danny Palgon,world,13,2021-03-07,2021,3,2020s,0.715,0.649,-6.411,0.251,0.448,0.0478,0.000106,0.335,119.981,4,1,2,3.17,Low popularity
Ashira Lashem,"Dovid Pearlman, Ari Goldwag",world,12,2020-08-13,2020,8,2020s,0.828,0.643,-3.842,0.0414,0.606,0.0495,0.0,0.153,103.964,4,0,6,3.9,Low popularity
Adon Olam,"Dovid Pearlman, C. Neuhaus",world,21,2015-05-06,2015,5,2010s,0.886,0.625,-5.794,0.221,0.314,0.0577,0.00252,0.00514,139.968,4,1,9,4.82,Low popularity
לא נורא,Shuky,world,27,2016-02-24,2016,2,2010s,0.919,0.612,-4.772,0.0989,0.789,0.0367,6.53e-06,0.00372,130.019,4,0,11,3.71,Low popularity
Power,Yoni Z,world,23,2019-06-23,2019,6,2010s,0.83,0.723,-5.359,0.0614,0.613,0.0479,1.81e-05,0.0682,109.99,4,1,1,3.25,Low popularity
B'yeshiva Sheli,Zevi Kaufman,world,13,2020-09-06,2020,9,2020s,0.722,0.65,-7.52,0.247,0.467,0.0526,4.5e-05,0.104,127.962,4,1,0,3.45,Low popularity
Hey-Ha,Uzi Bodner,world,15,2019-02-13,2019,2,2010s,0.818,0.505,-5.816,0.169,0.625,0.0786,1.94e-06,0.0868,176.078,4,1,8,3.95,Low popularity
Ad Layla,Uzi Bodner,world,12,2019-02-13,2019,2,2010s,0.855,0.641,-7.098,0.0813,0.737,0.0571,0.000141,0.0255,113.019,4,0,6,3.88,Low popularity
Nodeh Lecha,Nachas,world,24,2021-04-29,2021,4,2020s,0.736,0.553,-5.379,0.164,0.725,0.112,0.0,0.287,120.972,4,0,11,3.38,Low popularity
Hallelukah,Yoni Z,world,24,2018-07-28,2018,7,2010s,0.904,0.659,-2.83,0.0615,0.668,0.0309,0.0635,0.271,109.991,4,0,5,4.02,Low popularity
Ein yeush,"Moshe Lang, A.Y. Bouzaglou",world,11,2021-05-04,2021,5,2020s,0.606,0.422,-9.662,0.11,0.413,0.0412,1.3e-05,0.0805,144.115,4,1,3,3.57,Low popularity
Who Am I,BINYAMIN,world,25,2021-04-30,2021,4,2020s,0.482,0.759,-7.158,0.0915,0.391,0.0433,0.0,0.147,79.995,4,1,10,2.69,Low popularity
Accept,Aryeh Kunstler,world,17,2020-06-20,2020,6,2020s,0.569,0.542,-9.611,0.203,0.445,0.0254,0.0,0.201,80.027,4,1,2,3.6,Low popularity
Dry Tears,"Yossi Rodal, iZZy D JaY",world,32,2020-08-02,2020,8,2020s,0.402,0.722,-7.393,0.109,0.337,0.0453,0.0,0.678,99.914,4,0,3,2.8,Low popularity
Proud Jew,"Yossi Rodal, iZZy D JaY, CTeen",world,36,2021-02-22,2021,2,2020s,0.624,0.853,-4.377,0.129,0.718,0.0731,0.0,0.132,127.903,4,1,4,3.51,Low popularity
Unspoken,"Yossi Rodal, iZZy D JaY",world,27,2018-01-19,2018,1,2010s,0.895,0.641,-5.344,0.0783,0.496,0.0975,6.4e-06,0.556,99.862,4,1,3,3.0,Low popularity
How to Fly,Jeryko,world,23,2020-12-16,2020,12,2020s,0.634,0.702,-4.773,0.47,0.124,0.0412,0.0,0.146,97.043,4,1,9,2.59,Low popularity
Believe,"Eli Skies, Shmuel Zimmer",world,13,2019-08-08,2019,8,2010s,0.549,0.691,-7.176,0.116,0.367,0.0289,7.66e-06,0.589,125.043,4,1,2,3.07,Low popularity
Elokai,"Eli Skies, Dovid Gross",world,11,2019-07-15,2019,7,2010s,0.517,0.545,-6.382,0.118,0.151,0.0411,0.0,0.259,74.997,4,0,0,3.41,Low popularity
Nyet Nyet,"The International Nigun Project, Leo Chelyapov, Yossi Rodel, Shmuel Marcus, iZZy D JaY",world,28,2018-06-21,2018,6,2010s,0.872,0.707,-5.18,0.158,0.628,0.0464,0.0,0.0526,124.943,4,1,0,3.3,Low popularity
Modeh Ani,"Hershel, iZZy D JaY",world,20,2020-11-03,2020,11,2020s,0.804,0.612,-4.868,0.141,0.453,0.0374,0.0,0.137,125.99,4,0,3,3.27,Low popularity
Odecha,Reuven Garber ראובן גרבר,world,16,2021-02-27,2021,2,2020s,0.647,0.455,-7.67,0.127,0.171,0.0628,0.0116,0.0377,111.979,4,1,10,3.11,Low popularity
Idan Chadash,Duvie Shapiro,world,22,2020-12-24,2020,12,2020s,0.72,0.714,-6.751,0.0742,0.696,0.0315,0.0,0.0922,113.015,4,1,6,4.57,Low popularity
Never Alone,Danny Palgon,world,13,2021-05-18,2021,5,2020s,0.556,0.732,-10.801,0.19,0.22,0.104,0.00487,0.572,105.021,4,1,9,3.87,Low popularity
K'Echud,"Yossi Newman, Aryeh Barnett",world,14,2021-05-23,2021,5,2020s,0.737,0.668,-7.467,0.573,0.465,0.0518,0.000239,0.00296,111.97,4,1,0,4.02,Low popularity
Only One,Nissim Black,world,17,2021-01-27,2021,1,2020s,0.768,0.724,-5.895,0.174,0.734,0.133,0.0,0.233,159.962,4,1,0,2.27,Low popularity
Ah-Yay!,Nachas,world,32,2021-06-21,2021,6,2020s,0.644,0.666,-7.062,0.101,0.45,0.0411,0.0,0.133,128.083,4,0,1,3.72,Low popularity
תרקדו,איציק וינגרטן,world,34,2021-07-20,2021,7,2020s,0.885,0.778,-5.852,0.0835,0.794,0.0475,0.0,0.0827,128.021,4,0,5,3.62,Low popularity
Sois Tosis,"Mordechai Shapiro, Freilach Band",world,15,2021-06-02,2021,6,2020s,0.807,0.605,-6.473,0.42,0.748,0.0662,0.0,0.0885,124.723,4,1,10,1.24,Low popularity
Hashem Echad,Itzik Orlev,world,28,2016-09-27,2016,9,2010s,0.789,0.637,-4.538,0.0852,0.601,0.0266,0.0,0.434,105.048,4,0,11,3.96,Low popularity
ריקוד מנצח,Itzik Orlev,world,24,2019-08-12,2019,8,2010s,0.948,0.636,-3.865,0.128,0.74,0.0361,3.06e-05,0.0625,110.012,4,0,7,3.3,Low popularity
Sultan - Workout Remix,"Vishal-Shekhar, Sukhwinder Singh, Shadab Faridi, Irshad Kamil",indian,42,2022-03-03,2022,3,2020s,0.743,0.797,-7.217,0.123,0.586,0.074,0.843,0.00929,140.028,4,1,9,3.43,Medium popularity
"Humraah (From ""Malang - Unleash The Madness"")","Sachet Tandon, Kunaal Vermaa, The Fusion Project",indian,66,2020-01-23,2020,1,2020s,0.854,0.468,-3.932,0.126,0.277,0.059,0.0,0.176,155.867,4,0,11,5.0,Medium popularity
"Singham Again Title Track (From ""Singham Again"")","Santhosh Venky, Ravi Basrur, Swanand Kirkire",indian,50,2024-10-26,2024,10,2020s,0.939,0.622,-5.881,0.0634,0.231,0.0556,0.0901,0.367,100.081,4,1,1,3.68,Medium popularity
Dangal,"Pritam, Daler Mehndi",indian,58,2016-12-14,2016,12,2010s,0.867,0.617,-5.1,0.0559,0.665,0.139,0.0,0.237,178.004,4,0,6,4.99,Medium popularity
Kar Har Maidaan Fateh,"Sukhwinder Singh, Shreya Ghoshal",indian,48,2018-06-29,2018,6,2010s,0.821,0.557,-7.794,0.0863,0.184,0.0573,0.0,0.0189,170.022,4,0,1,5.2,Medium popularity
"Sarphira (From ""Chandu Champion"")","Pritam, Sreerama Chandra, Kausar Munir",indian,45,2024-06-08,2024,6,2020s,0.821,0.654,-5.698,0.131,0.602,0.0415,1.67e-05,0.416,125.877,4,1,0,3.42,Medium popularity
"Illegal Weapon 2.0 (From ""Street Dancer 3D"")","Jasmine Sandlas, Garry Sandhu, Tanishk Bagchi, Intense",indian,66,2020-01-04,2020,1,2020s,0.919,0.805,-1.294,0.0598,0.494,0.0938,0.00343,0.101,94.993,4,1,1,3.14,Medium popularity
"Ghungroo (From ""War"")","Vishal-Shekhar, Arijit Singh, Shilpa Rao, Kumaar",indian,65,2019-09-30,2019,9,2010s,0.727,0.695,-6.274,0.533,0.864,0.0323,0.000175,0.0744,118.034,4,0,6,5.05,Medium popularity
Sooraj Dooba Hain,"Arijit Singh, Aditi Singh Sharma",indian,65,2015-01-09,2015,1,2010s,0.75,0.616,-4.629,0.137,0.434,0.0594,0.0,0.172,128.051,4,1,2,4.41,Medium popularity
Gallan Goodiyaan,"Yashita Sharma, Manish Kumar Tipu, Farhan Akhtar, Shankar Mahadevan, Sukhwinder Singh",indian,64,2015-05-02,2015,5,2010s,0.858,0.83,-3.18,0.0567,0.949,0.0554,1.72e-05,0.134,119.974,4,0,6,4.94,Medium popularity
"Coca Cola (From ""Luka Chuppi"")","Tony Kakkar, Neha Kakkar, Young Desi, Tanishk Bagchi",indian,64,2019-02-04,2019,2,2010s,0.867,0.722,-3.652,0.123,0.893,0.0904,0.0052,0.121,102.009,4,0,0,2.99,Medium popularity
Baby Doll,"Meet Bros Anjjan, Kanika Kapoor",indian,63,2014-02-28,2014,2,2010s,0.839,0.836,-2.974,0.181,0.507,0.106,7.25e-06,0.275,103.992,4,0,4,3.56,Medium popularity
Jhoome Jo Pathaan,"Vishal-Shekhar, Arijit Singh, Sukriti Kakar, Vishal Dadlani, Shekhar Ravjiani, Kumaar",indian,64,2022-12-22,2022,12,2020s,0.738,0.817,-7.639,0.331,0.616,0.0748,0.0,0.0964,104.964,4,1,7,3.47,Medium popularity
Ainvayi Ainvayi,"Salim–Sulaiman, Salim Merchant, Sunidhi Chauhan, Amitabh Bhattacharya",indian,63,2010-03-11,2010,3,2010s,0.742,0.689,-7.571,0.0928,0.876,0.0413,0.0046,0.0339,155.986,4,0,3,4.46,Medium popularity
Comment te dire adieu,Françoise Hardy,electronic,41,2005-11-21,2005,11,2000s,0.605,0.742,-9.045,0.131,0.93,0.0584,2.5e-05,0.305,124.205,4,0,10,2.51,Medium popularity
Isla Privée,"Dele GT, LAVIERY",electronic,19,2024-10-22,2024,10,2020s,0.547,0.694,-8.107,0.296,0.406,0.156,0.000196,0.265,93.942,4,1,2,3.2,Low popularity
La Bebé (Remix) [French Version],Dele GT,electronic,17,2024-01-13,2024,1,2020s,0.409,0.714,-6.476,0.0883,0.497,0.0787,0.0,0.0821,170.071,4,1,0,2.27,Low popularity
Balance ton quoi,Angèle,electronic,63,2018-10-05,2018,10,2010s,0.442,0.703,-10.383,0.276,0.381,0.0823,2.39e-05,0.594,115.932,4,1,0,3.16,Medium popularity
Yeux disent,Lomepal,electronic,54,2017-06-30,2017,6,2010s,0.586,0.736,-8.152,0.163,0.395,0.197,2.21e-05,0.553,113.655,4,0,5,3.54,Medium popularity
Alucin - Versión Francés,"Eugenio Esquivel, Dele GT, Los Esquivel, Sebastian Esquivel",electronic,14,2024-04-19,2024,4,2020s,0.694,0.763,-6.531,0.322,0.557,0.034,0.0004,0.00438,127.997,4,1,0,3.16,Low popularity
Tout oublier,"Angèle, Roméo Elvis",electronic,59,2018-10-05,2018,10,2010s,0.542,0.692,-7.9,0.247,0.285,0.197,2.75e-06,0.493,105.005,4,0,11,3.37,Medium popularity
Ella Baila Sola - Acustic French version,Dele GT,electronic,13,2024-02-04,2024,2,2020s,0.238,0.543,-8.738,0.166,0.358,0.0298,0.0,0.796,98.957,4,0,5,2.67,Low popularity
Ta reine,Angèle,electronic,59,2018-10-05,2018,10,2010s,0.44,0.668,-10.607,0.0901,0.127,0.0801,3.98e-06,0.822,107.091,4,0,9,3.55,Medium popularity
Impala,"Adèle Castillon, Videoclub",electronic,41,2022-06-10,2022,6,2020s,0.552,0.636,-9.972,0.34,0.737,0.037,0.0,0.624,105.961,4,0,8,2.18,Medium popularity
Flou,Angèle,electronic,56,2018-10-05,2018,10,2010s,0.52,0.682,-9.623,0.265,0.468,0.0589,5.44e-06,0.697,112.965,4,0,5,3.28,Medium popularity
CIEL,HOUDI,electronic,42,2023-03-03,2023,3,2020s,0.411,0.923,-11.2,0.108,0.322,0.114,0.00699,0.0529,111.926,4,1,6,2.89,Medium popularity
"Je t'aimais, je t'aime, je t'aimerai",Francis Cabrel,electronic,43,2007-04-04,2007,4,2000s,0.399,0.406,-9.863,0.14,0.372,0.0355,6.28e-05,0.828,177.547,3,1,6,4.61,Medium popularity
Incapable,"Jewel Usain, Béesau, Hedges",electronic,37,2023-10-27,2023,10,2020s,0.513,0.458,-10.321,0.106,0.448,0.262,0.0767,0.199,82.434,1,0,5,3.55,Low popularity
Pastille bleue,Jewel Usain,electronic,32,2023-10-27,2023,10,2020s,0.52,0.824,-8.162,0.106,0.255,0.321,0.000202,0.155,79.043,4,0,2,2.54,Low popularity
En plein océan,Jewel Usain,electronic,21,2021-05-07,2021,5,2020s,0.48,0.727,-8.751,0.108,0.239,0.241,5.54e-06,0.0887,99.844,4,1,1,4.85,Low popularity
1994,Hamza,electronic,52,2017-10-27,2017,10,2010s,0.679,0.804,-6.417,0.203,0.577,0.156,0.0,0.387,134.026,4,0,5,3.44,Medium popularity
J'me tire,GIMS,electronic,65,2013-12-02,2013,12,2010s,0.676,0.752,-5.233,0.186,0.425,0.0418,1.94e-06,0.00892,95.017,4,0,1,4.16,Medium popularity
Ramenez la coupe à la maison,Vegedream,electronic,65,2018-07-20,2018,7,2010s,0.661,0.808,-6.237,0.138,0.804,0.0395,0.0,0.0358,107.992,4,0,0,3.93,Medium popularity
Notes pour trop tard (feat. Ibeyi),"Orelsan, Ibeyi",electronic,56,2017-10-20,2017,10,2010s,0.622,0.531,-7.751,0.118,0.593,0.447,0.0,0.602,167.758,4,0,11,7.58,Medium popularity
Trop beau,Lomepal,electronic,61,2018-12-07,2018,12,2010s,0.66,0.748,-6.034,0.0883,0.324,0.0404,5.56e-06,0.295,123.902,4,0,4,4.08,Medium popularity
Sur ma route,Black M,electronic,58,2014-03-31,2014,3,2010s,0.785,0.747,-6.735,0.08,0.389,0.0413,0.0,0.053,125.025,4,0,7,4.21,Medium popularity
Désolé,Sexion d'Assaut,electronic,62,2010-03-29,2010,3,2010s,0.482,0.631,-6.761,0.0819,0.677,0.121,0.0,0.428,100.013,4,0,1,3.41,Medium popularity
Wati by Night,Sexion d'Assaut,electronic,63,2010-03-29,2010,3,2010s,0.756,0.932,-2.607,0.0232,0.759,0.15,0.0,0.15,114.986,4,1,2,4.15,Medium popularity
Ma direction,Sexion d'Assaut,electronic,58,2012-11-19,2012,11,2010s,0.763,0.865,-5.482,0.105,0.683,0.197,0.0,0.0783,106.977,4,0,4,4.39,Medium popularity
Pitbull,Booba,electronic,54,2006-02-13,2006,2,2000s,0.964,0.787,-4.816,0.0625,0.594,0.39,9.32e-06,0.289,177.972,4,0,11,3.83,Medium popularity
Tchikita,Jul,electronic,54,2016-09-20,2016,9,2010s,0.654,0.955,-5.528,0.0887,0.749,0.0809,3.19e-06,0.727,110.943,4,0,4,3.24,Medium popularity
FADE UP,"ZEG P, Hamza, SCH",electronic,61,2022-06-24,2022,6,2020s,0.599,0.758,-5.99,0.129,0.557,0.0877,1.13e-06,0.57,129.96,4,0,4,3.65,Medium popularity
Bande organisée,"Kofs, Soso Maness, Elams, Jul, SCH, Naps, Solda, Houari, 13 Organisé",electronic,64,2020-08-15,2020,8,2020s,0.939,0.901,-2.762,0.0643,0.805,0.274,0.0,0.117,142.948,4,1,6,5.94,Medium popularity
Fusil,SCH,electronic,57,2015-11-13,2015,11,2010s,0.464,0.87,-7.44,0.094,0.0929,0.357,0.00122,0.474,100.011,4,0,10,4.2,Medium popularity
6.45i,SCH,electronic,25,2016-12-09,2016,12,2010s,0.651,0.524,-7.897,0.104,0.335,0.348,1.49e-06,0.602,151.926,4,0,4,2.83,Low popularity
92i veyron,Booba,electronic,65,2015-12-04,2015,12,2010s,0.673,0.801,-5.576,0.0758,0.453,0.134,0.0,0.27,122.975,4,0,6,3.63,Medium popularity
E.L.E.P.H.A.N.T - Bonus Track,Booba,electronic,44,2017-12-01,2017,12,2010s,0.685,0.84,-3.431,0.0594,0.267,0.0591,6.19e-05,0.193,120.971,4,0,6,3.0,Medium popularity
La Vie en rose,Édith Piaf,electronic,58,2008-10-13,2008,10,2000s,0.278,0.371,-8.596,0.272,0.338,0.0303,0.0,0.981,82.331,4,0,7,3.13,Medium popularity
Je ne veux pas travailler,Sole Gimenez,electronic,35,2012-10-10,2012,10,2010s,0.503,0.665,-6.985,0.0793,0.468,0.0836,1.08e-05,0.701,129.76,4,1,7,3.35,Low popularity
Amour plastique,"Videoclub, Adèle Castillon, Mattyeux",electronic,58,2018-09-08,2018,9,2010s,0.354,0.7,-14.043,0.128,0.245,0.0345,0.00158,0.765,119.965,4,0,6,3.78,Medium popularity
Je ne t'aime plus,Manu Chao,electronic,62,1998-10-06,1998,10,1990s,0.438,0.649,-12.859,0.136,0.932,0.0357,0.759,0.911,149.897,4,0,9,2.05,Medium popularity
Simple,"Moussa, Claire Laffut",electronic,16,2020-12-04,2020,12,2020s,0.373,0.63,-10.136,0.115,0.346,0.0652,1.08e-06,0.856,97.034,4,0,9,1.45,Low popularity
Paradis,Panache!,electronic,22,2020-11-11,2020,11,2020s,0.665,0.719,-7.248,0.0836,0.656,0.0297,0.0171,0.419,127.977,4,1,3,2.53,Low popularity
Bleu ciel,Smeels,electronic,38,2021-04-16,2021,4,2020s,0.549,0.65,-7.231,0.0908,0.13,0.0398,0.0,0.18,140.011,4,0,11,2.8,Low popularity
La recette,Slimane,electronic,55,2022-09-01,2022,9,2020s,0.673,0.727,-6.269,0.176,0.397,0.052,0.0,0.248,95.925,4,0,7,3.3,Medium popularity
Sors,Ycare,electronic,35,2014-03-17,2014,3,2010s,0.862,0.582,-7.211,0.0632,0.562,0.042,0.000117,0.0263,119.931,4,0,11,3.12,Low popularity
La pluie (feat. Stromae),"Orelsan, Stromae",electronic,57,2017-10-20,2017,10,2010s,0.759,0.694,-5.231,0.255,0.777,0.124,0.0,0.0756,86.037,4,0,2,2.92,Medium popularity
La terre est ronde,Orelsan,electronic,61,2011-09-26,2011,9,2010s,0.675,0.634,-7.351,0.362,0.633,0.0926,0.000314,0.099,82.183,4,0,7,3.66,Medium popularity
Parce que c'est toi,M. Pokora,electronic,30,2023-06-05,2023,6,2020s,0.617,0.696,-6.123,0.14,0.626,0.0418,0.0,0.269,123.994,4,1,10,2.85,Low popularity
Don't Stop,Lenni Kim,electronic,34,2017-06-30,2017,6,2010s,0.791,0.75,-6.707,0.113,0.593,0.0669,0.0,0.189,105.074,4,0,1,3.75,Low popularity
Mais je t'aime,"Grand Corps Malade, Camille Lellouche",electronic,57,2021-09-10,2021,9,2020s,0.412,0.476,-10.529,0.112,0.209,0.131,9.04e-06,0.796,179.783,3,0,9,4.5,Medium popularity
Derrière le brouillard,"Grand Corps Malade, Louane",electronic,56,2021-09-10,2021,9,2020s,0.616,0.68,-8.528,0.127,0.229,0.107,0.0,0.167,109.842,4,0,6,4.22,Medium popularity
Pas l'temps pour les regrets,Lunatic,electronic,47,2000-01-01,2000,1,2000s,0.868,0.609,-4.535,0.0866,0.592,0.316,0.0,0.286,92.742,4,1,11,4.68,Medium popularity
On verra,Nekfeu,electronic,64,2015-06-08,2015,6,2010s,0.58,0.575,-6.801,0.0781,0.323,0.0668,0.0,0.166,75.195,4,1,0,3.52,Medium popularity
Qui peut le nier ! - Remasterisé,Oxmo Puccino,electronic,30,2018-04-27,2018,4,2010s,0.501,0.772,-5.887,0.197,0.379,0.297,1.16e-05,0.0106,90.967,4,1,0,4.24,Low popularity
AMNESIA,TIF,electronic,57,2023-03-10,2023,3,2020s,0.392,0.792,-8.039,0.0775,0.697,0.0711,0.0,0.864,119.983,4,0,1,2.61,Medium popularity
Heureux qui comme Ulysse,Georges Brassens,electronic,31,2016-10-14,2016,10,2010s,0.145,0.677,-14.238,0.12,0.698,0.0597,0.0,0.929,99.508,4,0,6,2.25,Low popularity
Le chant des sirènes,Fréro Delavega,electronic,62,2014-01-01,2014,1,2010s,0.474,0.73,-9.537,0.099,0.625,0.0351,2.85e-05,0.669,123.895,4,1,7,2.98,Medium popularity
FLEURS (feat. Tiakola),"Gazo, Tiakola",electronic,62,2022-07-01,2022,7,2020s,0.636,0.673,-7.431,0.108,0.438,0.0771,0.0,0.268,127.021,4,1,10,3.52,Medium popularity
Apollo13,"Mister V, Juice",electronic,36,2017-05-19,2017,5,2010s,0.667,0.789,-7.301,0.163,0.731,0.0514,0.0,0.356,132.009,4,1,9,3.44,Low popularity
T'as peur,"Aya Nakamura, Myke Towers",electronic,49,2023-01-27,2023,1,2020s,0.565,0.755,-5.595,0.111,0.407,0.273,2.77e-05,0.113,177.941,4,0,8,3.59,Medium popularity
CP_009_ Évidemment,"Orelsan, Angèle",electronic,51,2022-10-28,2022,10,2020s,0.67,0.713,-6.447,0.52,0.457,0.305,0.0,0.113,120.76,4,0,9,3.44,Medium popularity
Magenta,Bekar,electronic,60,2022-04-08,2022,4,2020s,0.552,0.726,-7.666,0.0714,0.629,0.0537,2.74e-06,0.534,138.032,4,0,1,1.76,Medium popularity
Salé,Niska,electronic,60,2017-09-22,2017,9,2010s,0.595,0.772,-7.576,0.25,0.37,0.0629,0.0,0.406,141.97,4,1,1,2.84,Medium popularity
Mélodie,OBOY,electronic,62,2020-07-03,2020,7,2020s,0.536,0.781,-8.188,0.0797,0.524,0.125,2.21e-06,0.36,95.034,4,1,0,2.76,Medium popularity
P A S C O M M E Ç A,"Tayc, Tiakola",electronic,64,2021-11-19,2021,11,2020s,0.691,0.765,-7.016,0.0951,0.711,0.0692,4.19e-05,0.226,102.025,4,1,1,2.97,Medium popularity
Céline,"Elh Kmer, So La Lune",electronic,47,2022-03-18,2022,3,2020s,0.578,0.622,-7.155,0.137,0.58,0.0836,0.0,0.602,140.709,4,1,7,2.75,Medium popularity
AMARU,Dinos,electronic,46,2022-05-24,2022,5,2020s,0.464,0.886,-8.947,0.0776,0.417,0.0794,0.00107,0.168,108.015,4,0,7,2.57,Medium popularity
Namek,Dinos,electronic,39,2015-01-19,2015,1,2010s,0.596,0.707,-8.284,0.0914,0.547,0.0422,0.0,0.55,120.954,4,1,0,3.95,Low popularity
"L’Amour, Les Baguettes, Paris",Stella Jang,electronic,50,2021-10-15,2021,10,2020s,0.132,0.369,-13.639,0.155,0.367,0.0413,4.69e-06,0.954,78.412,4,1,0,2.79,Medium popularity
Δ. Dieu ne ment jamais,Damso,electronic,66,2017-04-28,2017,4,2010s,0.736,0.756,-7.719,0.0373,0.612,0.0443,4.96e-06,0.0597,115.983,4,1,11,3.32,Medium popularity
DJ,Diam's,electronic,54,2003-05-12,2003,5,2000s,0.623,0.916,-7.648,0.179,0.816,0.118,0.0,0.15,123.08,4,1,4,4.52,Medium popularity
Billets,Gradur,electronic,18,2019-11-29,2019,11,2010s,0.72,0.615,-5.809,0.0933,0.3,0.341,0.0,0.706,127.385,4,0,1,3.26,Low popularity
Des milliers de je t'aime,Slimane,electronic,63,2022-09-01,2022,9,2020s,0.552,0.532,-6.005,0.0815,0.296,0.0522,0.0,0.725,134.768,4,0,6,3.55,Medium popularity
Hijo de la Luna - Fils de la Lune,The Top Club Band,electronic,21,2013-10-21,2013,10,2010s,0.412,0.425,-13.607,0.0919,0.38,0.0273,0.179,0.84,177.144,3,0,1,4.34,Low popularity
BANKSY,"Recycled J, Selecta",electronic,39,2021-09-24,2021,9,2020s,0.509,0.745,-7.486,0.147,0.504,0.0486,0.0,0.391,127.143,4,0,5,3.4,Low popularity
La maladie d'amour,Michel Sardou,electronic,54,2004-01-01,2004,1,2000s,0.44,0.382,-10.124,0.0992,0.411,0.0295,0.00106,0.777,137.321,4,1,10,3.5,Medium popularity
Les mots bleus,Christophe,electronic,54,2013-03-18,2013,3,2010s,0.71,0.343,-4.412,0.0308,0.391,0.0371,1.42e-06,0.497,138.241,4,1,11,4.18,Medium popularity
Aimer à perdre la raison,Jean Ferrat,electronic,29,1995-11-23,1995,11,1990s,0.343,0.311,-10.186,0.136,0.412,0.0299,1.82e-06,0.77,100.551,4,1,0,2.38,Low popularity
Comme d'habitude,Claude François,electronic,52,1993-01-01,1993,1,1990s,0.487,0.325,-8.512,0.288,0.489,0.0297,1.01e-06,0.143,85.706,4,1,5,4.16,Medium popularity
Coup de vieux,"Bigflo & Oli, Julien Doré",electronic,58,2022-06-23,2022,6,2020s,0.624,0.834,-8.565,0.106,0.831,0.0838,0.0,0.0729,115.981,4,0,9,3.87,Medium popularity
Dommage,Bigflo & Oli,electronic,58,2017-11-03,2017,11,2010s,0.595,0.757,-8.125,0.131,0.811,0.147,0.0,0.375,172.07,4,0,9,3.97,Medium popularity
Hit Sale,"Therapie TAXI, Roméo Elvis",electronic,63,2018-02-02,2018,2,2010s,0.784,0.573,-5.224,0.0844,0.69,0.0591,0.0,0.141,82.009,4,1,9,3.07,Medium popularity
Eté 90,Therapie TAXI,electronic,65,2021-01-08,2021,1,2020s,0.618,0.649,-7.691,0.0911,0.381,0.0779,1.16e-06,0.0215,92.02,4,1,9,3.21,Medium popularity
Papa,"Bigflo & Oli, Fabian Ordonez",electronic,43,2017-11-03,2017,11,2010s,0.684,0.781,-6.169,0.442,0.563,0.318,0.0,0.256,103.978,4,0,0,5.3,Medium popularity
1000°C,"Lomepal, Roméo Elvis",electronic,53,2018-12-07,2018,12,2010s,0.553,0.706,-8.056,0.111,0.392,0.112,3.44e-05,0.263,102.996,4,0,3,3.93,Medium popularity
Soleil,Roméo Elvis,electronic,49,2019-04-12,2019,4,2010s,0.766,0.702,-6.578,0.174,0.512,0.172,0.0,0.259,124.011,4,0,4,2.87,Medium popularity
40%,Aya Nakamura,electronic,57,2019-10-25,2019,10,2010s,0.693,0.841,-7.335,0.133,0.678,0.205,3.99e-06,0.396,92.021,4,1,11,2.92,Medium popularity
Lolita,Ashh,electronic,52,2017-07-07,2017,7,2010s,0.675,0.474,-5.901,0.131,0.386,0.233,0.0,0.22,83.204,4,1,3,3.7,Medium popularity
J't'emmène au vent,Louise Attaque,electronic,65,1997-04-22,1997,4,1990s,0.772,0.567,-5.577,0.101,0.597,0.0365,0.0,0.252,137.014,4,1,6,3.07,Medium popularity
A minuit,Bekar,electronic,52,2023-05-31,2023,5,2020s,0.623,0.712,-8.473,0.214,0.869,0.0439,0.0,0.4,75.996,4,0,0,2.21,Medium popularity
Les feuilles mortes,Yves Montand,electronic,34,2017-11-10,2017,11,2010s,0.146,0.391,-15.246,0.0996,0.158,0.0438,0.000243,0.984,88.934,3,0,2,3.35,Low popularity
Elle Danse sexy,"Sisi K, BB Model",electronic,33,2011-06-20,2011,6,2010s,0.838,0.63,-4.662,0.205,0.707,0.036,1.27e-05,0.00211,140.04,4,0,0,2.64,Low popularity
Magic in the Air (feat. Ahmed Chawki),"Magic System, Chawki",electronic,67,2014-05-16,2014,5,2010s,0.907,0.621,-3.923,0.067,0.884,0.0474,0.0,0.091,128.056,4,1,2,3.89,Medium popularity
Ambiance à l'africaine,Magic System,electronic,53,2011-04-01,2011,4,2010s,0.773,0.851,-5.159,0.214,0.734,0.263,0.0,0.192,131.559,4,0,9,3.06,Medium popularity
Bécane - A COLORS SHOW,Yamê,electronic,67,2023-06-01,2023,6,2020s,0.527,0.505,-7.765,0.0974,0.235,0.0958,0.0,0.327,120.462,4,1,10,3.04,Medium popularity
Petit à petit,Arcadian,electronic,34,2019-10-04,2019,10,2010s,0.774,0.806,-7.06,0.131,0.517,0.0831,0.0,0.106,109.999,4,0,7,2.96,Low popularity
I love you,"Dadju, Tayc",electronic,63,2023-12-08,2023,12,2020s,0.61,0.447,-6.161,0.0984,0.718,0.188,0.000175,0.316,138.266,5,0,1,3.96,Medium popularity
Les yeux de la mama,Kendji Girac,electronic,52,2016-11-25,2016,11,2010s,0.556,0.475,-6.06,0.0943,0.414,0.051,0.0,0.43,88.188,4,0,4,3.37,Medium popularity
Le vent nous portera,Noir Désir,electronic,58,2001-01-01,2001,1,2000s,0.702,0.669,-10.616,0.119,0.793,0.0582,0.0408,0.713,105.232,4,0,4,4.81,Medium popularity
Côte Ouest,47ter,electronic,42,2019-10-25,2019,10,2010s,0.594,0.771,-7.961,0.181,0.581,0.0945,0.0,0.501,152.039,4,1,8,3.89,Medium popularity
On avait dit,47ter,electronic,34,2019-10-25,2019,10,2010s,0.643,0.772,-6.58,0.0679,0.776,0.0447,0.0,0.541,120.014,4,0,10,3.68,Low popularity
Et même après je t'aimerai,Hoshi,electronic,58,2022-02-11,2022,2,2020s,0.621,0.589,-4.239,0.0919,0.253,0.038,0.0,0.287,100.055,4,1,1,3.27,Medium popularity
Tout va bien,roland decembre,electronic,14,2023-02-03,2023,2,2020s,0.624,0.742,-8.139,0.268,0.866,0.042,0.154,0.252,133.977,4,1,2,3.19,Low popularity
Dans ma tête,Nell Widmer,electronic,29,2023-05-05,2023,5,2020s,0.57,0.831,-8.572,0.122,0.478,0.127,0.0,0.2,115.02,4,0,6,2.71,Low popularity
Reste en Vie,Luidji,electronic,64,2023-06-22,2023,6,2020s,0.305,0.763,-8.174,0.774,0.551,0.269,0.000131,0.857,118.677,5,0,1,3.31,Medium popularity
Médicament,"Niska, Booba",electronic,52,2019-04-05,2019,4,2010s,0.653,0.665,-6.686,0.0769,0.381,0.0893,0.0,0.693,157.38,3,0,6,3.31,Medium popularity
Réseaux,Niska,electronic,63,2017-09-22,2017,9,2010s,0.668,0.795,-6.463,0.127,0.349,0.244,0.0,0.161,150.093,4,1,1,3.27,Medium popularity
P*Tain de m*Rde,Naza,electronic,47,2018-05-04,2018,5,2010s,0.802,0.776,-6.237,0.154,0.804,0.251,0.00356,0.27,140.014,4,1,0,3.29,Medium popularity
La mer,Charles Trenet,electronic,43,1990-06-25,1990,6,1990s,0.168,0.241,-16.267,0.373,0.556,0.0442,0.114,0.965,84.749,3,1,0,3.36,Medium popularity
Pacifique,Zoufris Maracas,electronic,39,2015-03-02,2015,3,2010s,0.412,0.651,-9.686,0.103,0.922,0.0517,0.0,0.444,179.852,3,0,3,6.7,Low popularity
Jardin d'hiver,Henri Salvador,electronic,53,2000-10-15,2000,10,2000s,0.144,0.684,-17.419,0.241,0.573,0.0708,0.0249,0.534,119.659,4,0,11,2.8,Medium popularity
La mémoire et la mer,Léo Ferré,electronic,22,2013-01-01,2013,1,2010s,0.281,0.42,-11.644,0.147,0.277,0.041,0.0,0.85,129.346,3,0,4,5.43,Low popularity
La maison près de la fontaine,Nino Ferrer,electronic,38,2004-01-01,2004,1,2000s,0.302,0.467,-10.322,0.36,0.18,0.0291,0.00065,0.788,88.15,4,0,5,3.75,Low popularity
Le sud,Nino Ferrer,electronic,57,2004-01-01,2004,1,2000s,0.56,0.534,-7.565,0.11,0.599,0.0236,9.63e-05,0.451,89.885,4,1,4,4.58,Medium popularity
Used to Be in Love,The Jungle Giants,indie,65,2017-07-07,2017,7,2010s,0.631,0.83,-5.238,0.0539,0.877,0.0313,0.0359,0.0022,128.013,4,0,11,3.71,Medium popularity
Booster Seat,Spacey Jane,indie,62,2020-06-12,2020,6,2020s,0.55,0.629,-5.403,0.108,0.7,0.0263,1.21e-06,0.042,111.962,4,1,11,4.48,Medium popularity
Sofa King,Royel Otis,indie,68,2023-03-31,2023,3,2020s,0.898,0.565,-5.055,0.254,0.864,0.0412,0.00296,0.00491,97.021,4,1,0,3.27,Medium popularity
Yellow Mellow,Ocean Alley,indie,62,2013-09-08,2013,9,2010s,0.852,0.493,-3.349,0.147,0.499,0.0802,9.72e-06,0.0231,86.309,4,0,11,3.76,Medium popularity
Out Of Luck,Old Mervs,indie,53,2021-08-06,2021,8,2020s,0.883,0.506,-5.063,0.104,0.5,0.0363,0.0,0.29,95.951,4,1,7,2.99,Medium popularity
Sunbleached Girl,Shag Rock,indie,55,2017-02-10,2017,2,2010s,0.603,0.718,-6.278,0.0781,0.474,0.0258,0.0,0.326,108.074,4,1,3,2.96,Medium popularity
Better in Blak,Thelma Plum,indie,51,2019-07-12,2019,7,2010s,0.849,0.673,-5.242,0.116,0.375,0.0544,0.000274,0.0186,148.002,4,1,1,3.21,Medium popularity
Money,Lime Cordiale,indie,55,2020-07-10,2020,7,2020s,0.585,0.646,-9.148,0.406,0.412,0.0336,0.293,0.163,110.058,4,1,4,3.97,Medium popularity
Australia Street,Sticky Fingers,indie,62,2013-03-08,2013,3,2010s,0.69,0.456,-8.092,0.0992,0.512,0.0448,0.0,0.0215,77.66,4,1,0,3.65,Medium popularity
Up In The Clouds,Skegss,indie,51,2018-09-07,2018,9,2010s,0.64,0.553,-9.246,0.205,0.478,0.0288,0.0,0.0109,104.989,4,1,0,2.49,Medium popularity
Feel the Way I Do,The Jungle Giants,indie,55,2017-07-07,2017,7,2010s,0.636,0.803,-4.64,0.0791,0.817,0.0322,0.00505,0.0231,122.966,4,0,11,3.42,Medium popularity
Rose Pink Cadillac,DOPE LEMON,indie,64,2022-01-07,2022,1,2020s,0.805,0.746,-6.827,0.104,0.906,0.0339,0.00685,0.321,100.003,4,1,1,4.37,Medium popularity
Tombstone,Ocean Alley,indie,55,2020-06-19,2020,6,2020s,0.542,0.334,-11.202,0.139,0.809,0.0263,0.000632,0.0117,169.31,4,1,5,4.0,Medium popularity
Glaciers,Lights & Motion,electronic,33,2018-02-02,2018,2,2010s,0.16,0.0789,-18.144,0.0943,0.0409,0.0362,0.786,0.733,56.449,4,1,7,2.94,Low popularity
The Ends,Luke Howard,electronic,24,2016-01-01,2016,1,2010s,0.0429,0.196,-19.749,0.152,0.0575,0.0395,0.983,0.977,69.569,5,1,11,3.57,Low popularity
Ariana,Tony Anderson,electronic,41,2020-01-17,2020,1,2020s,0.185,0.513,-24.03,0.101,0.0341,0.0348,0.897,0.967,92.992,4,1,6,9.29,Medium popularity
Rush/Rest,Benjamin Drewitz,electronic,21,2024-10-18,2024,10,2020s,0.163,0.398,-24.801,0.0811,0.371,0.033,0.905,0.987,166.037,4,0,2,2.51,Low popularity
Umbra,Jakob Ahlbom,electronic,18,2024-10-03,2024,10,2020s,0.233,0.257,-21.571,0.103,0.037,0.039,0.924,0.936,178.034,3,1,7,3.82,Low popularity
Solskur - Rework,"Patrik Berg Almkvisth, LUCHS, Hollie Kenniff",electronic,14,2023-11-10,2023,11,2020s,0.287,0.128,-18.719,0.0906,0.0392,0.0368,0.927,0.96,64.845,3,1,2,4.72,Low popularity
Enghave Lys,Henrik Lindstrand,electronic,21,2017-10-06,2017,10,2010s,0.106,0.612,-23.461,0.0854,0.251,0.0348,0.937,0.99,118.084,3,1,9,3.65,Low popularity
december - Music Within remix,"Dear Gravity, Music Within",electronic,34,2024-11-08,2024,11,2020s,0.167,0.417,-20.834,0.065,0.0769,0.0295,0.916,0.976,79.948,1,0,4,3.68,Low popularity
We Still Share the Same Sky,Koshun Nakao,electronic,19,2024-10-11,2024,10,2020s,0.132,0.208,-21.318,0.116,0.0916,0.0389,0.913,0.95,132.338,5,1,0,3.2,Low popularity
Monarch,From Somewhere Quiet,electronic,20,2024-03-08,2024,3,2020s,0.139,0.245,-17.824,0.0867,0.149,0.0313,0.91,0.593,103.549,4,1,2,3.24,Low popularity
Relent,Jakob Ahlbom,electronic,16,2022-11-11,2022,11,2020s,0.0917,0.24,-20.167,0.0767,0.0385,0.0357,0.867,0.964,70.294,4,1,10,3.63,Low popularity
New Beginning,AEMIA,electronic,12,2023-02-10,2023,2,2020s,0.206,0.124,-16.626,0.0619,0.0367,0.0368,0.786,0.926,84.122,4,1,5,4.99,Low popularity
love is like the wind,Ross Lara,electronic,25,2024-10-21,2024,10,2020s,0.00945,0.152,-30.46,0.123,0.249,0.0355,0.94,0.971,76.745,4,1,9,4.44,Low popularity
Autonomy,"Jakob Ahlbom, Hanna Ekström, Anna Dager",electronic,34,2023-12-01,2023,12,2020s,0.0732,0.18,-24.359,0.112,0.0703,0.0326,0.94,0.954,88.092,4,1,3,4.27,Low popularity
Restore - Instrumental,"Salt Of The Sound, Simon Wester",electronic,46,2024-10-11,2024,10,2020s,0.0798,0.254,-19.993,0.0734,0.0679,0.0308,0.977,0.943,86.126,4,1,2,3.02,Medium popularity
Trampoline,"Stilhed, Jacob David",electronic,31,2024-10-11,2024,10,2020s,0.0624,0.227,-28.311,0.109,0.0387,0.0376,0.939,0.761,69.11,3,1,8,3.25,Low popularity
Chapter Three,Sarah Watson,electronic,39,2024-05-24,2024,5,2020s,0.0445,0.267,-30.101,0.104,0.241,0.0321,0.911,0.987,70.694,4,1,0,2.16,Low popularity
dvale,bløeme,electronic,12,2024-11-14,2024,11,2020s,0.0661,0.171,-25.611,0.112,0.0393,0.0324,0.863,0.961,77.843,3,0,7,2.05,Low popularity
Cavendish Creek,Charlie Ryder,electronic,22,2024-10-18,2024,10,2020s,0.039,0.188,-32.36,0.168,0.0806,0.0397,0.915,0.971,128.309,3,1,9,2.42,Low popularity
Tundra,Immanu El,electronic,15,2021-06-04,2021,6,2020s,0.313,0.207,-19.806,0.127,0.0381,0.0484,0.888,0.936,112.876,4,1,7,3.9,Low popularity
Cambridge,From Somewhere Quiet,electronic,26,2024-05-03,2024,5,2020s,0.131,0.166,-18.157,0.0877,0.0703,0.0367,0.896,0.808,86.729,4,1,0,2.47,Low popularity
Heartbeat,Ross Lara,electronic,14,2024-09-23,2024,9,2020s,0.146,0.186,-23.549,0.286,0.0369,0.0349,0.938,0.916,79.161,4,1,1,5.05,Low popularity
cure all - reimagined,Dear Gravity,electronic,30,2024-09-20,2024,9,2020s,0.137,0.173,-22.641,0.0906,0.0391,0.0347,0.965,0.783,116.13,4,1,9,5.63,Low popularity
The Distance Between Us III,Alfonso Peduto,electronic,14,2024-08-09,2024,8,2020s,0.0647,0.16,-26.427,0.108,0.177,0.0379,0.848,0.968,69.935,4,0,1,2.54,Low popularity
The Fig Tree,Jakob Ahlbom,electronic,35,2020-10-09,2020,10,2020s,0.0637,0.382,-18.423,0.094,0.0783,0.0343,0.836,0.976,109.903,4,1,7,2.59,Low popularity
Through the Trees,"Raphah, We Dream of Eden",electronic,30,2024-08-16,2024,8,2020s,0.151,0.202,-21.19,0.101,0.0361,0.0326,0.918,0.884,67.141,3,1,4,3.6,Low popularity
Song For O,Ward Dhoore,electronic,11,2022-03-29,2022,3,2020s,0.0254,0.426,-28.77,0.0978,0.246,0.035,0.951,0.991,53.829,4,0,6,2.98,Low popularity
Sense of Perception,Charlie Ryder,electronic,15,2024-07-21,2024,7,2020s,0.0331,0.173,-25.129,0.111,0.248,0.0465,0.782,0.907,73.003,4,1,6,4.5,Low popularity
Eyries,"Jakob Ahlbom, Hanna Ekström, Anna Dager",electronic,31,2023-10-13,2023,10,2020s,0.122,0.188,-16.924,0.0754,0.0392,0.0373,0.81,0.966,97.609,4,0,2,3.12,Low popularity
Exist,Giuliano Poles,electronic,14,2024-06-28,2024,6,2020s,0.0277,0.489,-33.191,0.128,0.0861,0.0418,0.933,0.962,124.035,4,0,4,2.66,Low popularity
Distant Memory,"Simon Wester, We Dream of Eden",electronic,38,2024-09-20,2024,9,2020s,0.204,0.102,-19.741,0.0794,0.0367,0.0373,0.952,0.914,90.792,5,1,0,3.25,Low popularity
Sun,"Sun Rain, Alaskan Tapes",electronic,13,2023-12-22,2023,12,2020s,0.105,0.129,-23.323,0.0837,0.0389,0.0403,0.95,0.904,57.353,3,1,0,3.03,Low popularity
Ecosystem,"Jakob Ahlbom, Anna Dager, Hanna Ekström",electronic,13,2023-12-01,2023,12,2020s,0.296,0.192,-13.959,0.0752,0.0342,0.0369,0.837,0.621,98.021,3,1,5,2.49,Low popularity
New Mercies,Anneline Hugo,electronic,14,2024-09-13,2024,9,2020s,0.0519,0.121,-23.796,0.0841,0.131,0.0415,0.817,0.979,70.798,3,1,9,3.09,Low popularity
Run,"Fryderyk HD, Lilibet",electronic,19,2024-10-17,2024,10,2020s,0.141,0.382,-23.702,0.0713,0.0385,0.0359,0.779,0.802,133.731,4,1,0,3.42,Low popularity
Hoarfrost,PuzzleWaves,electronic,21,2024-10-25,2024,10,2020s,0.335,0.265,-20.259,0.0975,0.0501,0.0412,0.843,0.941,82.398,4,1,7,3.39,Low popularity
Lakewood,Adalione,electronic,21,2024-10-25,2024,10,2020s,0.131,0.401,-21.0,0.111,0.0656,0.0333,0.9,0.977,97.16,4,1,1,2.76,Low popularity
Northern,Sailsetter,electronic,35,2024-10-10,2024,10,2020s,0.0503,0.0642,-24.963,0.302,0.0354,0.0452,0.967,0.93,52.248,4,1,2,2.77,Low popularity
Altitude,Beneath The Mountain,electronic,14,2024-01-12,2024,1,2020s,0.0745,0.219,-23.757,0.0789,0.0385,0.041,0.955,0.975,115.856,4,1,1,3.58,Low popularity
Sand Castle,Taisen,electronic,11,2024-04-19,2024,4,2020s,0.072,0.419,-19.041,0.0959,0.0615,0.0302,0.915,0.961,160.113,4,0,10,3.59,Low popularity
Nostalgia,Libby Flores,electronic,17,2024-03-26,2024,3,2020s,0.154,0.345,-19.336,0.107,0.0388,0.0379,0.905,0.493,120.408,4,0,11,2.1,Low popularity
Lost Love,Ben Laver,electronic,16,2024-09-13,2024,9,2020s,0.0135,0.17,-24.59,0.109,0.0895,0.0443,0.958,0.977,80.163,4,1,6,3.95,Low popularity
Landscapes,Uutela,electronic,24,2024-11-01,2024,11,2020s,0.152,0.532,-24.397,0.121,0.152,0.0399,0.862,0.986,113.419,3,1,3,2.29,Low popularity
Coasting,Euan Dalgarno,electronic,12,2023-11-03,2023,11,2020s,0.259,0.127,-16.111,0.0937,0.0364,0.0388,0.896,0.951,80.745,4,1,1,4.95,Low popularity
Carry Me Away,From Somewhere Quiet,electronic,30,2024-09-06,2024,9,2020s,0.139,0.2,-18.539,0.156,0.104,0.031,0.918,0.881,102.462,4,1,11,2.2,Low popularity
petals,springwell.,electronic,12,2024-09-06,2024,9,2020s,0.0293,0.117,-27.884,0.0973,0.0615,0.0408,0.965,0.995,94.383,1,1,8,2.06,Low popularity
Where Nothing Is Forgotten,Kyle Preston,electronic,19,2023-10-27,2023,10,2020s,0.159,0.0594,-20.13,0.0597,0.0302,0.0429,0.921,0.895,56.162,4,1,4,3.96,Low popularity
Hope and a Future,Raphah,electronic,25,2024-02-23,2024,2,2020s,0.201,0.138,-18.646,0.0938,0.0327,0.0387,0.796,0.913,77.711,5,1,9,3.37,Low popularity
First Heartbeat,Sarah Watson,electronic,48,2024-04-12,2024,4,2020s,0.145,0.377,-24.252,0.0926,0.26,0.04,0.955,0.989,127.457,3,1,6,1.53,Medium popularity
No3 | Madrugada,Andreas Hauschild,electronic,27,2024-05-20,2024,5,2020s,0.0325,0.359,-29.901,0.0976,0.326,0.0335,0.862,0.991,126.368,3,0,3,3.03,Low popularity
In Bloom,Antonio Ministeri,electronic,12,2023-06-09,2023,6,2020s,0.155,0.0597,-17.235,0.0756,0.0338,0.0387,0.914,0.917,65.143,3,1,4,3.67,Low popularity
Latitude,George Ian Hewitt,electronic,12,2024-06-21,2024,6,2020s,0.0348,0.531,-29.018,0.105,0.089,0.0516,0.947,0.995,72.346,4,1,7,1.83,Low popularity
I Opened A Book,Have a Cigar,electronic,15,2023-04-21,2023,4,2020s,0.151,0.304,-24.076,0.0896,0.0455,0.0339,0.926,0.961,99.779,3,1,7,4.18,Low popularity
Resonance,Christopher Galovan,electronic,37,2024-05-10,2024,5,2020s,0.0525,0.0658,-26.699,0.115,0.0389,0.0367,0.83,0.925,66.754,4,1,0,2.42,Low popularity
Seven Years,Josh Leake,electronic,16,2019-03-14,2019,3,2010s,0.168,0.217,-20.041,0.338,0.0376,0.0402,0.938,0.911,139.912,4,1,8,6.7,Low popularity
Then There Was You,Beneath The Mountain,electronic,19,2023-11-09,2023,11,2020s,0.0941,0.192,-21.537,0.0795,0.0527,0.0334,0.89,0.9,67.817,4,1,2,3.24,Low popularity
"Tomorrow, I'll be fine",Onur Tarçın,electronic,42,2023-12-15,2023,12,2020s,0.202,0.24,-19.022,0.1,0.0656,0.0415,0.93,0.783,92.081,4,0,9,2.82,Medium popularity
Deep,Peter Sandberg,electronic,37,2019-03-01,2019,3,2010s,0.0748,0.207,-22.754,0.0571,0.0385,0.0328,0.9,0.904,48.232,4,1,11,4.5,Low popularity
And So It Continues,"Johannes Baumer, Distant Cowboy",electronic,28,2024-04-19,2024,4,2020s,0.24,0.0746,-16.993,0.0888,0.0307,0.0381,0.901,0.692,79.44,3,1,11,3.51,Low popularity
Aria,Across The Great Valley,electronic,22,2022-12-30,2022,12,2020s,0.161,0.405,-14.691,0.108,0.0439,0.0296,0.796,0.945,64.971,4,1,0,2.84,Low popularity
Joha,Asake,latin,61,2022-09-07,2022,9,2020s,0.817,0.819,-8.221,0.275,0.77,0.0698,0.201,0.0593,120.039,4,0,1,2.47,Medium popularity
Finesse,"Pheelz, Bnxn",latin,44,2022-03-03,2022,3,2020s,0.537,0.861,-8.199,0.289,0.769,0.159,0.0,0.504,102.014,4,0,1,2.53,Medium popularity
Monalisa,"Lojay, Sarz",latin,58,2021-06-04,2021,6,2020s,0.705,0.827,-6.756,0.102,0.624,0.0429,0.00556,0.0813,113.006,4,0,10,3.57,Medium popularity
Terminator,Asake,latin,46,2022-08-18,2022,8,2020s,0.657,0.829,-6.802,0.0937,0.811,0.0648,5.27e-05,0.235,116.984,4,1,0,2.6,Medium popularity
Ijo (Laba Laba),Crayon,latin,45,2022-07-06,2022,7,2020s,0.513,0.818,-11.382,0.0408,0.583,0.0574,0.00105,0.106,115.01,4,0,8,3.1,Medium popularity
Sungba (feat. Burna Boy) - Remix,"Asake, Burna Boy",latin,47,2022-03-27,2022,3,2020s,0.588,0.861,-8.861,0.0591,0.705,0.243,0.0,0.00913,111.995,4,1,7,3.5,Medium popularity
High,"Adekunle Gold, Davido",latin,47,2021-09-03,2021,9,2020s,0.864,0.802,-5.442,0.0408,0.828,0.0386,0.00107,0.106,115.997,4,0,6,3.23,Medium popularity
PALAZZO,"SPINALL, Asake",latin,46,2022-05-13,2022,5,2020s,0.659,0.819,-9.024,0.0435,0.441,0.0973,0.0,0.0534,116.054,4,1,5,3.1,Medium popularity
Buga (Lo Lo Lo),"Kizz Daniel, Tekno",latin,55,2022-05-03,2022,5,2020s,0.716,0.92,-7.104,0.104,0.961,0.105,0.00222,0.296,115.991,4,1,8,3.05,Medium popularity
No Wahala,1da Banton,latin,54,2021-07-02,2021,7,2020s,0.639,0.808,-7.244,0.231,0.612,0.147,0.0281,0.621,105.016,4,0,11,2.7,Medium popularity
Ototo,Asake,latin,60,2022-09-07,2022,9,2020s,0.58,0.805,-7.924,0.403,0.886,0.078,0.000361,0.382,130.672,5,0,0,2.61,Medium popularity
love nwantiti (ah ah ah) [feat. Joeboy & Kuami Eugene] [Remix],"CKay, Joeboy, Kuami Eugene",latin,58,2020-02-13,2020,2,2020s,0.708,0.655,-6.403,0.113,0.525,0.141,0.00117,0.568,186.017,4,0,5,3.13,Medium popularity
Loaded,"Tiwa Savage, Asake",latin,50,2022-11-07,2022,11,2020s,0.718,0.741,-6.767,0.371,0.627,0.0588,0.0,0.124,114.125,4,0,9,2.6,Medium popularity
Soundgasm,Rema,latin,60,2021-06-10,2021,6,2020s,0.525,0.805,-7.376,0.0779,0.693,0.0638,0.00203,0.119,100.033,4,0,6,3.41,Medium popularity
Champion Sound,"Davido, Focalistic",latin,44,2021-11-19,2021,11,2020s,0.475,0.861,-11.952,0.0708,0.248,0.0537,0.322,0.0325,113.016,4,0,1,3.96,Medium popularity
"WATAWI (feat. Davido, Focalistic & Abidoza)","CKay, Focalistic, Davido, Abidoza",latin,42,2022-06-17,2022,6,2020s,0.653,0.871,-6.234,0.0883,0.51,0.0505,0.403,0.623,112.995,4,0,1,5.1,Medium popularity
B. D’OR (feat. Wizkid),"Burna Boy, Wizkid",latin,53,2021-12-14,2021,12,2020s,0.658,0.873,-8.031,0.0999,0.483,0.108,0.0061,0.00858,104.033,4,0,4,3.16,Medium popularity
Peru,Fireboy DML,latin,51,2021-07-21,2021,7,2020s,0.415,0.951,-6.847,0.0792,0.633,0.077,0.00403,0.572,108.014,4,0,7,2.53,Medium popularity
Mood (feat. BNXN),"Wizkid, Bnxn",latin,60,2021-08-27,2021,8,2020s,0.7,0.897,-2.776,0.12,0.755,0.117,0.009,0.0193,101.944,4,0,1,3.5,Medium popularity
Joro,Wizkid,latin,63,2019-09-30,2019,9,2010s,0.694,0.686,-3.693,0.109,0.587,0.257,0.000904,0.253,189.998,4,0,7,4.38,Medium popularity
Ginger (feat. Burna Boy),"Wizkid, Burna Boy",latin,62,2020-10-29,2020,10,2020s,0.749,0.545,-6.621,0.232,0.681,0.153,0.0,0.103,100.503,4,0,4,3.27,Medium popularity
Let Dem Kno,"Smallgod, Tiwa Savage, Kwesi Arthur",latin,34,2021-06-18,2021,6,2020s,0.511,0.847,-6.69,0.268,0.676,0.0724,0.0128,0.00723,109.033,4,1,11,2.97,Low popularity
True Love (feat. Tay Iwar & Projexx),"Wizkid, Tay Iwar, Projexx",latin,58,2020-10-29,2020,10,2020s,0.542,0.85,-3.602,0.079,0.622,0.167,4.9e-05,0.229,119.747,5,0,4,4.12,Medium popularity
Tinkerbell (feat. Wizkid),"R2Bees, Wizkid",latin,32,2021-11-25,2021,11,2020s,0.715,0.736,-3.019,0.137,0.706,0.112,0.0,0.626,96.11,4,1,5,3.06,Low popularity
Free My Mind,Omah Lay,latin,44,2021-11-12,2021,11,2020s,0.37,0.771,-10.813,0.086,0.941,0.0441,0.363,0.426,94.893,4,0,6,2.93,Medium popularity
Feeling,"LADIPOE, Bnxn",latin,59,2021-05-07,2021,5,2020s,0.575,0.615,-6.515,0.324,0.552,0.4,4.27e-06,0.26,134.791,5,0,7,3.73,Medium popularity
Ameno Amapiano Remix (You Wanna Bamba),"Goya Menor, Nektunez",latin,54,2022-01-07,2022,1,2020s,0.898,0.807,-5.837,0.0824,0.743,0.0393,0.000395,0.188,112.998,4,0,6,3.79,Medium popularity
Trouble,"R-Wan, Minz",latin,22,2022-01-28,2022,1,2020s,0.651,0.79,-8.02,0.104,0.544,0.105,0.00872,0.284,109.953,4,1,1,2.7,Low popularity
Colours,Kid AlpHa,latin,51,2021-04-23,2021,4,2020s,0.534,0.904,-6.768,0.048,0.732,0.166,0.00706,0.0345,103.045,4,1,2,3.07,Medium popularity
It's Plenty,Burna Boy,latin,65,2022-07-07,2022,7,2020s,0.565,0.776,-10.609,0.308,0.53,0.105,8.81e-05,0.36,107.035,4,1,7,3.62,Medium popularity
風林火山 ～月冴ゆ夜～,"Hiromitsu Agatsuma, Chen Min, Akira Senju",world,39,2007-08-08,2007,8,2000s,0.832,0.491,-5.606,0.0436,0.375,0.0371,0.822,0.00287,164.852,4,0,2,3.54,Low popularity
Toyohashi-matsuri (Toyohashi Festival) - Onibi (Demon Flame),Tomoe-Ryu Yutakadaiko,world,29,2007-01-01,2007,1,2000s,0.419,0.41,-17.154,0.0721,0.247,0.0592,0.878,0.847,83.799,4,1,0,10.91,Low popularity
A Ri Rang,Hideo Osaka Ensemble,world,28,2006-03-07,2006,3,2000s,0.0341,0.266,-23.265,0.106,0.0738,0.0351,4.21e-06,0.985,81.658,4,1,7,1.64,Low popularity
Haneko odori (Bouncing Dance),Tomoe-Ryu Yutakadaiko,world,30,2007-01-01,2007,1,2000s,0.301,0.506,-15.984,0.384,0.497,0.0458,0.79,0.569,114.346,4,0,4,3.6,Low popularity
Samurai Song,Hideo Osaka Ensemble,world,30,2006-03-07,2006,3,2000s,0.155,0.267,-24.627,0.138,0.386,0.0502,0.28,0.954,72.199,3,0,10,2.27,Low popularity
Musashi Mai Uchi,Joji Hirota Taiko Drummers,world,26,2004-01-01,2004,1,2000s,0.401,0.588,-16.749,0.106,0.158,0.121,0.927,0.801,99.7,4,1,3,5.52,Low popularity
Haru no Umi,Masayo Ishigure,world,27,2001-01-01,2001,1,2000s,0.259,0.426,-12.203,0.138,0.338,0.0428,0.767,0.989,90.047,4,0,9,7.19,Low popularity
じょんがら 健一,Yoshida Brothers,world,24,2020-01-08,2020,1,2020s,0.599,0.508,-13.285,0.0824,0.377,0.0793,0.96,0.753,145.895,4,1,5,3.76,Low popularity
Yamaguchi Sansa Odoriuta,Shogetsu Watanabe,world,21,2011-11-08,2011,11,2010s,0.216,0.617,-19.88,0.135,0.651,0.045,0.424,0.958,131.186,4,1,8,2.49,Low popularity
Kurama Yama,Ensemble Kineya,world,22,2009-01-26,2009,1,2000s,0.228,0.554,-15.804,0.27,0.289,0.0976,1.22e-05,0.901,93.573,4,1,5,17.71,Low popularity
Japanese Traditional Music,Traditional Japanese Music,world,27,2011-02-03,2011,2,2010s,0.304,0.573,-12.725,0.102,0.626,0.0916,0.971,0.979,116.616,4,0,1,1.18,Low popularity
Harusame,Matsu Take Ensemble,world,19,2017-06-23,2017,6,2010s,0.132,0.352,-14.51,0.0675,0.386,0.036,0.533,0.988,126.101,4,0,7,4.77,Low popularity
Otoko-koko-ni Ariki (This is the man),Wadaiko Matsuriza,world,26,2002-01-01,2002,1,2000s,0.279,0.438,-23.868,0.118,0.372,0.0626,0.958,0.837,173.186,3,1,7,4.86,Low popularity
Deha,The Kyoto Nohgaku Kai,world,18,2016-04-18,2016,4,2010s,0.0734,0.604,-20.326,0.0684,0.293,0.076,0.0103,0.852,97.917,3,1,6,2.67,Low popularity
Japanese Tea Ceremony,Music Time,world,22,2015-11-11,2015,11,2010s,0.326,0.467,-8.425,0.18,0.521,0.0264,0.931,0.883,169.856,4,0,9,3.13,Low popularity
暁 Akatsuki,Kodo,world,19,2011-01-22,2011,1,2010s,0.29,0.415,-22.68,0.11,0.159,0.0407,0.943,0.475,110.38,4,1,1,4.61,Low popularity
Japanese Drums,Japanese Taiko Drums,world,20,2011-03-02,2011,3,2010s,0.787,0.538,-11.566,0.0999,0.783,0.075,0.922,0.629,109.101,4,1,7,1.47,Low popularity
Japanese Peace Song,Asian Traditional Music,world,22,2010-06-30,2010,6,2010s,0.00293,0.294,-16.099,0.0708,0.658,0.0516,0.000331,0.994,115.722,3,1,0,1.36,Low popularity
Timelapse,"Uno Helmersson, Mari Samuelsen, Jesper Söderqvist, Gunnar Flagstad, TrondheimSolistene",ambient,42,2017-09-01,2017,9,2010s,0.181,0.223,-15.087,0.129,0.179,0.0431,0.262,0.882,105.181,4,0,7,2.68,Medium popularity
Near Light,"Ólafur Arnalds, Mari Samuelsen, Hakon Samuelsen, TrondheimSolistene",ambient,34,2017-09-01,2017,9,2010s,0.124,0.162,-12.6,0.107,0.0686,0.0431,0.602,0.961,132.077,4,1,2,2.99,Low popularity
The Mist: Pt. 1,"Frans Bak, Mari Samuelsen, Hakon Samuelsen, Keld Haaning Ibsen, TrondheimSolistene",ambient,20,2017-09-01,2017,9,2010s,0.0663,0.137,-18.334,0.154,0.0596,0.0404,0.623,0.983,75.588,4,0,0,4.75,Low popularity
The Mist: Pt. 2,"Frans Bak, Mari Samuelsen, Hakon Samuelsen, Keld Haaning Ibsen, TrondheimSolistene",ambient,17,2017-09-01,2017,9,2010s,0.196,0.189,-14.51,0.112,0.106,0.0426,0.457,0.987,135.98,3,0,0,2.5,Low popularity
The Mist: Pt. 3,"Frans Bak, Mari Samuelsen, Hakon Samuelsen, Keld Haaning Ibsen, TrondheimSolistene",ambient,17,2017-09-01,2017,9,2010s,0.0391,0.252,-21.635,0.359,0.13,0.0398,0.655,0.951,67.4,3,1,8,2.56,Low popularity
Darf ich ...,"Arvo Pärt, Mari Samuelsen, TrondheimSolistene",ambient,14,2017-09-01,2017,9,2010s,0.0193,0.2,-17.298,0.0953,0.0382,0.0438,0.0058,0.961,100.334,4,0,6,3.71,Low popularity
Love & Rage,"Johan Söderqvist, Mari Samuelsen, TrondheimSolistene",ambient,15,2017-09-01,2017,9,2010s,0.138,0.233,-15.585,0.136,0.0346,0.0403,0.373,0.904,87.528,4,0,4,3.23,Low popularity
"Study In Rituals, Prelude","Mari Samuelsen, Hakon Samuelsen, Johan Söderqvist, Uno Helmersson, TrondheimSolistene",ambient,18,2017-09-01,2017,9,2010s,0.0172,0.159,-31.017,0.102,0.0297,0.0474,0.988,0.941,74.931,4,0,4,3.6,Low popularity
Ana Delay,Kanari Music,arabic,12,2024-08-14,2024,8,2020s,0.336,0.454,-12.76,0.288,0.4,0.0308,0.709,0.943,149.638,4,0,2,1.62,Low popularity
Kolaymi,"Brian Keane, Omar Faruk Tekbilek",arabic,35,1992-01-01,1992,1,1990s,0.251,0.522,-20.421,0.064,0.414,0.0399,0.935,0.802,152.037,4,0,7,5.33,Low popularity
Last Moments of Love,Omar Faruk Tekbilek,arabic,26,2010-09-07,2010,9,2010s,0.295,0.251,-15.441,0.0868,0.597,0.0335,0.947,0.916,155.936,4,1,10,4.93,Low popularity
鸿影,变奏的梦想,world,44,2018-05-16,2018,5,2010s,0.106,0.643,-15.241,0.0905,0.262,0.0351,0.937,0.962,143.972,4,0,1,4.56,Medium popularity
Dance of The Lotus,Yume.Play,world,41,2024-07-19,2024,7,2020s,0.4,0.686,-8.546,0.349,0.293,0.0412,0.678,0.514,147.941,4,0,6,2.19,Medium popularity
灵魂的和谐,赵燮,world,41,2024-02-23,2024,2,2020s,0.106,0.389,-19.97,0.417,0.161,0.0281,0.844,0.983,135.693,4,1,7,2.44,Medium popularity
晨风,赵燮,world,34,2024-11-06,2024,11,2020s,0.0281,0.51,-19.711,0.228,0.239,0.0378,0.956,0.759,115.416,4,0,2,1.86,Low popularity
长安不良帅 - 变奏版,小vie,world,37,2024-05-09,2024,5,2020s,0.328,0.483,-11.602,0.215,0.139,0.0292,0.413,0.888,82.981,4,0,9,3.05,Low popularity
壊れやすい心,hopeless_0taku,world,36,2024-10-24,2024,10,2020s,0.202,0.564,-14.361,0.0971,0.168,0.0311,0.967,0.931,113.956,4,0,5,1.66,Low popularity
Crimson Lanterns,Kuroki,world,32,2024-11-06,2024,11,2020s,0.147,0.796,-16.089,0.0927,0.568,0.0472,0.946,0.501,97.493,4,1,11,1.85,Low popularity
风和树叶,浩宇,world,32,2024-11-06,2024,11,2020s,0.23,0.474,-17.34,0.0957,0.343,0.0345,0.855,0.101,68.529,4,0,3,1.83,Low popularity
缥缃醉 - 纯音乐,"刘珂矣, 百慕三石",world,39,2016-01-05,2016,1,2010s,0.309,0.655,-6.787,0.122,0.14,0.0287,0.116,0.946,135.783,4,0,11,3.75,Low popularity
情缘,小vie,world,31,2024-08-25,2024,8,2020s,0.321,0.18,-12.766,0.531,0.04,0.029,0.243,0.716,89.265,4,0,7,2.79,Low popularity
Lotus,Kuroki,world,31,2024-11-06,2024,11,2020s,0.272,0.625,-15.776,0.1,0.284,0.0287,0.462,0.00219,143.741,4,1,1,2.0,Low popularity
Mystic Cascade,Yume.Play,world,37,2024-07-19,2024,7,2020s,0.192,0.62,-10.819,0.0979,0.225,0.0345,0.435,0.424,120.152,4,0,4,2.13,Low popularity
暖かい,hopeless_0taku,world,33,2024-10-24,2024,10,2020s,0.26,0.388,-10.388,0.109,0.0441,0.0326,0.728,0.974,116.501,4,0,4,1.17,Low popularity
无条件的爱,赵燮,world,39,2024-02-23,2024,2,2020s,0.195,0.404,-16.008,0.48,0.356,0.0356,0.653,0.914,116.915,4,0,8,1.71,Low popularity
The Night Whisperer,Kuroki,world,32,2024-11-06,2024,11,2020s,0.135,0.503,-18.121,0.107,0.532,0.0377,0.931,0.95,118.0,4,0,1,1.48,Low popularity
风之歌,浩宇,world,33,2024-11-06,2024,11,2020s,0.125,0.315,-18.076,0.139,0.295,0.0329,0.971,0.846,86.05,4,0,2,1.63,Low popularity
"跨越千山,仍未见你的模样","变奏的梦想, 喵步小雨中",world,35,2019-06-04,2019,6,2010s,0.223,0.579,-14.545,0.166,0.0634,0.0284,0.905,0.848,96.001,4,0,6,4.4,Low popularity
跳舞的叶子,浩宇,world,33,2024-11-06,2024,11,2020s,0.0379,0.462,-25.122,0.0586,0.475,0.0381,0.918,0.972,67.539,4,0,2,2.0,Low popularity
Nature's Wishes,Yume.Play,world,36,2024-07-19,2024,7,2020s,0.327,0.721,-11.461,0.103,0.211,0.0298,0.656,0.716,133.935,4,0,6,2.15,Low popularity
暖山 - 纯音乐,"刘珂矣, 百慕三石",world,41,2019-01-16,2019,1,2010s,0.23,0.465,-13.52,0.101,0.143,0.0309,0.581,0.894,139.957,4,0,7,4.6,Medium popularity
如絲古風（輕音樂）,原調音樂,world,35,2023-04-26,2023,4,2020s,0.13,0.688,-13.376,0.165,0.302,0.0658,0.866,0.943,128.073,4,0,4,2.31,Low popularity
被遗忘者的故事,浩宇,world,30,2024-11-06,2024,11,2020s,0.0869,0.687,-16.182,0.176,0.49,0.0349,0.95,0.894,144.325,4,0,7,1.83,Low popularity
The Night's Tranquility,Kuroki,world,35,2024-07-22,2024,7,2020s,0.155,0.606,-15.136,0.143,0.642,0.0308,0.927,0.71,83.977,4,1,0,1.93,Low popularity
重生的生命,赵燮,world,36,2024-02-21,2024,2,2020s,0.277,0.721,-12.63,0.267,0.187,0.0334,0.545,0.856,132.057,5,0,5,1.94,Low popularity
Promise of Prosperity,Yume.Play,world,34,2024-03-15,2024,3,2020s,0.386,0.519,-12.732,0.375,0.313,0.0375,0.773,0.68,142.127,4,0,3,2.08,Low popularity
朝花夕拾,小vie,world,24,2022-07-22,2022,7,2020s,0.254,0.443,-15.122,0.075,0.136,0.0303,7.61e-06,0.228,153.975,4,0,5,2.68,Low popularity
闪亮的月亮,浩宇,world,33,2024-11-06,2024,11,2020s,0.0727,0.482,-21.779,0.0993,0.37,0.0358,0.953,0.949,129.911,4,0,2,1.23,Low popularity
Enchanted Journeys,Yume.Play,world,36,2024-03-08,2024,3,2020s,0.394,0.701,-12.084,0.276,0.0554,0.0409,0.933,0.356,132.168,4,0,3,2.3,Low popularity
Summer in Fujian,Kuroki,world,37,2024-07-22,2024,7,2020s,0.301,0.696,-9.667,0.15,0.488,0.0342,0.603,0.581,82.986,4,1,11,1.93,Low popularity
湖边小路,赵燮,world,37,2024-02-23,2024,2,2020s,0.201,0.326,-13.826,0.161,0.218,0.0338,0.00723,0.692,113.001,4,1,3,1.51,Low popularity
A Mild Tale Untold,HOYO-MiX,world,36,2024-03-27,2024,3,2020s,0.107,0.502,-16.535,0.182,0.403,0.032,0.57,0.986,139.803,4,1,7,1.6,Low popularity
风誓 - 纯音乐,"刘珂矣, 百慕三石",world,37,2019-01-16,2019,1,2010s,0.281,0.465,-15.446,0.343,0.174,0.0254,0.609,0.536,75.019,4,0,9,4.15,Low popularity
生锈的叶子,浩宇,world,27,2024-11-06,2024,11,2020s,0.151,0.662,-16.44,0.165,0.322,0.0346,0.942,0.317,85.976,3,0,9,2.0,Low popularity
穿过开阔的田野,赵燮,world,28,2024-11-06,2024,11,2020s,0.165,0.709,-18.894,0.205,0.537,0.068,0.945,0.853,145.91,4,0,4,1.66,Low popularity
Mist Veil Over Falls,Yume.Play,world,33,2024-07-19,2024,7,2020s,0.14,0.621,-12.355,0.18,0.279,0.039,0.89,0.921,135.982,3,0,1,1.74,Low popularity
黯然,小vie,world,31,2024-03-13,2024,3,2020s,0.341,0.385,-11.199,0.17,0.133,0.0327,0.056,0.901,80.046,4,0,6,3.02,Low popularity
Painted Heart,"Kuroki, Yume.Play",world,34,2024-02-14,2024,2,2020s,0.324,0.695,-10.746,0.373,0.207,0.03,0.236,0.719,144.087,4,0,2,3.22,Low popularity
Quiet Reflections,Lemage,world,21,2024-11-08,2024,11,2020s,0.107,0.68,-19.484,0.105,0.392,0.0363,0.902,0.992,100.045,4,0,1,2.0,Low popularity
Serenade of The wind,Yume.Play,world,37,2024-03-22,2024,3,2020s,0.258,0.57,-11.248,0.624,0.174,0.0292,0.682,0.665,134.008,4,0,5,3.23,Low popularity
清狂《只画水墨》游戏插曲 - 洞箫版,小vie,world,31,2020-10-26,2020,10,2020s,0.313,0.446,-13.04,0.189,0.076,0.0401,0.388,0.878,125.0,4,0,4,3.05,Low popularity
Serenity,Yume.Play,world,36,2024-03-22,2024,3,2020s,0.385,0.598,-11.237,0.164,0.104,0.0284,0.805,0.325,68.999,4,0,8,3.71,Low popularity
Winding River,Lemage,world,34,2024-04-21,2024,4,2020s,0.195,0.419,-17.166,0.451,0.189,0.0344,0.0194,0.925,79.933,4,0,4,1.8,Low popularity
Mezame,Yume.Play,world,39,2023-06-02,2023,6,2020s,0.493,0.641,-9.542,0.605,0.0555,0.0295,0.624,0.0261,120.101,4,0,9,3.34,Low popularity
月亮的传说,赵燮,world,33,2024-03-01,2024,3,2020s,0.314,0.243,-13.96,0.315,0.207,0.0328,0.56,0.658,142.295,4,0,7,2.14,Low popularity
Fallen Kingdom,Yume.Play,world,36,2024-03-22,2024,3,2020s,0.252,0.422,-14.018,0.272,0.0776,0.045,0.896,0.925,129.869,4,0,8,3.45,Low popularity
巫女,浩宇,world,26,2024-11-06,2024,11,2020s,0.124,0.771,-22.334,0.09,0.409,0.059,0.902,0.85,95.992,3,0,9,1.63,Low popularity
Endless Love,"Kuroki, Yume.Play",world,35,2024-02-01,2024,2,2020s,0.295,0.762,-10.089,0.151,0.345,0.0364,0.921,0.758,134.087,4,0,5,4.39,Low popularity
永恒的雨,赵燮,world,31,2024-03-01,2024,3,2020s,0.318,0.571,-15.924,0.309,0.134,0.0322,0.59,0.802,77.178,4,0,11,2.29,Low popularity
Windy Hill,"Kuroki, Lemage",world,34,2024-01-19,2024,1,2020s,0.286,0.699,-14.09,0.364,0.47,0.0356,0.81,0.666,148.042,4,0,11,2.84,Low popularity
江上清风游,变奏的梦想,world,36,2015-05-31,2015,5,2010s,0.153,0.622,-15.447,0.101,0.137,0.0385,0.917,0.941,80.004,4,0,6,4.5,Low popularity
Lotus Rain,Kuroki,world,35,2024-01-23,2024,1,2020s,0.326,0.772,-10.038,0.395,0.207,0.0409,0.847,0.673,139.943,4,0,9,3.14,Low popularity
心的旅程,浩宇,world,25,2024-11-06,2024,11,2020s,0.487,0.752,-13.482,0.0718,0.639,0.0651,0.718,0.224,102.996,4,0,7,1.54,Low popularity
恬靜古風（輕音樂）,原調音樂,world,27,2023-04-26,2023,4,2020s,0.201,0.768,-10.335,0.125,0.379,0.0512,0.932,0.974,128.096,4,1,2,2.31,Low popularity
Walala Wasala,"Sam Deep, Zuma, LeeMcKrazy, The Bless",afrobeats,14,2024-11-21,2024,11,2020s,0.641,0.779,-12.699,0.022,0.405,0.095,0.00779,0.0147,113.95,4,0,10,6.77,Low popularity
"Biri Marung (feat. Sje Konka, Focalistic, DJ Maphorisa, Scotts Maphuma & CowBoii)","Mr Pilato, Ego Slimflow, Tebogo G Mashego, SJE Konka, Focalistic, DJ Maphorisa, Scotts Maphuma, CowBoii",afrobeats,63,2024-11-08,2024,11,2020s,0.588,0.848,-10.935,0.0523,0.301,0.0532,0.00485,0.00115,113.002,4,1,9,7.58,Medium popularity
Wishi Wishi (feat. Scotts Maphuma & Young Stunna),"Kabza De Small, Vigro Deep, DJ Maphorisa, Scotts Maphuma, Young Stunna",afrobeats,64,2024-10-18,2024,10,2020s,0.622,0.861,-12.417,0.253,0.413,0.0727,7.79e-05,0.0632,112.009,4,1,1,6.36,Medium popularity
Iza Mawala (feat. Dladla Mshunqisi & Goldmax),"Tycoon, Sly, Kabza De Small, Dladla Mshunqisi, Goldmax",afrobeats,58,2024-10-18,2024,10,2020s,0.675,0.837,-15.098,0.0746,0.472,0.0592,0.814,0.0117,113.008,4,0,10,6.58,Medium popularity
Ucingo,"Zee Nxumalo, Sly, GL_Ceejay, Kabza De Small, Shakes & Les",afrobeats,44,2024-11-15,2024,11,2020s,0.18,0.698,-15.899,0.206,0.513,0.927,1.34e-06,0.933,138.178,4,1,1,0.95,Medium popularity
Shayi'Moto (feat. Seemah & Yanda Woods),"Mellow & Sleazy, Scotts Maphuma, Mr Pilato, Seemah, Yanda Woods",afrobeats,54,2024-11-08,2024,11,2020s,0.773,0.853,-10.387,0.0908,0.513,0.0565,0.0175,0.0275,112.002,4,0,1,7.43,Medium popularity
"Intsango (feat. Marsey, CowBoii, Khalil Harrison, Ceeka RSA & Tyrone Dee)","Tyler ICU, DJ Exit, Khalil Harrison, Marsey, CowBoii, Ceeka RSA, Tyrone Dee",afrobeats,45,2024-11-15,2024,11,2020s,0.54,0.831,-9.928,0.0867,0.232,0.0737,0.814,0.0052,113.005,4,0,10,6.07,Medium popularity
Amakhehla,"Vigro Deep, Freddy K, Mr. JazziQ, Scotts Maphuma, CowBoii",afrobeats,48,2024-11-08,2024,11,2020s,0.878,0.839,-5.279,0.0799,0.562,0.0522,0.000947,0.134,111.996,4,1,2,7.43,Medium popularity
Yebo Lapho (Gogo) (feat. DJ Maphorisa & Djy Biza),"Felo Le Tee, Scotts Maphuma, Thabza Tee, DJ Maphorisa, Djy Biza",afrobeats,63,2024-07-03,2024,7,2020s,0.933,0.831,-7.137,0.0577,0.608,0.043,0.0115,0.00132,113.0,4,1,1,7.08,Medium popularity
"Abo Nokthula (feat. The Exclusive SA, Scotts Maphuma, Kabelo Sings, Bontle Smith, 2woshort & Stompiiey)","TNK MusiQ, LeeMcKrazy, Seun1401, The Exclusive SA, Scotts Maphuma, Kabelo Sings, Bontle Smith, 2woshort, Stompiiey",afrobeats,53,2024-10-18,2024,10,2020s,0.539,0.943,-8.398,0.041,0.45,0.0632,0.00351,0.0512,112.008,4,0,5,6.14,Medium popularity
Zase England,"Blacko SA, Mellow & Sleazy, Scotts Maphuma",afrobeats,62,2024-09-27,2024,9,2020s,0.582,0.872,-11.882,0.0653,0.31,0.0671,0.0,0.0417,112.014,4,1,1,6.16,Medium popularity
Khuphuka,"Royal MusiQ, 2woBunnies, Djy Biza",afrobeats,52,2024-08-23,2024,8,2020s,0.402,0.908,-11.343,0.0502,0.421,0.0996,0.044,0.0188,112.023,4,1,1,5.18,Medium popularity
"Khuluma (feat. LilyFaith, Lowsheen & Theo Kgosinkwe)","OSKIDO, Master KG, MaWhoo, LilyFaith, Lowsheen, Theo Kgosinkwe",afrobeats,38,2024-11-15,2024,11,2020s,0.773,0.873,-7.802,0.0223,0.836,0.065,0.062,0.0351,113.018,4,1,8,5.99,Low popularity
Lalela,"Amu Classic, Kappie, Djy Vino, Eemoh, Mpho Spizzy, Chronic Killer",afrobeats,45,2024-10-25,2024,10,2020s,0.41,0.736,-14.474,0.105,0.548,0.0589,2.49e-05,0.00577,111.998,4,1,1,7.57,Medium popularity
"Endofaya (feat. Eltee, Springle, ChocoDynasty & Mankay)","Pushkin RSA, Eltee, Springle, Choco Dynasty, ManKay",afrobeats,42,2024-11-01,2024,11,2020s,0.691,0.861,-8.866,0.0417,0.272,0.0556,0.00131,0.0182,119.986,4,1,1,4.43,Medium popularity
Diwa Kae,"De Mthuda, Kabza De Small, Young Stunna, Mkeyz, McKenzie, Mthunzi",afrobeats,48,2024-11-01,2024,11,2020s,0.573,0.867,-14.403,0.119,0.728,0.088,0.0015,0.00378,112.995,4,0,9,6.94,Medium popularity
Ng'limele (feat. Ceeka RSA),"Tyler ICU, Tumelo_za, Ceeka RSA",afrobeats,52,2024-10-25,2024,10,2020s,0.533,0.791,-13.866,0.0343,0.355,0.0638,0.895,0.00745,112.022,4,0,6,7.61,Medium popularity
ma thousand,Musa Keys,afrobeats,40,2024-11-08,2024,11,2020s,0.58,0.834,-14.663,0.0399,0.885,0.0972,0.424,0.048,113.005,4,0,6,4.57,Medium popularity
Pedi Ao Céu,Almir Guineto,brazilian,23,1999-01-01,1999,1,1990s,0.789,0.61,-7.859,0.106,0.757,0.0842,2.92e-06,0.457,91.086,4,0,5,3.59,Low popularity
Lama Nas Ruas,Almir Guineto,brazilian,20,1999-01-01,1999,1,1990s,0.651,0.535,-8.016,0.14,0.476,0.0532,0.0,0.575,145.203,4,1,9,5.1,Low popularity
Saco Cheio,Almir Guineto,brazilian,36,1999-01-01,1999,1,1990s,0.784,0.739,-7.253,0.128,0.807,0.194,0.0,0.552,105.006,4,1,5,2.47,Low popularity
Pagode Da Dona Ivone,Mauro Diniz,brazilian,18,2003-01-01,2003,1,2000s,0.659,0.556,-10.307,0.388,0.648,0.304,0.0,0.799,115.676,4,1,9,3.59,Low popularity
A Batucada Dos Nossos Tantãs,Grupo Fundo De Quintal,brazilian,48,1993-01-01,1993,1,1990s,0.876,0.626,-6.873,0.06,0.944,0.0882,0.0,0.205,100.767,4,0,7,3.32,Medium popularity
Menina da Colina,Grupo Fundo De Quintal,brazilian,26,1993-01-01,1993,1,1990s,0.815,0.507,-7.54,0.168,0.97,0.0911,0.0,0.345,102.461,4,1,4,3.97,Low popularity
No Nosso Fundo de Quintal,Grupo Fundo De Quintal,brazilian,17,1993-01-01,1993,1,1990s,0.919,0.442,-5.951,0.183,0.939,0.0689,0.0,0.753,89.059,4,0,6,3.71,Low popularity
"Benza, Deus",Luiz Carlos Da Vila,brazilian,12,2004-01-01,2004,1,2000s,0.535,0.744,-8.235,0.148,0.492,0.0821,0.0,0.755,93.972,4,0,4,4.24,Low popularity
"Vai Lá, Vai Lá",Grupo Fundo De Quintal,brazilian,44,1994-01-01,1994,1,1990s,0.853,0.543,-9.004,0.0303,0.922,0.105,1.46e-05,0.119,114.535,4,0,7,4.13,Medium popularity
Frasco Pequeno,Grupo Fundo De Quintal,brazilian,31,1994-01-01,1994,1,1990s,0.494,0.639,-12.344,0.136,0.897,0.0521,2.07e-06,0.397,146.45,4,1,9,3.41,Low popularity
Lucidez,Grupo Fundo De Quintal,brazilian,31,1991-01-01,1991,1,1990s,0.718,0.244,-7.665,0.189,0.406,0.0377,1.53e-05,0.652,93.026,4,1,4,3.75,Low popularity
A Amizade,Grupo Fundo De Quintal,brazilian,22,1991-01-01,1991,1,1990s,0.688,0.454,-8.636,0.449,0.763,0.0621,0.0,0.696,99.438,4,1,7,3.27,Low popularity
Hoje tem samba,"Arlindo Cruz, Sombrinha",brazilian,30,2002-06-06,2002,6,2000s,0.812,0.464,-8.908,0.112,0.87,0.244,0.0,0.668,92.934,3,0,4,3.67,Low popularity
A Luz do Vencedor,Luiz Carlos Da Vila,brazilian,20,2013-11-28,2013,11,2010s,0.66,0.63,-8.47,0.105,0.941,0.0382,2.34e-05,0.751,93.994,4,0,4,3.48,Low popularity
Gamação,Luiz Carlos Da Vila,brazilian,14,2013-11-28,2013,11,2010s,0.698,0.644,-7.94,0.134,0.966,0.0421,0.00797,0.688,94.517,4,1,9,3.18,Low popularity
Summer Dreaming,"Bingo Players, Pure Shores",pop,42,2024-05-22,2024,5,2020s,0.891,0.656,-5.287,0.108,0.928,0.0334,0.118,0.000184,123.975,4,1,5,3.05,Medium popularity
Tears on the Dance Floor,Icona Pop,pop,28,2023-12-01,2023,12,2020s,0.88,0.7,-6.799,0.211,0.341,0.0407,0.037,0.115,128.02,4,0,4,2.69,Low popularity
On My Love,"Zara Larsson, David Guetta",pop,52,2023-09-12,2023,9,2020s,0.688,0.492,-4.989,0.0881,0.316,0.046,0.0029,0.0724,123.069,4,0,10,3.72,Medium popularity
Helpless,Andreas Moe,pop,27,2024-08-16,2024,8,2020s,0.675,0.629,-6.158,0.201,0.623,0.0339,5.75e-05,0.0106,126.986,4,1,5,3.51,Low popularity
Satama,KUUMAA,pop,43,2023-11-30,2023,11,2020s,0.633,0.783,-6.052,0.059,0.886,0.0366,2.58e-05,0.0718,125.011,4,0,0,2.67,Medium popularity
Slutet av sommarn,Molly Sandén,pop,57,2024-05-31,2024,5,2020s,0.654,0.488,-6.607,0.244,0.53,0.0753,0.0,0.0252,199.688,4,1,3,2.3,Medium popularity
Hit The Ground,Lilly Ahlberg,pop,11,2024-01-05,2024,1,2020s,0.831,0.658,-4.809,0.108,0.288,0.0494,3e-05,0.0609,123.981,4,1,5,3.53,Low popularity
Svett,Peg Parnevik,pop,39,2024-04-05,2024,4,2020s,0.797,0.796,-5.002,0.131,0.921,0.0391,6.89e-05,0.047,130.021,4,1,3,3.1,Low popularity
Hot Fever Dream,Astrid S,pop,40,2024-05-03,2024,5,2020s,0.762,0.714,-5.24,0.34,0.962,0.0311,0.0,0.0465,120.028,4,1,4,2.46,Medium popularity
27,Albin Tingwall,pop,17,2024-06-07,2024,6,2020s,0.528,0.492,-12.991,0.254,0.319,0.0516,0.0,0.00617,135.014,4,1,2,3.29,Low popularity
ICONIC,"Raaban, Julie Bergan",pop,45,2024-08-02,2024,8,2020s,0.866,0.672,-5.607,0.139,0.646,0.083,0.000921,0.145,135.005,4,0,4,2.5,Medium popularity
Wanted It To Be You,Sigrid,pop,30,2023-10-27,2023,10,2020s,0.847,0.536,-3.52,0.0781,0.321,0.0498,1.74e-06,0.0656,129.934,4,1,7,2.99,Low popularity
You're Hired (feat. Ayra Starr),"NEIKED, Ayra Starr",pop,48,2023-09-29,2023,9,2020s,0.717,0.743,-4.732,0.144,0.853,0.0422,0.0,0.0562,105.988,4,1,0,2.99,Medium popularity
Hoida mut,Benjamin,pop,41,2023-01-12,2023,1,2020s,0.837,0.548,-5.405,0.222,0.436,0.0501,0.0,0.00325,163.427,4,0,9,3.01,Medium popularity
Tell Mama,ALMA,pop,18,2023-03-31,2023,3,2020s,0.701,0.682,-5.575,0.116,0.679,0.033,0.000112,0.0334,117.997,4,0,6,2.83,Low popularity
Sweat,Isak Danielson,pop,37,2024-05-24,2024,5,2020s,0.543,0.545,-6.69,0.153,0.513,0.035,0.0,0.249,94.086,4,0,5,3.33,Low popularity
Winter Song,Zara Larsson,pop,33,2023-12-01,2023,12,2020s,0.386,0.445,-8.281,0.104,0.197,0.0328,4.72e-06,0.823,80.967,4,1,1,3.08,Low popularity
Bloodline,Astrid S,pop,33,2024-05-24,2024,5,2020s,0.866,0.594,-5.416,0.0665,0.855,0.0404,0.00595,0.0876,130.037,4,0,4,3.05,Low popularity
Ingen e som solen,"Danny Saucedo, Mapei",pop,36,2023-06-30,2023,6,2020s,0.616,0.69,-5.198,0.102,0.0823,0.0769,7.41e-05,0.0564,99.927,4,0,4,2.69,Low popularity
Misemotional,sixten,pop,32,2023-10-06,2023,10,2020s,0.559,0.664,-8.809,0.0804,0.53,0.03,3.34e-05,0.135,125.021,4,1,1,3.58,Low popularity
Barn som deg,"Matoma, Gabrielle, Hver gang vi møtes",pop,20,2023-12-19,2023,12,2020s,0.689,0.677,-6.087,0.158,0.158,0.181,2.25e-05,0.0292,119.054,4,0,3,3.29,Low popularity
24 Hours,Agnes,pop,41,2021-05-21,2021,5,2020s,0.799,0.595,-5.714,0.148,0.666,0.0631,0.0,0.000895,119.931,4,0,3,4.02,Medium popularity
Effortless,Jacqline,pop,47,2024-03-02,2024,3,2020s,0.889,0.585,-4.693,0.143,0.645,0.0756,0.000132,0.00153,104.979,4,0,0,2.85,Medium popularity
För bra för att vara sant,Arwin,pop,42,2024-05-17,2024,5,2020s,0.641,0.599,-5.114,0.169,0.65,0.0424,0.0,0.1,115.963,4,1,2,3.05,Medium popularity
Kerran elämässä,Elias Kaskinen,pop,23,2021-05-07,2021,5,2020s,0.708,0.605,-7.677,0.242,0.444,0.0346,0.0,0.0137,114.006,4,0,8,3.86,Low popularity
Ingen annan,"Niello, Lisa Ajax",pop,15,2021-06-11,2021,6,2020s,0.595,0.492,-7.553,0.223,0.0921,0.212,0.0,0.205,125.261,3,0,4,2.99,Low popularity
Mirror,Sigrid,pop,44,2021-05-26,2021,5,2020s,0.689,0.735,-5.41,0.409,0.71,0.0513,0.00146,0.00381,116.94,4,0,7,2.6,Medium popularity
Lonely,LIAMOO,pop,24,2021-05-21,2021,5,2020s,0.825,0.644,-3.591,0.335,0.593,0.0388,0.0,0.0177,103.051,4,0,9,3.02,Low popularity
Ta på mig,Oscar Zia,pop,16,2021-05-28,2021,5,2020s,0.701,0.739,-8.151,0.112,0.722,0.15,0.0708,0.00538,110.054,4,0,1,3.38,Low popularity
Kysy mua ulos,Vesala,pop,22,2021-06-04,2021,6,2020s,0.84,0.662,-7.124,0.113,0.369,0.0357,0.0628,0.0128,124.018,4,1,1,3.2,Low popularity
Like U Used To,Eric Saade,pop,15,2021-06-11,2021,6,2020s,0.858,0.695,-5.105,0.193,0.345,0.0517,0.0,0.0505,109.984,4,0,9,2.97,Low popularity
Sommarn är över (feat. Eah Jé),"estraden, Eah Jé",pop,28,2021-08-13,2021,8,2020s,0.574,0.675,-7.019,0.104,0.571,0.0363,0.0,0.519,150.121,4,1,7,3.27,Low popularity
Frank Ocean,Julia Lov,pop,17,2021-08-13,2021,8,2020s,0.547,0.539,-6.675,0.106,0.282,0.0429,1.73e-06,0.333,101.96,4,1,9,2.61,Low popularity
Me ei kuuluta toisillemme,"Evelina, ANI",pop,29,2021-08-06,2021,8,2020s,0.82,0.556,-5.385,0.16,0.492,0.054,7.91e-05,0.19,102.094,4,1,8,3.75,Low popularity
Faller tillbaks,"Albin Johnsén, Moa Michaeli",pop,26,2021-08-27,2021,8,2020s,0.382,0.593,-10.968,0.119,0.731,0.0387,9.74e-06,0.822,123.741,4,1,4,2.81,Low popularity
Sämsta jag kan få,lovad,pop,20,2021-08-20,2021,8,2020s,0.593,0.879,-6.347,0.0344,0.853,0.0625,0.0,0.203,120.057,4,0,2,2.88,Low popularity
Kärlekssjuk,HON,pop,13,2021-09-03,2021,9,2020s,0.623,0.711,-7.822,0.127,0.78,0.0667,0.0,0.166,95.982,4,1,0,2.4,Low popularity
Hela dig,Felicia Takman,pop,13,2021-09-17,2021,9,2020s,0.35,0.641,-10.157,0.113,0.332,0.041,0.0,0.819,128.984,4,0,1,3.28,Low popularity
Någonstans i Stockholm,Alex Järvi,pop,20,2021-08-20,2021,8,2020s,0.736,0.622,-5.91,0.115,0.395,0.0343,0.0,0.014,145.141,4,1,9,3.18,Low popularity
Fruen fra havet,Zupermaria,pop,20,2021-09-24,2021,9,2020s,0.584,0.726,-8.015,0.58,0.116,0.0319,0.000271,0.0302,120.019,4,1,0,2.84,Low popularity
Kyssa dig nu,estraden,pop,24,2021-10-08,2021,10,2020s,0.527,0.77,-5.77,0.0577,0.688,0.0553,2.63e-05,0.454,89.983,4,1,2,2.38,Low popularity
Burning Bridges,Sigrid,pop,37,2021-08-25,2021,8,2020s,0.713,0.597,-5.35,0.11,0.37,0.0329,2.64e-05,0.000949,117.001,4,0,3,2.87,Low popularity
För mig själv,Alex Järvi,pop,20,2021-10-22,2021,10,2020s,0.707,0.658,-5.474,0.587,0.792,0.0509,0.0,0.0634,111.017,4,1,0,2.97,Low popularity
Allt som inte blir som jag vill att de ska vara,Felicia Takman,pop,16,2021-10-29,2021,10,2020s,0.8,0.666,-5.327,0.242,0.577,0.0304,0.0276,0.000363,145.06,4,1,1,3.1,Low popularity
let go,Andreas Wijk,pop,13,2021-09-17,2021,9,2020s,0.538,0.808,-5.889,0.0624,0.579,0.0482,0.0,0.0979,121.992,4,0,9,2.82,Low popularity
If It Weren’t For You,Christopher,pop,37,2021-09-10,2021,9,2020s,0.709,0.677,-3.867,0.173,0.459,0.098,0.0,0.00873,160.982,4,1,1,2.51,Low popularity
Diskotek,"Jesper Jenset, vinni",pop,26,2021-10-15,2021,10,2020s,0.498,0.808,-6.743,0.166,0.699,0.126,0.0,0.0532,98.995,4,1,6,2.34,Low popularity
Ain't Leaving Now,Vargas & Lagola,pop,29,2021-10-15,2021,10,2020s,0.81,0.453,-5.555,0.117,0.562,0.0352,0.0,0.00759,145.297,4,0,2,3.85,Low popularity
Sorry,Emma Steinbakken,pop,22,2021-09-10,2021,9,2020s,0.8,0.525,-5.713,0.31,0.477,0.0479,2.33e-06,0.0565,103.839,4,1,6,2.71,Low popularity
Flyg Fula Fluga Flyg,Hanna Ferm,pop,37,2021-11-05,2021,11,2020s,0.48,0.749,-6.77,0.178,0.737,0.0413,0.0,0.00607,128.001,4,1,4,2.66,Low popularity
Jag Kan Inte Dansa,Rymdpojken,pop,27,2021-10-22,2021,10,2020s,0.689,0.648,-6.376,0.0568,0.718,0.0676,0.0,0.0161,76.954,4,1,1,3.04,Low popularity
Vi ska aldrig gå hem,Molly Sandén,pop,35,2021-09-30,2021,9,2020s,0.672,0.704,-7.638,0.1,0.67,0.0455,0.00688,0.0165,125.007,4,1,1,3.26,Low popularity
Dark,LIAMOO,pop,15,2021-09-24,2021,9,2020s,0.776,0.503,-4.611,0.0897,0.451,0.0327,0.0,0.0718,89.939,4,0,6,2.85,Low popularity
Rulla eftertexten,Felicia Takman,pop,15,2021-10-29,2021,10,2020s,0.657,0.564,-6.959,0.198,0.54,0.0259,0.0,0.0851,90.012,4,1,9,3.44,Low popularity
Pixie's Parasol,Smith & Thell,pop,31,2021-10-22,2021,10,2020s,0.927,0.592,-5.278,0.663,0.678,0.0439,0.0,0.0138,135.997,4,1,7,3.05,Low popularity
Lonely In A Crowd (feat. Joakim Berg),"Miriam Bryant, Joakim Berg",pop,26,2021-10-29,2021,10,2020s,0.448,0.631,-8.838,0.12,0.43,0.0304,1.94e-06,0.253,96.98,4,1,9,3.66,Low popularity
Sing it back,Rebecca & Fiona,pop,17,2021-09-08,2021,9,2020s,0.814,0.525,-7.516,0.0947,0.467,0.0613,0.0327,0.104,117.796,4,0,0,4.38,Low popularity
Januari,L1NA,pop,13,2021-12-10,2021,12,2020s,0.456,0.658,-8.902,0.11,0.465,0.0578,1.76e-06,0.454,106.937,4,0,6,2.65,Low popularity
Love Me Blind,Molly Hammar,pop,25,2021-11-12,2021,11,2020s,0.609,0.341,-7.684,0.193,0.404,0.0374,0.0,0.108,127.757,4,0,7,3.79,Low popularity
Start Walking,Tove Styrke,pop,21,2021-10-22,2021,10,2020s,0.778,0.569,-6.638,0.0821,0.464,0.076,1.53e-05,0.039,180.121,4,0,4,3.25,Low popularity
Høyt over havet,Chris Holsten,pop,23,2022-01-21,2022,1,2020s,0.556,0.621,-9.144,0.0917,0.304,0.0484,0.0,0.068,116.895,4,1,8,2.93,Low popularity
Bon Voyage,Dotter,pop,18,2022-01-21,2022,1,2020s,0.811,0.689,-2.954,0.142,0.77,0.0372,0.00287,0.161,159.998,4,0,1,2.91,Low popularity
Jag Lovar,Norlie & KKV,pop,24,2022-01-28,2022,1,2020s,0.802,0.461,-4.779,0.318,0.488,0.0446,0.0,0.00341,155.144,4,0,7,2.81,Low popularity
Som du vill,Theo,pop,38,2022-02-05,2022,2,2020s,0.939,0.662,-3.98,0.212,0.551,0.0937,0.0,0.106,115.053,4,0,7,2.89,Low popularity
Sista sommaren,Thomas Stenström,pop,46,2022-04-22,2022,4,2020s,0.743,0.572,-4.813,0.134,0.772,0.027,0.0,0.0713,96.979,4,1,10,3.17,Medium popularity
Aldrig säga aldrig,Felicia Takman,pop,16,2022-04-01,2022,4,2020s,0.522,0.632,-8.968,0.0784,0.324,0.0615,0.0,0.173,140.07,4,1,5,3.17,Low popularity
För evigt,GULEED,pop,25,2022-05-06,2022,5,2020s,0.63,0.789,-6.766,0.227,0.687,0.0599,0.00506,0.0852,126.957,4,0,1,2.54,Low popularity
Musik Non Stop - Spotify Singles,Felicia Takman,pop,25,2022-05-13,2022,5,2020s,0.782,0.638,-6.04,0.129,0.29,0.0532,2.73e-05,0.0118,117.994,4,1,5,3.81,Low popularity
What You Were Made For,Måns Zelmerlöw,pop,22,2022-05-20,2022,5,2020s,0.717,0.587,-4.534,0.036,0.778,0.0554,0.0,0.00339,169.945,4,1,8,3.25,Low popularity
Fint i mörker,Veronica Maggio,pop,25,2022-05-20,2022,5,2020s,0.861,0.72,-7.601,0.0706,0.488,0.0852,0.000236,0.352,125.894,4,1,0,3.35,Low popularity
Bränner,Kim Cesarion,pop,15,2022-06-10,2022,6,2020s,0.732,0.761,-5.365,0.13,0.52,0.0459,0.0,0.25,90.022,4,1,4,3.14,Low popularity
Everyone,Grandi,pop,22,2022-06-17,2022,6,2020s,0.69,0.799,-6.413,0.254,0.404,0.107,0.000757,0.511,123.006,4,1,4,2.5,Low popularity
Only Good Die Young,Dotter,pop,19,2022-06-17,2022,6,2020s,0.709,0.694,-5.957,0.417,0.332,0.0374,9.55e-05,0.0516,121.948,4,1,4,2.83,Low popularity
Saknar inte dig - Moonshine Remix,"ALMEA, Moonshine",pop,26,2022-06-17,2022,6,2020s,0.705,0.73,-6.253,0.319,0.344,0.0377,0.0,0.446,100.038,4,1,3,2.8,Low popularity
Du & jag,Poolkant,pop,21,2022-06-17,2022,6,2020s,0.813,0.545,-8.315,0.0891,0.343,0.049,7.06e-06,0.0534,93.0,4,1,1,2.77,Low popularity
Det Är Slut,Hanna Ferm,pop,27,2022-08-26,2022,8,2020s,0.633,0.731,-5.226,0.0737,0.412,0.0408,0.0,0.12,130.986,4,1,5,2.61,Low popularity
Jag vill inte ha dig tillbaks,"Lancelot, Clara Klingenström",pop,35,2022-08-26,2022,8,2020s,0.547,0.603,-6.462,0.0894,0.186,0.0253,0.0,0.166,102.976,4,1,5,3.35,Low popularity
Hångel på balkongen,Clara Klingenström,pop,28,2022-10-07,2022,10,2020s,0.494,0.35,-6.472,0.331,0.0931,0.0306,0.0,0.192,146.553,4,1,4,2.83,Low popularity
Make It,Daniel Schulz,pop,11,2022-08-26,2022,8,2020s,0.744,0.652,-7.476,0.199,0.684,0.0374,0.0,0.434,142.968,4,0,2,2.75,Low popularity
Går emot dig,Klockrent!,pop,29,2022-10-21,2022,10,2020s,0.586,0.554,-6.178,0.0672,0.368,0.0507,0.0,0.0533,89.01,4,1,5,2.76,Low popularity
For evig,Chris Holsten,pop,28,2022-10-21,2022,10,2020s,0.509,0.517,-8.226,0.135,0.164,0.0335,0.0,0.127,94.874,4,1,7,3.34,Low popularity
Ihana kipu,"VIIVI, Robin Packalen",pop,48,2022-10-27,2022,10,2020s,0.649,0.68,-9.009,0.118,0.44,0.0561,1.21e-05,0.0976,140.063,4,1,7,3.13,Medium popularity
Om inte du (feat. Rasmus Wahlgren),"Emilia Pantic, Rasmus Wahlgren",pop,20,2022-10-28,2022,10,2020s,0.537,0.609,-6.635,0.293,0.364,0.0811,0.0,0.0182,89.988,4,1,2,2.89,Low popularity
Can’t Stay Away,Molly Hammar,pop,32,2022-11-05,2022,11,2020s,0.763,0.729,-6.238,0.202,0.679,0.0968,5.17e-05,0.0694,106.042,4,1,6,3.0,Low popularity
Sammumaton,BESS,pop,33,2022-11-03,2022,11,2020s,0.918,0.586,-4.798,0.0791,0.839,0.0555,0.00121,0.00343,160.036,4,0,0,3.17,Low popularity
Dear Sandman,EMMY,pop,30,2022-10-28,2022,10,2020s,0.672,0.681,-5.166,0.28,0.297,0.0421,0.0,0.0463,127.018,4,1,5,2.36,Low popularity
Över nu,HON,pop,13,2022-11-04,2022,11,2020s,0.865,0.68,-6.492,0.0858,0.572,0.0399,0.00143,0.356,127.033,4,0,2,3.28,Low popularity
Håper du har det bra,Jesper Jenset,pop,21,2022-11-25,2022,11,2020s,0.688,0.668,-7.573,0.112,0.788,0.103,0.0,0.105,79.757,4,0,1,2.48,Low popularity
Dansa fult,Felicia Takman,pop,21,2022-10-28,2022,10,2020s,0.762,0.443,-6.794,0.505,0.602,0.11,0.0,0.0189,193.766,4,1,5,2.52,Low popularity
Så nära,Molly Hammar,pop,47,2022-12-17,2022,12,2020s,0.412,0.55,-8.414,0.24,0.0986,0.0313,0.0,0.366,120.897,4,1,11,3.7,Medium popularity
N-Y-T,Benjamin,pop,25,2022-05-20,2022,5,2020s,0.741,0.652,-6.294,0.117,0.736,0.0484,1.28e-06,0.0319,125.977,4,0,7,3.07,Low popularity
Välkommen Åter,"Hanna Ferm, Junie",pop,47,2022-05-20,2022,5,2020s,0.675,0.775,-5.43,0.151,0.907,0.0734,0.0,0.133,139.968,4,1,0,2.93,Medium popularity
Superstar,Darin,pop,19,2022-05-13,2022,5,2020s,0.941,0.672,-3.345,0.121,0.578,0.0598,8.31e-06,0.00297,116.007,4,0,8,3.35,Low popularity
GAY,Benjamin,pop,36,2022-07-08,2022,7,2020s,0.794,0.698,-5.055,0.0785,0.913,0.0288,0.0,0.00857,130.967,4,0,7,2.87,Low popularity
Another Stranger,Hedda Mae,pop,14,2022-05-27,2022,5,2020s,0.663,0.621,-5.216,0.172,0.601,0.0412,0.0,0.0147,90.191,4,1,1,2.97,Low popularity
Lättdistraherad,Dotter,pop,17,2022-11-11,2022,11,2020s,0.812,0.745,-4.226,0.125,0.82,0.0369,0.0,0.067,121.004,4,1,0,3.03,Low popularity
Distant,Hanne Mjøen,pop,11,2022-10-28,2022,10,2020s,0.732,0.644,-5.214,0.106,0.696,0.0419,2.74e-06,0.12,154.999,4,1,6,2.48,Low popularity
Mehän vaan tanssittiin,Tuure Boelius,pop,17,2022-09-16,2022,9,2020s,0.696,0.78,-6.071,0.197,0.638,0.0418,6.66e-05,0.0076,107.011,4,0,8,2.92,Low popularity
Till Solen Brinner Ut,Rymdpojken,pop,23,2022-09-23,2022,9,2020s,0.79,0.395,-6.45,0.188,0.136,0.153,0.0,0.00312,74.933,5,1,7,3.32,Low popularity
It Ain't You,Hedda Mae,pop,11,2022-09-16,2022,9,2020s,0.662,0.717,-5.877,0.641,0.568,0.0388,0.0,0.0148,116.948,4,1,6,3.44,Low popularity
Arigato,Julie Bergan,pop,38,2016-06-10,2016,6,2010s,0.551,0.403,-5.615,0.528,0.315,0.0611,1.24e-05,0.00399,75.704,4,0,11,2.89,Low popularity
"Not Too Young, Pt. 2",Sabina Ddumba,pop,23,2016-02-05,2016,2,2010s,0.662,0.544,-7.462,0.107,0.196,0.121,1.35e-06,0.00418,91.989,4,1,3,3.8,Low popularity
Smaller,Erik Hassle,pop,25,2015-11-20,2015,11,2010s,0.728,0.405,-4.76,0.0777,0.342,0.0433,0.0,0.415,188.701,4,1,7,3.42,Low popularity
Worth Something,Isac Elliot,pop,12,2016-04-08,2016,4,2010s,0.839,0.666,-5.267,0.153,0.303,0.0916,0.0,0.124,123.069,4,1,8,3.59,Low popularity
High,Jesper Jenset,pop,29,2016-05-06,2016,5,2010s,0.8,0.486,-3.946,0.136,0.441,0.156,0.00281,0.263,100.008,4,0,0,2.98,Low popularity
Beautiful Heartbeat (feat. Frida Sundemo) - Radio Edit,"MORTEN, Frida Sundemo",pop,15,2016-01-15,2016,1,2010s,0.575,0.321,-8.598,0.0563,0.119,0.0811,0.000331,0.158,78.364,4,0,2,3.36,Low popularity
Euphoria,Loreen,pop,65,2012-10-19,2012,10,2010s,0.679,0.518,-5.406,0.0588,0.106,0.0355,4.85e-05,0.079,132.146,4,0,11,3.57,Medium popularity
Magical,"Tungevaag, Raaban",pop,29,2016-05-27,2016,5,2010s,0.912,0.504,-2.867,0.105,0.248,0.259,0.0,0.199,189.983,4,1,1,3.64,Low popularity
Spaceship,Comet Blue,pop,29,2016-01-08,2016,1,2010s,0.723,0.676,-7.213,0.0865,0.624,0.0292,0.00547,0.077,117.977,4,1,1,3.39,Low popularity
Lucky You,Linda Sundblad,pop,12,2011-02-27,2011,2,2010s,0.837,0.674,-1.618,0.328,0.943,0.0635,0.0286,0.16,123.001,4,0,11,2.95,Low popularity
All About The Games - Official Swedish Song For Rio 2016,John Lundvik,pop,11,2016-07-18,2016,7,2010s,0.769,0.624,-5.862,0.351,0.46,0.0504,0.0,0.000535,124.043,4,0,4,2.98,Low popularity
Hanging on to Nothing,Måns Zelmerlöw,pop,15,2016-08-26,2016,8,2010s,0.752,0.608,-5.652,0.108,0.486,0.0663,0.0,0.134,113.804,4,0,11,3.35,Low popularity
Au Volant,Elsa & Emilie,pop,41,2016-08-22,2016,8,2010s,0.58,0.506,-7.629,0.192,0.304,0.0355,0.223,0.476,127.973,4,0,8,3.26,Medium popularity
Alive,Madden,pop,34,2016-09-09,2016,9,2010s,0.715,0.488,-4.587,0.1,0.361,0.06,0.0,0.0202,95.996,4,1,8,3.38,Low popularity
A Million Years,Mariette,pop,28,2017-02-25,2017,2,2010s,0.679,0.497,-3.996,0.0583,0.191,0.0452,0.0,0.127,111.594,4,0,4,3.08,Low popularity
The Sun,Frida Sundemo,pop,27,2017-04-21,2017,4,2010s,0.429,0.341,-13.173,0.132,0.188,0.0467,0.352,0.892,125.868,4,1,6,4.32,Low popularity
Burn,LIAMOO,pop,12,2017-05-05,2017,5,2010s,0.716,0.587,-6.19,0.164,0.487,0.114,0.0,0.00649,102.038,4,1,9,2.87,Low popularity
Don't Tell Ma,Peg Parnevik,pop,17,2017-05-05,2017,5,2010s,0.804,0.647,-5.815,0.195,0.55,0.0658,0.0,0.0323,97.018,4,1,0,3.0,Low popularity
Too Good To Be True,Rhys,pop,14,2017-09-22,2017,9,2010s,0.656,0.669,-7.1,0.268,0.592,0.112,0.0,0.0991,102.062,4,1,0,3.35,Low popularity
Same Moon,Juliander,pop,20,2017-09-22,2017,9,2010s,0.494,0.612,-9.617,0.172,0.405,0.103,2.14e-06,0.381,79.315,4,0,9,3.38,Low popularity
Lovesick (feat. Liza Owen),"SJUR, Liza Owen",pop,21,2017-12-01,2017,12,2010s,0.695,0.705,-4.616,0.234,0.678,0.0327,0.0,0.0697,106.031,4,1,6,2.87,Low popularity
Strongest,Ina Wroldsen,pop,22,2018-06-29,2018,6,2010s,0.595,0.538,-7.398,0.161,0.334,0.112,6.48e-06,0.0874,183.736,4,1,0,3.46,Low popularity
Here With Me,Elina,pop,44,2018-08-10,2018,8,2010s,0.267,0.433,-10.419,0.0811,0.255,0.0469,0.0,0.681,93.072,4,1,7,3.27,Medium popularity
Alltid god,Impuls,pop,13,2019-01-26,2019,1,2010s,0.648,0.457,-6.458,0.139,0.503,0.0345,0.0,0.163,167.966,4,1,1,4.7,Low popularity
Den som e den,Molly Sandén,pop,37,2019-03-01,2019,3,2010s,0.797,0.671,-6.78,0.0829,0.524,0.267,1.65e-05,0.0162,118.071,4,0,0,3.36,Low popularity
Blue Flag / Fun Things,Jesper Jenset,pop,11,2019-03-01,2019,3,2010s,0.544,0.729,-8.003,0.222,0.701,0.105,0.0,0.171,80.989,4,1,10,3.61,Low popularity
Shadows,Alphabeat,pop,28,2019-03-01,2019,3,2010s,0.829,0.703,-4.964,0.0972,0.902,0.0335,1.43e-05,0.00092,122.098,4,0,5,2.76,Low popularity
STFU,Julie Bergan,pop,34,2019-03-01,2019,3,2010s,0.721,0.681,-6.07,0.53,0.532,0.0467,0.0,0.0494,101.974,4,0,1,2.23,Low popularity
Sight Of You,Sigrid,pop,36,2019-03-08,2019,3,2010s,0.85,0.69,-5.99,0.121,0.47,0.0405,3.56e-05,0.0155,129.918,4,1,4,3.96,Low popularity
Time Machine,Chris Holsten,pop,24,2018-08-24,2018,8,2010s,0.77,0.733,-6.706,0.324,0.393,0.26,7.39e-06,0.456,106.016,4,1,2,3.21,Low popularity
Say Something,Matilda,pop,13,2019-04-26,2019,4,2010s,0.542,0.605,-6.767,0.172,0.285,0.129,0.000158,0.593,171.867,4,1,5,3.6,Low popularity
Losing You,Oscar Stembridge,pop,14,2019-05-10,2019,5,2010s,0.793,0.696,-4.922,0.184,0.83,0.0655,9.86e-06,0.259,110.11,4,1,2,3.08,Low popularity
24,SKAAR,pop,14,2019-04-12,2019,4,2010s,0.663,0.593,-6.045,0.215,0.418,0.0375,7.58e-05,0.0162,154.865,4,0,5,2.62,Low popularity
Endaro Mahanubhavulu - Sri - Adi,"Tyagaraja, M. Balamuralikrishna",indian,19,2018-08-30,2018,8,2010s,0.533,0.484,-11.177,0.0847,0.667,0.133,0.0,0.903,148.813,4,0,0,12.86,Low popularity
Jaya Jaya - Dhanyasi - Adi,"Tyagaraja, M. Balamuralikrishna",indian,15,2018-08-30,2018,8,2010s,0.857,0.686,-3.946,0.243,0.863,0.103,0.0,0.888,126.412,4,1,4,12.46,Low popularity
Kalaharana - Atana - Adi,"Tyagaraja, M. Balamuralikrishna",indian,13,2018-08-30,2018,8,2010s,0.656,0.43,-8.58,0.046,0.761,0.0682,2.2e-06,0.677,92.121,3,1,7,5.75,Low popularity
Maha Ganapatim - Nata,T. N. Krishnan,indian,20,1991-01-01,1991,1,1990s,0.342,0.486,-21.4,0.397,0.302,0.195,0.0597,0.655,122.145,3,1,9,7.47,Low popularity
Bhaja Govindam,M. S. Subbulakshmi,indian,33,2013-01-18,2013,1,2010s,0.424,0.352,-8.009,0.242,0.605,0.0634,0.0,0.965,75.466,1,1,10,11.02,Low popularity
Varnam,Jayanthi Kumaresh,indian,22,2002-12-01,2002,12,2000s,0.349,0.471,-16.633,0.286,0.358,0.0656,0.945,0.975,147.193,4,1,8,6.57,Low popularity
"Sarasuda Varnam (Raga Saveri, Aadi Tala): Jaya Jaya (Raga Nattai, Khanda Chapu Tala)","Nirmala Rajasekar, Raghavendra Rao, Tanjore K. Murugaboopathi, V. Suresh",indian,18,2010-10-26,2010,10,2010s,0.595,0.436,-11.494,0.0939,0.87,0.0671,0.868,0.816,174.308,4,1,3,7.89,Low popularity
Raga Karnaranjani,Ganesh & Kumaresh,indian,23,2007-01-01,2007,1,2000s,0.591,0.489,-10.843,0.077,0.689,0.0813,0.927,0.948,174.76,1,0,8,4.98,Low popularity
Nagumomu - Abheri - Adi - Live,Sudha Ragunathan,indian,14,2016-12-08,2016,12,2010s,0.816,0.27,-3.815,0.317,0.591,0.0598,0.113,0.853,170.938,4,1,8,10.76,Low popularity
